place_time,place_sig,side,ticker,mint,user,pending,usdc,assets,price,staleness,placed_in_hours,fill_time,fill_sig,latency_s,order_id,asset_minted,asset_quoted,usdc_paid,usdc_quoted,fill_in_hours
2026-06-08 10:20:51,3R1zz6fdMopYosUkaygGQ6nyrMkGfGYNFQVQw8yhQQw4hdQcTT3Kop4m5p3JA2aJYLfxaXqLSfaqJQndeYfbcrGc,buy,?,,26DbLxVUgQPmmwwFNpoWbeTuCT7jn8f19cFZeRtzNwyW,4HsU9HC13DEQweJfTKtPTwJT2kqfjfEbXxZdfZiMQ5VA,5000000,24390243,205000000000000000000,,0,,,,,,,,,
2026-06-08 10:21:24,3nFfkpEtkq7WBwz49SMJiJRKVq5QqM9tqUN53i4tXcLRrhgTrWnEPQUMurWoFFdKBtVkm3tYQzGar65KWE6aiVbG,sell,?,,26DbLxVUgQPmmwwFNpoWbeTuCT7jn8f19cFZeRtzNwyW,9tkGSS85ixwavN9BWT9ZLQPcPfCh3Ff3bGgTB8ytMWSy,205000000,1000000000,205000000000000000000,,0,,,,,,,,,
2026-06-08 10:33:04,46Z1z5WsxvSRQXWw1NCuRLZ7Sc5ifTQiD1kXewMW89cTi92SyH9R71okGkqGshEmUFkXSiXgem865X5U6A6X6AQ3,buy,?,,26DbLxVUgQPmmwwFNpoWbeTuCT7jn8f19cFZeRtzNwyW,79ZWkwDZRfrbr2Y8QZ2WzKZJEA5U58QSxGwm5Ym552VF,5000000,24390243,205000000000000000000,,0,,,,,,,,,
2026-06-08 10:34:38,3fb9xnaotCUZbjhBD3fsKvZhMkJ3LjQD3ME2anVrwkG5XPMKyQ6kQob6Uy7Cud3scAcWtEfXxP6ogtPtPGns4CP3,buy,?,,26DbLxVUgQPmmwwFNpoWbeTuCT7jn8f19cFZeRtzNwyW,35KrDkjXswFMLm3H8Th3uzWVqW27TQjdTM489w6w7jbF,1000000,4878048,205000000000000000000,,0,,,,,,,,,
2026-06-08 10:34:54,4qsqRRmJ6Jotf5VpktqLDAUAQspA36F5BWHj8QNF7PodbTMuZBKcqKWYDzEkjXoq7qtgpCqGZ8DwEu7syGjkfYgv,buy,?,,26DbLxVUgQPmmwwFNpoWbeTuCT7jn8f19cFZeRtzNwyW,2KRG5KBVH27jgazSWqEsdpZtuF8Rb3SJzGyQaysRKKTq,1000000,4878048,205000000000000000000,,0,,,,,,,,,
2026-06-08 10:38:09,3cF67hGZhCw7D7JFpB5RkqJRxAf2ZE3JitbuMxfvfmunZpY6qRUjbi2W3SZm5QNgXgmjqfUMKgtQM1FZCKXAZq9m,buy,?,,26DbLxVUgQPmmwwFNpoWbeTuCT7jn8f19cFZeRtzNwyW,CSLxfUUWhECo2bnW5s1wSvyi2YY7Sxrq7FwhtwpT5ZYT,1000000,4878048,205000000000000000000,,0,,,,,,,,,
2026-06-09 09:18:43,3MpncNMNe9bGMWF5xMaudbZpcspgFFWpgSqenbbGAWd1xZcMEdpASEuJUHLVLWFf6gYfrWeUynbftkNuYSUXVYbU,buy,?,,26DbLxVUgQPmmwwFNpoWbeTuCT7jn8f19cFZeRtzNwyW,4mMdhm3jewbMX6Fxc2FbWVp31kMf8Wvw4zabW283uCLP,1000000,4807692,208000000000000000000,,0,,,,,,,,,
2026-06-09 09:42:50,5rNHGkESu4MBTazux5wmdPio45YeBd5joKYAuSir2cgBkq92mjU3JQAHVK9mtYmXVzPWtoBBkSdEYRKJHYS8VXGu,buy,?,,26DbLxVUgQPmmwwFNpoWbeTuCT7jn8f19cFZeRtzNwyW,2f2VAHbrzpKSgDunNviEqeCKfrWmGVoyLca11iuiUxZV,1000000,4807692,208000000000000000000,,0,2026-06-09 11:46:44,LcJM5fm9jxxrswuAXgXDQzpcEfciHPh9NAK41QYnEzKgzVNby59R9jLpNynHF8Rgo3bArFq2Ghq3REbooyo44pd,7434,,,,,,0
2026-06-09 11:57:03,4uTsqXxB1URXGcyhmzcUMj5tCyV1qLHUU6LStsn5L2jCggB9VKcUTJzFbSzdY7Hep7ziZ5s3VZWyc7BSYKea8cX3,sell,?,,26DbLxVUgQPmmwwFNpoWbeTuCT7jn8f19cFZeRtzNwyW,CZr4tGwCHghoAKfTUnyhXP1Q6JGp5bw11snYh39cS22u,999999,4807692,208000000000000000000,,0,,,,,,,,,
2026-06-09 11:57:37,LGoVxh7qUXTv5MeqqyaKcEyrQdRVHFrkBBoByq5e2AnN237gTK73qhvViKhMQgosWg2eEQ9emWtdP64pSYtjU6v,sell,?,,26DbLxVUgQPmmwwFNpoWbeTuCT7jn8f19cFZeRtzNwyW,C5Kvk2ZHhNvEcs7Ay8SDrBsv1TJW3qArXYNqt5qay2Ly,999999,4807692,208000000000000000000,,0,,,,,,,,,
2026-06-09 12:01:01,hXBNB6zXYWDbDz9PU1ZCNSSgcSiaNUtaH4zvK4NUa4jhbE8vaNdgDbNxEkyRyN7113KvdKUpvczH4ArsYRR23LJ,sell,?,,26DbLxVUgQPmmwwFNpoWbeTuCT7jn8f19cFZeRtzNwyW,EXmy9LdshhmrXTNYeSqupRu5ZgwiKpwbHumJGugUwvmf,999999,4807692,208000000000000000000,,0,,,,,,,,,
2026-06-09 12:02:44,2Nmbr2ZJ7QTWH8UJDnj4eLrtjyJMU1GqjeaFsXMm6puLgPhfdNWWUBmPsRTafJZUEC3MximQu9BeUTkia3pxyMxv,sell,?,,26DbLxVUgQPmmwwFNpoWbeTuCT7jn8f19cFZeRtzNwyW,8G1fFunCDCgD6TYEmuGALCcjkZDWGApuQHjhsrfiCBs6,999999,4807692,208000000000000000000,,0,2026-06-09 12:06:01,65Zduu9KPa2u4AsmNKkV7PLwFED2GtFHJFyMSEYyydyyk7ZZwrQpTAYP1Bsw1jzGv3MVkxvQNvNRuKtALWBcbHdX,197,,,,,,0
2026-06-09 12:04:50,ZcBA4MMAf5CHxGDG7Byzx5CZNpih5fEzE9cn3NpRLC6vEna7AJVrbeW8YAcuVVC6ST61YToTrnC2qcANcNAFB7g,sell,?,,26DbLxVUgQPmmwwFNpoWbeTuCT7jn8f19cFZeRtzNwyW,9eBXZSwhZAvXUXu3eaTP4VjUwL2HRgRqAQNTaNohtHns,999999,4807692,208000000000000000000,,0,,,,,,,,,
2026-06-15 04:53:18,5ytFUnA23sGBmNPBu7gEgVYcLn5dcurswFjnqwVfHGSVjLkHcBgdLvwdpQRcBuoSdvY5cAK8kDspd7qr5GEJcsWA,buy,?,,26DbLxVUgQPmmwwFNpoWbeTuCT7jn8f19cFZeRtzNwyW,oiW73WW5t3Fuzwbcd2sQsv5TNXFDVrGmUgmrH4q4Crs,1000000,4878048,205000000000000000000,,0,,,,,,,,,
2026-06-15 04:55:58,2F6jVHoHH4y2aSkgMp88KrYh49vYKjL75DCjyPgsQBpFVK2idDAML9i2NiUEZMCGqSxwAruthQSRb6EFs3kHmKFS,buy,?,,26DbLxVUgQPmmwwFNpoWbeTuCT7jn8f19cFZeRtzNwyW,HtFWB3VHP26giKeK5x7dW7xf9UmWnACnauWk1VGhsech,1000000,4878048,205000000000000000000,,0,,,,,,,,,
2026-06-15 04:58:33,5ejxmvdtQx4M1BgtdpMZhV76YE4dT1rjd3tdrXzonozY3Boa6eLPVi9KEs1PxvqchdMAW7zfLM2tswWV4zYUyayX,sell,?,,26DbLxVUgQPmmwwFNpoWbeTuCT7jn8f19cFZeRtzNwyW,Fx52iSzGQ29HkckMbyoBPRBdsqEvWymW1e5szf2L53Dg,985576,4807692,205000000000000000000,,0,,,,,,,,,
2026-06-19 09:22:27,5mQ3fAeG9nGJznaDgRoxkFNNZk2K1kyVwJoiuBQjz5XbroqWs7WK11ApksM4nzaXg8j83AwfFJXXvesJLeTaRajN,buy,?,,26DbLxVUgQPmmwwFNpoWbeTuCT7jn8f19cFZeRtzNwyW,5mDnAJQ8Fs8X5iCg1zp4GB5XwktTGDUuYD6UF2g4PvNd,1000000,4878048,205000000000000000000,,0,2026-06-23 11:32:04,4X3JXnUmBToQUHGZm6LuqEwuVY3FCEaerY8ffrFCDi4wmsA167QLAJ78NmvENqzqGHerJA9cfk7CdX2s64PM2t2w,353377,,,,,,0
2026-06-23 12:37:36,31Hzjmkoym2WYtp4rwBccruUphygxUjZWNqBkgUeSMa8abt6VbpUnVpfnDT8cPLp5Jr6GL29ZsEtBW53WALiphgC,buy,NVDA,FkzjAJX584L1LncQb8AKSnGhc5sLvZjPGCgZLGpeHyTH,26DbLxVUgQPmmwwFNpoWbeTuCT7jn8f19cFZeRtzNwyW,Br13Z4ELa3eXoaHZg3eBXNHiQqkhh1aBFYE7Ci2PZpiD,1000000,4878048,205000000000000000000,,0,,,,,,,,,
2026-06-24 14:08:47,5Yp1Uiv1WZx5egYw3QCXeF2BKwQDobbCwzBMsto3SFVNmquhw3rFcgfvKJMp77L6CFfLjnjk2857Ak8jsEXWS4uQ,buy,NVDA,FkzjAJX584L1LncQb8AKSnGhc5sLvZjPGCgZLGpeHyTH,26DbLxVUgQPmmwwFNpoWbeTuCT7jn8f19cFZeRtzNwyW,5TGySBVCJ11zub3ELgyYm7tq6yGesNxBuhxYJXsegUXF,1000000,4878048,205000000000000000000,,1,,,,,,,,,
2026-06-24 14:12:03,5RJqi5KCqTw4TQ3nGCDQC8LdibUn59xZ7Vt8H6bCPbg9cBdiFmPKvDjE615h3T4yAC6sMKvmF9iCowmmbzdmjQHN,buy,NVDA,FkzjAJX584L1LncQb8AKSnGhc5sLvZjPGCgZLGpeHyTH,26DbLxVUgQPmmwwFNpoWbeTuCT7jn8f19cFZeRtzNwyW,HWSDjhSJtaPCki96hrQKqaUA1GFHSsmFC6kPaKxUZQ4x,1000000,4878048,205000000000000000000,,1,2026-06-24 14:12:07,P88RYrWPvq8nXkF7eAoSBVqheNZttSMnxVp467jUxEq2jL4YMdRzuFXfvmiRnMUGx5pX5jCuxVWXP5mFi1hDRJo,4,,,,,,1
2026-06-24 16:50:25,jM16AnRNiyyNQYtbgPKsrRepZiyHzkyic4eTuxxAtz4i6DfgkWycD3qmXPozJDBdEHx5nTMmsgiYoJKeU83QyHq,sell,NVDA,FkzjAJX584L1LncQb8AKSnGhc5sLvZjPGCgZLGpeHyTH,26DbLxVUgQPmmwwFNpoWbeTuCT7jn8f19cFZeRtzNwyW,EAoChDX1QCd31DxD2DcvxWXwhruxoE8kwwsiujXf1X32,999999,4878048,205000000000000000000,,1,2026-06-26 09:54:12,2ptqsopzNzp4K5CrsgYmLL3wA3fMKvEezqM6XsQbZXYTwD1feDUAXbWu3LxwCr8DHy7V4TZHmFEGjcwHYGcLebPn,147827,1782319826,,,974555,999999,0
2026-06-30 10:38:28,5uQyRNkAwp1EjeEvDjKe4i1ahtUXjq36MPD698xPZxbVXb7zKYBCuvcBCjin5sbLZmorWRoj6qjABqwook5dMS9P,buy,NVDA,FkzjAJX584L1LncQb8AKSnGhc5sLvZjPGCgZLGpeHyTH,26DbLxVUgQPmmwwFNpoWbeTuCT7jn8f19cFZeRtzNwyW,HxH3WwZoq88SKBHF5mWqFaPzGdLLXUFz9tparTbixWe1,1000000,4878048,205000000000000000000,,0,,,,,,,,,
2026-06-30 10:39:09,4cFW7S6gi9MLmtTvpUWRDird3P81HnweZ6E1tRF2qJBK9iwVQunZWv6bBpDvtdfeQFNeaUqCvX3NLWTSo8t4TQNd,buy,NVDA,FkzjAJX584L1LncQb8AKSnGhc5sLvZjPGCgZLGpeHyTH,26DbLxVUgQPmmwwFNpoWbeTuCT7jn8f19cFZeRtzNwyW,Bbi1pego2fDFi86jBVJwYG3Y9BHRksWp13pD1zRSXcUy,1000000,4878048,205000000000000000000,,0,,,,,,,,,
2026-06-30 13:42:31,5DUa3VHgY9YgMHppri6wnkSzCzLUN3KUDR9hTLVRSVMbkNDGYNuNYbektNLkRByUcDicfWXViUeSwTjNgyWHC8y7,buy,NVDA,FkzjAJX584L1LncQb8AKSnGhc5sLvZjPGCgZLGpeHyTH,26DbLxVUgQPmmwwFNpoWbeTuCT7jn8f19cFZeRtzNwyW,G7tKB6F5XT98rZqEhpX5o43nr4WqBEpVhzqoiBgnHzuJ,1000000,4878048,205000000000000000000,,1,2026-06-30 13:42:35,3TaBgt6tNarsBSNbxLZSQ4ixFZbkw9mXHmcSBjynrT6hKfbcJRcAB4igAodw9EiLYL84ZaSALWCstcnBF232vjwH,4,,,,,,1
2026-07-14 11:49:13,3FAqHB8Gt8MfkgnZLq1p9TxfvBoevxUZQfvCEq2ewrvqPcn52GdG1YX3VUftZrHXHGrbL6YGBaLzbpr2aWMvWbrL,buy,NVDA,FkzjAJX584L1LncQb8AKSnGhc5sLvZjPGCgZLGpeHyTH,26DbLxVUgQPmmwwFNpoWbeTuCT7jn8f19cFZeRtzNwyW,uYbwZBSzX3yNyvBRXATSe2HzdSrGrLUgVLutTHAdsRV,1000000,4878048,205000000000000000000,,0,,,,,,,,,
2026-07-14 11:52:15,3TGYHVhL6R54UGohVKrDp2D6Vf6UpNJyA1ALjgQpWJQiELMQCeW3HwmD8RDrgHfEBXx9Wp2Xo33Lf1SkNpRJPnJN,buy,NVDA,FkzjAJX584L1LncQb8AKSnGhc5sLvZjPGCgZLGpeHyTH,26DbLxVUgQPmmwwFNpoWbeTuCT7jn8f19cFZeRtzNwyW,BZwvvpqZwsdnSskuNk5B3DsJ7VLVDWkiPA94EjgrnejZ,1000000,4878048,205000000000000000000,,0,2026-07-14 13:56:35,5rjwtvDXPxex6ai7Thxx1PZmPu7DEGLMJMWbJyCdai8t6RJjDryPCT52JP9bt6kZCAWZDueXCAkc5BtriL5foXsp,7460,,,,,,1
2026-07-14 13:58:41,44EK5EVRneSNAT5F97FVojgx37GZ1c3NiLLGLeAtipYTeLqpzwjWDcnzyf93WPXsKveCFPzvYXDaiYJzx8frnmpL,sell,NVDA,FkzjAJX584L1LncQb8AKSnGhc5sLvZjPGCgZLGpeHyTH,26DbLxVUgQPmmwwFNpoWbeTuCT7jn8f19cFZeRtzNwyW,3xP3mCzisasmEa5P8uudsmrvUePgAe3rEDjTdZPRKxCg,974456,4753445,205000000000000000000,,1,,,,,,,,,
2026-07-14 13:59:06,xhp6V6dRDMyD2rXshtLFkxZfBdJ5MMdKJGYxPk7ooYhtz8zUB3mwB5xpxPuCkBtRJuGyNoxNMcJV4Sf2Kndcp83,sell,NVDA,FkzjAJX584L1LncQb8AKSnGhc5sLvZjPGCgZLGpeHyTH,26DbLxVUgQPmmwwFNpoWbeTuCT7jn8f19cFZeRtzNwyW,8EbaSEe9WMcpQWNMphYnehViSiUEhiBWWMmfoMnSLPcG,974456,4753445,205000000000000000000,,1,2026-07-15 13:15:29,3m1CPq4HjdoHUMnEaMHvF82yjvpMNTTNYfoWAHLgjni9rmXY1Q4mEHHXXLA9SfAEs6PXenwVXQu8weS1emYwVssE,83783,2156769053087638450474279223114528528,,,973115,974456,0
2026-07-17 10:30:35,3b24b6JKdV68gYrsoSEy9gVxTmCNLbemecGJzj5KGDpgeRvowj4SJjMTYLU9RcxthrY2QgTK6UJ6ag3pqJW2h3vF,buy,NVDA,FkzjAJX584L1LncQb8AKSnGhc5sLvZjPGCgZLGpeHyTH,26DbLxVUgQPmmwwFNpoWbeTuCT7jn8f19cFZeRtzNwyW,4LJWghztzbn48j7r34aT9c7VUVy8EyTsBP3F3UvK3kEL,1000000,4878048,205000000000000000000,,0,,,,,,,,,
2026-07-27 12:46:58,3KwQNqFDoky1oGgzU8DWThA2SHKtKZ9rYsQkMRp4KKeD5y9V7xiYdamZvnhYswyNGeXx6dGT6VrN63T785LP3LUh,buy,NVDA,FkzjAJX584L1LncQb8AKSnGhc5sLvZjPGCgZLGpeHyTH,26DbLxVUgQPmmwwFNpoWbeTuCT7jn8f19cFZeRtzNwyW,CyBvLXbWh3fSp7Rk6tDCXph6czA93H8i13WAiQPFDisv,1000000,5000000,200000000000000000000,,0,,,,,,,,,
2026-07-27 15:04:30,63cek42rFREJyHoA7ixMMZy7SsSWzYNxYkQxaDe4VrK3mi6bGCwK3LvfPhNRNHBFj6jKDJwhWAy5kMAK78vab942,buy,NVDA,FkzjAJX584L1LncQb8AKSnGhc5sLvZjPGCgZLGpeHyTH,26DbLxVUgQPmmwwFNpoWbeTuCT7jn8f19cFZeRtzNwyW,DH6pxiNbZtnGW6wrzLtbELqycZvWQEqo8jR1FYughENs,2000000,10000000,200000000000000000000,,1,2026-07-27 18:21:03,41dk18EmfKtZoPauT5WTjkxkeuDgyD526efTd6CEfKaPH7zMBKUEUWZSiFx8nqrxr67JeeZsDycUFRsqmb92nncr,11793,,,,,,1
2026-07-27 18:12:34,YLenfdeQUuRqYzwWRFitt91TyD88y9X7N5DoVa1p5MjavuZWgTT4cAZKrMaKktK2iWr8PSg5qFickoh3BQxY2SK,buy,NVDA,FkzjAJX584L1LncQb8AKSnGhc5sLvZjPGCgZLGpeHyTH,26DbLxVUgQPmmwwFNpoWbeTuCT7jn8f19cFZeRtzNwyW,GcMeg6FxYKTQe5hPfBiYDMWwGvEXssQAH3A4B5rw5ae8,2000000,10000000,200000000000000000000,,1,,,,,,,,,
2026-07-27 21:47:08,5LBHxmvzapL9srteaARotbryu8fwMam1K5CEL3tinGMAh5hq61fkBqvVBKCaQiKUPixq7C5S414ZRM6qDbAjeR5r,buy,NVDA,FkzjAJX584L1LncQb8AKSnGhc5sLvZjPGCgZLGpeHyTH,7ZojnzraitorXTQXynyyUzkoDuCdovaJzs8fWR85UdZ2,5tBWmjRnwfVCjQrDtYvDCAzUXMiBaPxXbgKVcLfRyPG3,1000000,5000000,200000000000000000000,,0,,,,,,,,,
2026-07-27 22:32:38,4gAt7CVvwVivLH6p1WWg7bgBbrJXCZ7NxmhbjTbh4SSR9geVY189E8KQyDVraDh8ZdvyvQNKemWhod7y14sFKvbk,buy,NVDA,FkzjAJX584L1LncQb8AKSnGhc5sLvZjPGCgZLGpeHyTH,7ZojnzraitorXTQXynyyUzkoDuCdovaJzs8fWR85UdZ2,W4wWUbMT8f9gyuRDrQLTSpWPxGDVyZLyN5ajL4xBxLg,1000000,5000000,200000000000000000000,,0,,,,,,,,,
2026-08-11 09:53:18,2DKxJcQBBRFvJ44HDvgPNbbZUswcfkBaHjUvcRffPM6WNrKqGEVypRhfR9H11UdcqJn6ZppWFUoGikmr8p6jLhLi,buy,NVDA,FkzjAJX584L1LncQb8AKSnGhc5sLvZjPGCgZLGpeHyTH,26DbLxVUgQPmmwwFNpoWbeTuCT7jn8f19cFZeRtzNwyW,74jie1uNEebGe4jsQiXxt5Tg7x59seHjN79XKyBD9Hk1,3000000,15000000,200000000000000000000,,0,,,,,,,,,
2026-08-11 12:19:09,3FiFTPeh67NKJ3JKpUwrp5p1vWmLCyKEscWZSeNt7brRugDqXzTBN7iwU4byXs4SCfqXxAFPgnzDAskhzhHsY7y3,buy,NVDA,FkzjAJX584L1LncQb8AKSnGhc5sLvZjPGCgZLGpeHyTH,26DbLxVUgQPmmwwFNpoWbeTuCT7jn8f19cFZeRtzNwyW,8hMAdLQiXes5KrgBC7RAnyPWX3bPsnVwkBDgvWcWcyBU,3000000,15000000,200000000000000000000,,0,,,,,,,,,
2026-08-11 19:53:40,4JZVjXYhXfbKjbrassmdRVH2ZgsrfMyuFQkd8wsMgbE9U1DSpCwrjDjrnGXAjNL5ojyWhXDN52MvPLgCoPjejnh1,buy,NVDA,FkzjAJX584L1LncQb8AKSnGhc5sLvZjPGCgZLGpeHyTH,26DbLxVUgQPmmwwFNpoWbeTuCT7jn8f19cFZeRtzNwyW,6y7RAr5K8VeM8KS5NPc7bqNheKTm8KxdDo7DqjmLAu4b,10000000,50000000,200000000000000000000,,1,2026-08-13 13:16:57,487x2xHrJ5dyXbZr3UVxRNdEzyZwG8h8kfS9PpPDGLTZjVPDCyikdKbdkCsPnCfRVHsvkNh7hjjp7nttxfTsAwX,148997,2159719405708314266504944310774241529,45828966,50000000,,,0
2026-08-14 11:01:12,tP3EUY5HGUo9hRBwaTzfYH89PNZuvHENKCLjBREMJmdgQeRLtA9ZVzT8y968sgpm5yfCQEk8vYenfPX7NfZbe7h,sell,NVDA,FkzjAJX584L1LncQb8AKSnGhc5sLvZjPGCgZLGpeHyTH,26DbLxVUgQPmmwwFNpoWbeTuCT7jn8f19cFZeRtzNwyW,6JP19zn9kJVz4vJ6xo79WFRGg34CvJL9fHe7RU46ofmk,10000000,50000000,200000000000000000000,,0,2026-08-14 11:13:25,3Rg3Rh4jprc9X8UXiWrn89ueMMSrzoCN2VqviWdmZA6thQ5yPJuiVhcjDe18F3sm9EsNELMH7His5wFB8UD6fMUa,733,2159994135812659819747879568572321577,,,11250000,10000000,0
2026-08-17 15:54:54,4Tvfi6Rj6bvemcyCKCaasWu7WyrZbJWgKh7gHhNpSMFL7ry2Q9dDvzmJ7QvgVe8Xr8LwHu1K6pFjZNJHjYUTVqRq,buy,NVDA,FkzjAJX584L1LncQb8AKSnGhc5sLvZjPGCgZLGpeHyTH,7ZojnzraitorXTQXynyyUzkoDuCdovaJzs8fWR85UdZ2,GigSeoLWWWYVPm2zUxrR9kDXf7P1BFbjWU9qDGNrjPaq,2000000,10000000,200000000000000000000,,1,,,,,,,,,
2026-08-17 18:31:22,23JgZhucmvwE2Ghph9aBtyspi36yxCbph1ks3BrruNcz2apwRL1zce1agP5any2inFZdasqpkinQ2ysStafj5mAA,buy,NVDA,FkzjAJX584L1LncQb8AKSnGhc5sLvZjPGCgZLGpeHyTH,26DbLxVUgQPmmwwFNpoWbeTuCT7jn8f19cFZeRtzNwyW,G8FAq8oNcMdNPaPX4wWNYjzzTrq1SRqYEZx85uPbrVUU,2000000,10000000,200000000000000000000,,1,,,,,,,,,
2026-08-17 18:36:08,4ptTGxo9wYDVZaVSdbMjxE2SvFDdSGdUJfrmZjf8SU3EWpEhnxPzWL7oMzSxjpjJbKMLHzBUxACFtYgpsVq3WDxy,buy,NVDA,FkzjAJX584L1LncQb8AKSnGhc5sLvZjPGCgZLGpeHyTH,26DbLxVUgQPmmwwFNpoWbeTuCT7jn8f19cFZeRtzNwyW,7LYqRZ1RmLLPRxuu7WkUg4JgtXPyocxeA43yUdZfcoMS,2000000,10000000,200000000000000000000,,1,,,,,,,,,
2026-08-17 18:46:54,5YTyecFNbrHWTBGAA722YY9rhQ2VPXVXK7LA1pRdyBxCLNyF6eZpKBtPUxxD6csh3mnZvtMiY4yTKJrapBjGSZVM,buy,NVDA,FkzjAJX584L1LncQb8AKSnGhc5sLvZjPGCgZLGpeHyTH,26DbLxVUgQPmmwwFNpoWbeTuCT7jn8f19cFZeRtzNwyW,4odaBZQG9yteHR6TmhH9niiVxQ6r2j33rvU8zydYKEPG,2000000,10000000,200000000000000000000,,1,2026-08-17 18:47:05,4sCagHQTyYpqZAAs1dp8Bgv3yeFKVitWfoL35FUUPMEanVgcpzyoght9Xd4kBpyFfc1QizF7UxGbWxWSJTCfSJ7Z,11,2160341269455105232279569216741073572,8814748,10000000,,,1
2026-08-17 18:49:19,VAPfAXmKhPxZnAJ9o7MVet6rMQf7rcRhQWAJNH8D1LTfxZjUpr8XEXe7V6yE47iF2p95pUv8Q3dz4bk2aWkKPaS,sell,NVDA,FkzjAJX584L1LncQb8AKSnGhc5sLvZjPGCgZLGpeHyTH,26DbLxVUgQPmmwwFNpoWbeTuCT7jn8f19cFZeRtzNwyW,4WsizLx11mo9t4naXMdy6HaFEoyzLMgXC8NVFX82T9Hj,1762949,8814748,200000000000000000000,,1,2026-08-17 18:49:29,2gPb3kbwLgkj6YgUxsV6MMLNAfVxpdbNygdq6G2jcakZQDndA99g44vXH9r54xdpH7UhkTzWJrXgGhKdhn78sWWZ,10,2160341444354030073928723661062693802,,,1990035,1762949,1
2026-08-17 19:00:41,4LbxQvJp81BwsP7tmcoPeXcn1JcF3GG77L23Em1sNFEUoECFEsmQmzUkkgiD2xrTji3fvUsF4Sbhb6jJsXXCVx5P,buy,NVDA,FkzjAJX584L1LncQb8AKSnGhc5sLvZjPGCgZLGpeHyTH,26DbLxVUgQPmmwwFNpoWbeTuCT7jn8f19cFZeRtzNwyW,4C6edYQPxcq7ymA5GvKZJdmW7EnL6kj5Dq9g9tfPRNmF,2000000,10000000,200000000000000000000,,1,2026-08-17 19:00:50,2kndXqc4fkvKdGj458PMdmyhLhoXUdjuc2uEEiY9JuPXHMimnNoVovH9NQrLKLq3TL2iWov58eJ2uXzX6bQbzRZ7,9,2160342268650435483853686578610804178,8823425,10000000,,,1
2026-08-17 19:01:22,3rJm6VrahHXpszjzJwX6jRvVcDDW6LjYWKfDS8qPgNyAfc4ARddXEHE8ZWGecdP4CGHrAoTpuC6R1ycXNxtaqpHZ,buy,NVDA,FkzjAJX584L1LncQb8AKSnGhc5sLvZjPGCgZLGpeHyTH,26DbLxVUgQPmmwwFNpoWbeTuCT7jn8f19cFZeRtzNwyW,Etq9b5GhuivmvEe7KRotoA3Dyqxvdemq5VetViWryeDJ,5000000,25000000,200000000000000000000,,1,2026-08-17 19:01:33,5pSFXWmHZtudg8Vdz8UisuheD1TWAwNFDZ3U5FFgnzAht8ZqQBDFND73nVX3PXLBjtAG1FgqWYrogXBKCZcAYxeh,11,2160342317862170080326410097300422703,22118990,25000000,,,1
2026-08-17 19:02:03,4qKWbqKkWFTtpwNoZqJaTE7HURnC4T57ndYGM13S3kd1KKxRkw81Wqa1jEf45fQD4298K5J4E7cijQTQfKmxaw9A,buy,NVDA,FkzjAJX584L1LncQb8AKSnGhc5sLvZjPGCgZLGpeHyTH,26DbLxVUgQPmmwwFNpoWbeTuCT7jn8f19cFZeRtzNwyW,H7rB1aJkSXK2N1wznSj3SLLELBRCA3XcJcDpZFEW8rRc,4000000,20000000,200000000000000000000,,1,2026-08-17 19:02:11,5cmXGtRWj2Un6vNfrCXjJtLQMRknEStPc6nVBnPudkPA2G3zcXmvikAWAnJxvLUHREURMbGwttMbXkJNQnKkJRQN,8,2160342367758151821969940050999429815,17688051,20000000,,,1
2026-08-17 19:02:44,kgUNUj6kbXkS8p7s8NTQxMLSQvxoosqxoNAPP2tAu6p4jW45TgbtCvvjYpywYKGzqytSwwygnnP6pd23roF7Jpk,sell,NVDA,FkzjAJX584L1LncQb8AKSnGhc5sLvZjPGCgZLGpeHyTH,26DbLxVUgQPmmwwFNpoWbeTuCT7jn8f19cFZeRtzNwyW,8EKBkBKPE5kAuzT1Znz6xjJMCAsgh54tnbLKqbAW7tYJ,1762949,8814748,200000000000000000000,,1,2026-08-17 19:02:53,38JsyZHHRLkKKVaad1frfV54ku52bv6prQHEVSWCnMqXzbYKQFojXMDZ8tvyk8ducU1e8kwxBMGjdRic5tRyNES4,9,2160342417282998292904521786051976664,,,1988113,1762949,1
2026-08-17 19:03:25,5eA7zWyEgWkexM6grizmcoaQfa4pM7B3dvH4jpriEn8SJrGJbqsAmGR9B4ywWNg86AavzzqsipFy1xbG9BwHZiXy,buy,NVDA,FkzjAJX584L1LncQb8AKSnGhc5sLvZjPGCgZLGpeHyTH,26DbLxVUgQPmmwwFNpoWbeTuCT7jn8f19cFZeRtzNwyW,2JY9nTc7hR3FoBKGTaoHEdQZ9Pb3phPDMax9c8R9RLzw,4000000,20000000,200000000000000000000,,1,2026-08-17 19:03:35,3XiuK8816CRdPZbg6NFYJZAx5Upr9MjZ2rvW63arUQH25LwB1CH5FsxhW1vnyddikEKepJtMEJnMi8wYNKWVP5mo,10,2160342466807879135289967181806540751,17690404,20000000,,,1
2026-08-17 19:04:06,4ak6eSiReP9CEvqNdLCxkhDGm9ptN9tsZfDdCCA5WBLfgGmeFMepGQpmQSLCMJn424QxQbGW55JHSLioWBpZ8Nxc,sell,NVDA,FkzjAJX584L1LncQb8AKSnGhc5sLvZjPGCgZLGpeHyTH,26DbLxVUgQPmmwwFNpoWbeTuCT7jn8f19cFZeRtzNwyW,5ywnmWFXWDdGr9qatsZ2NiMbtd5SpJEgXE2y8bxcmMqs,3162949,15814748,200000000000000000000,,1,2026-08-17 19:06:04,2rZKbovmXwqVAYPcTw7F9rQXfeU62rjQMd7uv1EMjeVKKn3qTfCmvNW76TRS5nYTTzg7rypHhmAo2gJtWci5nFgR,118,2160342516622862014990746136131923633,,,3566415,3162949,1
2026-08-17 19:04:47,5m78YiLSDuFdQ5642BURLTxxYThw42M4H1K7ZnSxikpsmTtRzCA8kkXh2hTSQFiWrDux5CxqsnNmf1qgb4Dg3DLA,buy,NVDA,FkzjAJX584L1LncQb8AKSnGhc5sLvZjPGCgZLGpeHyTH,26DbLxVUgQPmmwwFNpoWbeTuCT7jn8f19cFZeRtzNwyW,5DxNLaxdxTLPNdoLJLjh33rFgCxYT3aS3UBkjqAp7mTj,2000000,10000000,200000000000000000000,,1,2026-08-17 19:04:58,36SNYEKz1wFfKMfzinpWVRCJ8YHYMt5ZemQ61ofXpxUoCytPJXZmbBWDzNN2j6YMptenHj3AEJBL43zhw8J7r3Ut,11,2160342566139242597585349967376925295,8823738,10000000,,,1
2026-08-17 19:05:28,4Na14R9fQMYjqUv1Sqaf3SFvMkCgSsxXYGpYpTneLUTt85L7rM77sMJB7VAgujNuqfxxjbJtTKaWkiEpYHg8xAyg,sell,NVDA,FkzjAJX584L1LncQb8AKSnGhc5sLvZjPGCgZLGpeHyTH,26DbLxVUgQPmmwwFNpoWbeTuCT7jn8f19cFZeRtzNwyW,H4h4dFiBMh626NNtE7VTXujhrAJyyNKJYEQyirwW69vj,3162949,15814748,200000000000000000000,,1,2026-08-17 19:05:38,4dpMiWEiKBtTiVGMts6ttciKV46MvJEm98Eho8AQKLe8TQ2a4FUqnenJtuh1qh2q9ahomiJqu9WAysaYBgGMmhKS,10,2160342615793485896769531148969398692,,,3567079,3162949,1
2026-08-17 19:32:47,2p4KX2hKXprt65mfBDQbD4JtcWXVH2rywHvtes6TcLaPFfZNhVtLYnvdLhwZNcTbPGk4KPJp3RkewRf5Gnhbx4KE,buy,NVDA,FkzjAJX584L1LncQb8AKSnGhc5sLvZjPGCgZLGpeHyTH,7ZojnzraitorXTQXynyyUzkoDuCdovaJzs8fWR85UdZ2,CP5LKK1UFLJQcMsCp8dWmq1RvvN5EXs8irqpiyXhhR8R,2000000,10000000,200000000000000000000,,1,,,,,,,,,
2026-08-18 11:07:13,4U3McUqrZCeLoACJxAyHBAbcuYt7GT7d5Rg6WCdsizNPPXBHdSheKLAdf8UtXgQWv4LRmCLnXakpEtzeDXpfUdVo,buy,NVDA,FkzjAJX584L1LncQb8AKSnGhc5sLvZjPGCgZLGpeHyTH,26DbLxVUgQPmmwwFNpoWbeTuCT7jn8f19cFZeRtzNwyW,FvpYLGAkrQ8VWbjPAWujYcu6YULUyTU5pQ5SVhoQTibi,2000000,10000000,200000000000000000000,,0,,,,,,,,,
2026-08-18 13:15:14,3UB1BNpcLFr1VcLQoxF7yRJbDxm9CiN25SggX28C21ViTvYiBYPqWUZKjwkWazBtCQ1HddNaYj8tyi6PDXoCFFzC,buy,NVDA,FkzjAJX584L1LncQb8AKSnGhc5sLvZjPGCgZLGpeHyTH,7ZojnzraitorXTQXynyyUzkoDuCdovaJzs8fWR85UdZ2,C5pRd1NigiNNNCz7GEb3dWhWYn5dpXytCYQguRPr27jM,2000000,10000000,200000000000000000000,,0,,,,,,,,,
2026-08-18 20:38:39,4NaYkZAGeZvqKh6Ybu389nz9G4EbntqLWGnQGU6f5uQjk47Dj7xxpNixSHLFhmsc8awRM3YcveQBwWKfDSbywJhb,buy,NVDA,FkzjAJX584L1LncQb8AKSnGhc5sLvZjPGCgZLGpeHyTH,7ZojnzraitorXTQXynyyUzkoDuCdovaJzs8fWR85UdZ2,Cipf8AmwrN8kf67x9L4C4E2LawySgWtF3pen9CCLGeuy,2000000,10000000,200000000000000000000,,0,,,,,,,,,
2026-08-18 20:56:43,5ZupHAqEMjK9enPi3rmHJqAXau2AZF8TDqdYdHT9BCv9rjTJ3UqzpQhHkrE77TjXNiiuQfuTS2KEiYbpWfiLRXKq,buy,NVDA,FkzjAJX584L1LncQb8AKSnGhc5sLvZjPGCgZLGpeHyTH,26DbLxVUgQPmmwwFNpoWbeTuCT7jn8f19cFZeRtzNwyW,9ED3RtBp9Km9p9ehHDgfo3vLnpCEFrX7UFy6uaWyGTn3,2000000,10000000,200000000000000000000,,0,2026-08-19 13:32:16,53dP8B9BbDc9BTnPwzRdkUyKmrRZxpdWJtuULg4xHJktC8CBw9uB91M4GtWdw3qeoRFYjkAgEXRHWiz5chiyornV,59733,2160455136485532649578893819261697462,8965983,10000000,,,1
2026-08-19 18:41:57,4qT9oxMBhVUUg3aBhDCQCjnp8JDSKvvNjqGP1hvYES7VSLABxHFJkmR6NvjDjVLZD9ekY4q1GKA2WXLGYE6K9hKP,buy,NVDA,FkzjAJX584L1LncQb8AKSnGhc5sLvZjPGCgZLGpeHyTH,26DbLxVUgQPmmwwFNpoWbeTuCT7jn8f19cFZeRtzNwyW,AAhjbthsTiGEhJVbWKPkCndBVWB9F6z6eyWL6rcCj8AZ,2000000,9110106,219536399999999000000,166,1,2026-08-19 18:42:03,4aeDc2TUyDxaDkpGEB4ts1B7aboHxZH9fkUHmTXSJYtQQxk1z8RjdY5UcRiH4QaatYs9bzVXLmhtNkabivsH9ejA,6,2160549812841382738761687085032370769,9060445,9110106,,,1
2026-08-19 18:43:46,Sg5G5aVTR6hJvE8wYUBf2ernR8YGzHjSzVuiKH1bzjpvvzgAttcnKFxKTwie2mvsUtAefH5VSKnFRFag5wy7tvd,buy,NVDA,FkzjAJX584L1LncQb8AKSnGhc5sLvZjPGCgZLGpeHyTH,26DbLxVUgQPmmwwFNpoWbeTuCT7jn8f19cFZeRtzNwyW,7Q5hmaEkBwgxvV2xHMpFNzfNR2gZ4p3ckvYYGxy6XqY9,2000000,9110106,219536399999999000000,275,1,2026-08-19 18:43:52,oGCohRyHnKPvd3CFb3uGHSwn4PbA7GKJGaMEyJquzSKEVmh6o7dFJ34HoXV5roftyibT21gDcQhV5CEC9wuuQ1j,6,2160549944997503395923433638984662718,9055580,9110106,,,1
2026-08-19 18:44:02,U8bZRkkhh8vaKifCW9vUVxez8e7DXYBjAbh8m1kBZzxx2wUsJhAmHebmi6xdpqPihKuRTnrgddkryv1xrC39fCj,buy,NVDA,FkzjAJX584L1LncQb8AKSnGhc5sLvZjPGCgZLGpeHyTH,26DbLxVUgQPmmwwFNpoWbeTuCT7jn8f19cFZeRtzNwyW,EtvtcubRFiErBWgk1YqxZW1kbPhk2QDYfPR2ZzeadcY4,2000000,9110106,219536399999999000000,291,1,2026-08-19 18:44:11,32DxFJcbcgzKoBBMvu18o49RoRM6V5LPuGnwNPrqSFi4yor6fi7hUDpued1pfMsjviNx1ZyJovzE9b4UfKe3ZEBh,9,2160549964065891840960526363634390501,9058383,9110106,,,1
2026-08-19 18:44:19,5rZdLhpdu6Eth8LJdapqb4CVigGnJWe315VdgqyxVPj1ASKPFrF8h5RsxG1nDLFvaJiDys3EEXwi16jbrFt3AiSr,buy,NVDA,FkzjAJX584L1LncQb8AKSnGhc5sLvZjPGCgZLGpeHyTH,26DbLxVUgQPmmwwFNpoWbeTuCT7jn8f19cFZeRtzNwyW,8X4tcWEwjpV3cL7ZiMLbzsGUpsDub85zv37b2Rpnuqep,2000000,9104151,219680000000000000000,9,1,2026-08-19 18:44:25,5k4R7Uj4tHE68qzESnH38x6UzKYJizTATaRWJx5nqFKCakVDR4v33eCBpN3u9fGAcEVBn4ve8SABVDfXWqqaAZM2,6,2160549983547725076346800114551513283,9058053,9104151,,,1
2026-08-19 18:44:35,3jrK5SfpHRrnnnxESsRxWtoN3GToXcNnf56TXvDApGXe4JvLR6T4gxWePgQUs8ouUBiL9qDp2MnexygdJopk1Gbd,buy,NVDA,FkzjAJX584L1LncQb8AKSnGhc5sLvZjPGCgZLGpeHyTH,26DbLxVUgQPmmwwFNpoWbeTuCT7jn8f19cFZeRtzNwyW,6uCJkgbjQqLvwexxy73Dmuz5oR4AphPzF8e23fv3eE7m,2000000,9104151,219680000000000000000,25,1,2026-08-19 18:44:42,5WJ4V9zV4SohHX9ZwMMGvGLHCU15ERY4qSTxxx2NqX6g5bzxMPKY4BzGPomfonnhyDgxKsi5suxAzGBAmqJg7psQ,7,2160550003099688980471978035784370780,9059702,9104151,,,1
2026-08-19 18:44:51,dAPohATcGq8z1sF5aJczx3z7e5osPCpbUx42TuZYum1bREwwdfu4H8UauhY9urBQLrVHbzxLEdzU76LuZ5Medij,buy,NVDA,FkzjAJX584L1LncQb8AKSnGhc5sLvZjPGCgZLGpeHyTH,26DbLxVUgQPmmwwFNpoWbeTuCT7jn8f19cFZeRtzNwyW,FusgcbEYeavSSB2qeW3TR9t3JT64YGybjEfLVgp7FM8n,2000000,9104151,219680000000000000000,41,1,2026-08-19 18:44:59,4eRrASgWDMByPQwGPMfVjL18FeHSMeYQgk7zgTNLeEU82zsddTBGTLDiUFuTexSmnPHutermACSsfSJfCnwKpTFx,8,2160550022516246217676768657541533655,9060858,9104151,,,1
2026-08-19 18:45:07,QTSm5nQjzEmYysPGeXYK8Thaggc96Jm6amyDMjZcMbeRDvLcYafNPUL8XxeYMC3jbhgsq5C55tiiN4QPC2YhkiY,buy,NVDA,FkzjAJX584L1LncQb8AKSnGhc5sLvZjPGCgZLGpeHyTH,26DbLxVUgQPmmwwFNpoWbeTuCT7jn8f19cFZeRtzNwyW,61EWyKih4riSrkvfCqoo7cbS4pRN6LqfS17yCejM8WqK,2000000,9104151,219680000000000000000,57,1,2026-08-19 18:45:14,2N6ja2CdQNK75Z9wSekyZwzAaPmuGWcTpwcW3g1YepG2wweLZCQjBzVDA72BSFQjfpYCS9toD3aU7fhbbMV4Kxk8,7,2160550041768389325837587123265666235,9062425,9104151,,,1
2026-08-19 18:45:23,2bHmGGX2c8HA28abDeGWj1B3LsVcJjzAHJMZS4X1nskBvn5XENhyJMoQ1tg1KBf4FpFkY2SQDXgbAYxgeSzJTfQ1,buy,NVDA,FkzjAJX584L1LncQb8AKSnGhc5sLvZjPGCgZLGpeHyTH,26DbLxVUgQPmmwwFNpoWbeTuCT7jn8f19cFZeRtzNwyW,GZ9u7haGuVqZViUp8cfxeaGBdEEgCLgAjqY2Go93SPqe,2000000,9104151,219680000000000000000,73,1,2026-08-19 18:45:31,5vRXtnWfVVUv4PqDtn8Hz6hd716Bqb99j5zwDfHtLcgtcyEs3usqzMm7fQxegCKXE1W6xGWVHBvDE2bAv8CAHNNi,8,2160550061304657280874499922237504466,9063334,9104151,,,1
2026-08-19 18:45:39,3dTkDdag7V9PEzhFEgY2TTq852XP5HRuFsdmrkEpdhySyjovkG1mpGsWPnSeFSZLHk6CWVrQKGcNMtGDQsprEKgk,buy,NVDA,FkzjAJX584L1LncQb8AKSnGhc5sLvZjPGCgZLGpeHyTH,26DbLxVUgQPmmwwFNpoWbeTuCT7jn8f19cFZeRtzNwyW,F3d668iNwsS6G6iGmbauh3mihvKX2WDW8irrXvo4TYwY,2000000,9104151,219680000000000000000,89,1,2026-08-19 18:45:45,2XZCUSa557d5e3A2fpWCW6q1ZnRab1VSkY9UZHzCSB6jZvPnV47fXpQ1uJMT76MsvTBQpdtNsG9odr4qkp6izwaP,6,2160550080727231292826209879160983699,9064902,9104151,,,1
2026-08-19 18:45:55,35nETFd5TN9SJ2L1mzhXjKpkEH3EiSsBiJVswD9NbvTVg3HFocF5ocdM6A5HXeMRNzUXAHx1XGDnaowwFR4SiSp9,buy,NVDA,FkzjAJX584L1LncQb8AKSnGhc5sLvZjPGCgZLGpeHyTH,26DbLxVUgQPmmwwFNpoWbeTuCT7jn8f19cFZeRtzNwyW,8Q6jNdzUfyU6ZMAZL43juBTWHTzipKNW64TKiwWh4FBU,2000000,9104151,219680000000000000000,105,1,2026-08-19 18:46:03,A3Zk8S4bfoq29hfthLwgkgEQyo7cFW3VxXZi4BtDuBBVrP1wt2zip22TypngnsyGqQPmvEZ5NRoYCa3tgNTFhPw,8,2160550100062791942927429595083166295,9062095,9104151,,,1
2026-08-19 18:46:11,44nbJH95gdux1DVmEYR7FswxHbUVgitzq1r1EfQSPUavWSyu6wfrSesZa9QrTk3i2As3x1AZc3dz4ksjcqNB4ixP,buy,NVDA,FkzjAJX584L1LncQb8AKSnGhc5sLvZjPGCgZLGpeHyTH,26DbLxVUgQPmmwwFNpoWbeTuCT7jn8f19cFZeRtzNwyW,FdraqxPuGb5qaAoY4TCCNiF1rBkkdWPoEvkm6tUYECku,2000000,9104151,219680000000000000000,121,1,2026-08-19 18:46:20,k8sPy6zYBJKfmDuNqYYPMgtp7Gu6Xxsq24KS8YRcSFASdwUgRtM5kC7MktwWoLSx452jogfk6231UXKftX6GThg,9,2160550119432203561409977469181143171,9062178,9104151,,,1
2026-08-19 18:46:27,5JtPDm64v3AWTJUPdCVUHid9U6mi2fmzHyVk4nHdfkwP2zW4k7bEEvv3zHH3hM69AJ9Ztkh3YXT3pKPyLWkCHgff,buy,NVDA,FkzjAJX584L1LncQb8AKSnGhc5sLvZjPGCgZLGpeHyTH,26DbLxVUgQPmmwwFNpoWbeTuCT7jn8f19cFZeRtzNwyW,H7XNyy8BJ4qNd9QuLUxHZGgLnjLSguF8gM9aCGZ97t9M,2000000,9104151,219680000000000000000,137,1,2026-08-19 18:46:32,4Wv5tnodvvR4nodT2xHLzKNAJJZFnV6v7zLLB1h5DXx3ZvGPKovGVT6EMRq5pnLYSjPhTuefHwEzkcWHujg6Cr6L,5,2160550138899557415767322053807841190,9065068,9104151,,,1
2026-08-19 18:46:43,3txmzTfezEauGgyt5X1a2K1NA8CnaCbcfJ3EyxDvfFp36RrsPS7HRXQnGurShVVMDmk2Uqfk6DubPUT2NWTzeHLZ,buy,NVDA,FkzjAJX584L1LncQb8AKSnGhc5sLvZjPGCgZLGpeHyTH,26DbLxVUgQPmmwwFNpoWbeTuCT7jn8f19cFZeRtzNwyW,D9ADo1ZFG2QZJ9yJJEiEeAQ2saipoAhQu3qK8gWb5a2S,2000000,9104151,219680000000000000000,153,1,2026-08-19 18:46:51,3coQfkM1M7NBUAxiJB73qfnX5ADru2BuapTz84HbnHpUN94gKakNdq1xDGVfTzY2kQnrhPC3anJeug8cFSy1yg7k,8,2160550158245993527113198839184442188,9067876,9104151,,,1
2026-08-19 18:46:59,BjcvyEPeiQaY2kUoDAjSZidH22NGwbBoSSgfMwecouxJaxzAbvv8WJEQxALwVox7K2Q6Q8m8C2wUhR9AuYw93Q7,buy,NVDA,FkzjAJX584L1LncQb8AKSnGhc5sLvZjPGCgZLGpeHyTH,26DbLxVUgQPmmwwFNpoWbeTuCT7jn8f19cFZeRtzNwyW,CtH3NHV5DWV3kLDwc9qJ9FjsBr9TqEafzhYiHFMkdjPW,2000000,9104151,219680000000000000000,169,1,2026-08-19 18:47:07,2SeSFSv4tTynCXzAd8xUULP2fyMExdskxrSzMw42aajB4S8zjT114GBmWr5vyNzYV8DwMmQhWXBcjUwBQsBNfp9S,8,2160550177772568379433822876995794332,9065068,9104151,,,1
2026-08-19 18:47:15,3kfmBwpgpw7rtLtiNGZFqufL49tdXX5oDBc56Tnbpc2766gy9YBXJvZsgss3EqfJZ4xk8eyQ8mb9wMUsRanmzZxA,buy,NVDA,FkzjAJX584L1LncQb8AKSnGhc5sLvZjPGCgZLGpeHyTH,26DbLxVUgQPmmwwFNpoWbeTuCT7jn8f19cFZeRtzNwyW,A5Rk8BaPw72JTsrgDjwXc2Kuy3MgA6SugPm9FjpwWWv8,2000000,9104151,219680000000000000000,185,1,2026-08-19 18:47:23,3TgD7iqjqT3PT92vQuquFNmr4pRgXFNBSBF7FRJsBk82wonrd2Uba1Gob5CpnwTAxYKny2xCoT5cMMz37ogENaLT,8,2160550197173400801449324453550955406,9062838,9104151,,,1
2026-08-19 18:47:31,5AijV5gpp2afeQ3owdJSDN2Jw4B1hKqRQhYyyDKZgTwUwtwhGkaaxsa7g1gXdeH4hAMddd2UkwQc41K7zUsqjNcT,buy,NVDA,FkzjAJX584L1LncQb8AKSnGhc5sLvZjPGCgZLGpeHyTH,26DbLxVUgQPmmwwFNpoWbeTuCT7jn8f19cFZeRtzNwyW,CCSFe3Jiq8EQ288D5cR86xbZ37XncGoFZcCPSzgFTTzs,2000000,9104151,219680000000000000000,201,1,2026-08-19 18:47:39,5wFGxSbdNnfzZUMFN4ma8zvNdwefHq2HoX8gnjtEJV9fsJXGCmQ5LwNRmxcMMWHacLYCXaAi6QFNynvn4hoHMoAe,8,2160550216611704004499669065194655490,9063746,9104151,,,1
2026-08-19 18:47:47,36cDA9g9Di2bzbmJsZMDi2L9Wgfcu2eemJsVrov7iTGonDVoMBsFge9bd3CAx9GW7JjD2X86i1QX8HeBSzBdtruc,buy,NVDA,FkzjAJX584L1LncQb8AKSnGhc5sLvZjPGCgZLGpeHyTH,26DbLxVUgQPmmwwFNpoWbeTuCT7jn8f19cFZeRtzNwyW,4vbyC46r4DkMZjBRwgPhv2E8yxQhznpsVMtUX7aKAad7,2000000,9104151,219680000000000000000,217,1,2026-08-19 18:47:53,4NvfUKsub4JnNmjYTN15vmqgRPRfpEfFLmKVJVJNU1JSZqoL255GimCAk9PgaXrA2CfTbvQAEZsRryiFrXbuYqz9,6,2160550236080271782935331001913589643,9064985,9104151,,,1
2026-08-19 18:48:04,ewnr5Wnu8QF8UENJ9S7mvCqbXdCdtgvDirNE3u8TmxsnPQwZ1HfBSHhBiqH7DgzMqvwhUnQAG8cUdBSKAqPKssw,buy,NVDA,FkzjAJX584L1LncQb8AKSnGhc5sLvZjPGCgZLGpeHyTH,26DbLxVUgQPmmwwFNpoWbeTuCT7jn8f19cFZeRtzNwyW,FWdMJPhxRkk4Yurfbqbe1XCEsvKbhafLLSyjdYWnLZTW,2000000,9104151,219680000000000000000,234,1,2026-08-19 18:48:12,W5rcicJtm2N57wQtfKt6DYmGRJAwkhFiE4JNPG6JvrSj8stL2MGtk3rgkuMWxNXCssqrHATW9pLth5R9Spy2k41,8,2160550255545180721867246511983215286,9062508,9104151,,,1
2026-08-19 18:48:20,2XyzpFoFJedPqe717LpS6nKWmdh5Ax7ZBKhpBpnUXQuE47V5BXyyY5o9Pu9QQb6DxZezsbFJDNDQLHokaan7FR6H,buy,NVDA,FkzjAJX584L1LncQb8AKSnGhc5sLvZjPGCgZLGpeHyTH,26DbLxVUgQPmmwwFNpoWbeTuCT7jn8f19cFZeRtzNwyW,E8kuFw9dwov6K9wedVLdAjrN7fHmi4gBTSY4LWwVwD7K,2000000,9104151,219680000000000000000,250,1,2026-08-19 18:48:25,2MEFL7f88yt89yj7aKkek16wuYTt8cvNkrj9ZLvGdf2wfqp36omqQs529h2na6mNayY1Abm4gUjxZ8XPp6WPEo6i,5,2160550275077784177320101093798475496,9064572,9104151,,,1
2026-08-19 18:48:36,5pnHbqeHJ4VLjqJhEzTWP5qWAxbNAxEBtd6WGQ5vHvYLc7JLyS8nFHxrWr1t6zg2VxyMirFs38CqdS4qe8473cL2,buy,NVDA,FkzjAJX584L1LncQb8AKSnGhc5sLvZjPGCgZLGpeHyTH,26DbLxVUgQPmmwwFNpoWbeTuCT7jn8f19cFZeRtzNwyW,97MrXdkFBcWNNtvFvo3hqLDCh6coeWC3MJoWCQFBsm27,2000000,9104151,219680000000000000000,266,1,2026-08-19 18:48:44,3L4i1jFssXJiYtssUt1gV3Q8jTCPEfxopvrx1qYT8VFrzi3ZhGtcXmX5o1T726HY7kBmCaeLvWsqd4gN7VkidZc,8,2160550294296088686693476655324563245,9060527,9104151,,,1
2026-08-19 18:48:52,2zDCz7CgJR9ZHa2KcmebDS5zyQwtq7zCBjLQwGru75fVz3vXekUjvYQbjNBRuDyX3vHbYeqMCRmMHrFEV3mXVQaE,buy,NVDA,FkzjAJX584L1LncQb8AKSnGhc5sLvZjPGCgZLGpeHyTH,26DbLxVUgQPmmwwFNpoWbeTuCT7jn8f19cFZeRtzNwyW,8AzbQSXsZX1Zfm24etaELTkyMwVBfnmJCRRyiAgqs1gx,2000000,9104151,219680000000000000000,282,1,2026-08-19 18:49:01,4buuQmAqvfu8nLrd521W8C8DJ8QJTCMZQa3eK54YZpvsiWTorR8zXxqjSz9NyaV5KNsEkwBedryKyjd3QHdGpTmc,9,2160550313559089710000027684422229404,9063746,9104151,,,1
2026-08-19 18:49:08,2VZfQCtYcxV3n4nbNaEnPxGbr1zC2a6ZZFNH4azLLHfueTowVWiWCBXsL8ieDfYL2US1fpWVQnsYC95C7vjgswjh,buy,NVDA,FkzjAJX584L1LncQb8AKSnGhc5sLvZjPGCgZLGpeHyTH,26DbLxVUgQPmmwwFNpoWbeTuCT7jn8f19cFZeRtzNwyW,77Nc3u9CkghhPqnntTbKbLNLvsnSRMggonWSXPCQNiWc,2000000,9104151,219680000000000000000,298,1,2026-08-19 18:49:14,52XfmWyQ9G6snAc4PA1e9jehnE7S81MfV48EDq6Fob8dvsQFK1p8WFVHpw57yDBddRcL8NHeDNMznXGBkUMTyPkP,6,2160550333053013551652080855409159244,9062095,9104151,,,1
2026-08-19 18:49:24,2XoTWNaA1aqq4XZAUfVET8zCqvnFTD157yShGb2rTbqxH3dWYkNqFk4sa8ZiMonTSbTvD3mCmqL8EDu8bfYT1twY,buy,NVDA,FkzjAJX584L1LncQb8AKSnGhc5sLvZjPGCgZLGpeHyTH,26DbLxVUgQPmmwwFNpoWbeTuCT7jn8f19cFZeRtzNwyW,3LBHANt9S7UsBHNdLTSTfhXNafx6eMFjh1cQ4mVpHeeU,2000000,9107882,219590000000000000000,13,1,2026-08-19 18:49:31,VpXS8iUuuG8WvwMefq2QGZZfXUAsRD9cvp5ZVx8iXFqFKvk55p4YuYMzNRGG3Q7619jUUwXNGEuyZR5tY8f3pK6,7,2160550352540918094827983492958620521,9062095,9107882,,,1
2026-08-19 18:49:40,46EutyoeCh2Qe7Ft32qnRCi1a6gTm3QjZgEUeLYCERYqD35du1VL3GrTyiGqTAhoksQZCrKiW779mUycSy6EYvZ7,buy,NVDA,FkzjAJX584L1LncQb8AKSnGhc5sLvZjPGCgZLGpeHyTH,26DbLxVUgQPmmwwFNpoWbeTuCT7jn8f19cFZeRtzNwyW,BwNVeH7ZekkrPzPsrmi9MyGudNS2w5oSmuMqMFbkRRzQ,2000000,9107882,219590000000000000000,29,1,2026-08-19 18:49:45,3p5EsonC3xrQJJ59drauss3MG1JYhurL7mFJKoEHzFkdE92fVuf68yVcvHRuY4HAaAjkax6YCbdJ8Rutd1EeHFK7,5,2160550371799100776260775862240040630,9060940,9107882,,,1
2026-08-19 18:49:56,p2ZFXPsnxp7givfwQCMGshk6241HicswpEXq5kxVPzuUPwUxAGJ885RyCuRzjPh39aTG3G69BRZ1khthix9LPHr,buy,NVDA,FkzjAJX584L1LncQb8AKSnGhc5sLvZjPGCgZLGpeHyTH,26DbLxVUgQPmmwwFNpoWbeTuCT7jn8f19cFZeRtzNwyW,8psvogLcDnQd3jZuh6BrARSqVyEmpYZgZAaqTqgLda9f,2000000,9107882,219590000000000000000,45,1,2026-08-19 18:50:03,2suvY8K8xv3BEFwa7WtkE2nqTB4P468a5LnAh4rE7S7v6n6ouDxPftZEQbfg2oc68iZnLLFL3upXZ3nLghQawUys,7,2160550391175771761407232865833467762,9060032,9107882,,,1
2026-08-19 18:50:12,2BXKQNmQguoTezbKuJsBNhEZ2ZPtv1AZKVcLDzG9b9Xzf2wsrwL9tsymXFGjFhYQZZZqiPWdRZi9NAfHneZTQmDf,sell,NVDA,FkzjAJX584L1LncQb8AKSnGhc5sLvZjPGCgZLGpeHyTH,26DbLxVUgQPmmwwFNpoWbeTuCT7jn8f19cFZeRtzNwyW,5T4deTSQvBcAsBPUSDv7teHa78C7Hd6Nug3BX7xjMUsU,1574021,7168000,219590000000000000000,61,1,2026-08-19 18:50:17,4ijYUb1TnAnbNiewk6zKGUr6Gmg65FFXZgjjFrEDk4Xdn67t2QpnKE2gjM8YcqdhSaL8uwJiNqZ543UCp8ULw8ZD,5,2160550410499230477153993595238030744,,,1574207,1574021,1
2026-08-19 18:50:27,2aUG7xEzUkrKRLQjRSPfyMt4o6B6n1ks8y7wLWc6SjdrAPNzj6JHkhQ8CP81bY9LBfJWq4YTqoDsmEaRXxhJf6od,buy,NVDA,FkzjAJX584L1LncQb8AKSnGhc5sLvZjPGCgZLGpeHyTH,26DbLxVUgQPmmwwFNpoWbeTuCT7jn8f19cFZeRtzNwyW,5hT72oYaiN4iva9cA821FCZzaLv4jYnAEznuyzBwBqt5,2000000,9107882,219590000000000000000,76,1,2026-08-19 18:50:33,2f8LAGYcdJgRaA9v9PUgpkZ8GAzSdosBLVve7smzVD5WdmVGeSd2i1MCQL9dBKkf8crMF2D98MJpjPuQXSBsjkSd,6,2160550429680037515432077309549694965,9060858,9107882,,,1
2026-08-19 18:50:43,5HA4oHXN3yU6NM2tyNuewKtja9xfEExQEQcv6S49f4X4W71GKymfJKEfFcdtLTMD6b7aQMJUGMm8ojpTDrGb85os,sell,NVDA,FkzjAJX584L1LncQb8AKSnGhc5sLvZjPGCgZLGpeHyTH,26DbLxVUgQPmmwwFNpoWbeTuCT7jn8f19cFZeRtzNwyW,HycuszaYKJJh1GtoUohkc6d3Nf42N349TU4xFzn6bjB3,1574021,7168000,219590000000000000000,92,1,,,,,,,,,
2026-08-19 18:50:59,5gBNKfqWfTMzYa2E6CMujcLWE9a5hJTpYucDBg7kS2CaqEPtoVMzBJmcUaowreapBP9DQjyY9E2cB8ArkFrFqFAA,buy,NVDA,FkzjAJX584L1LncQb8AKSnGhc5sLvZjPGCgZLGpeHyTH,26DbLxVUgQPmmwwFNpoWbeTuCT7jn8f19cFZeRtzNwyW,4r8PmpTUk2Dmt31RjVVCjN3B6fk7vmxonfqAg696Jxi5,2000000,9107882,219590000000000000000,108,1,2026-08-19 18:51:06,2Bc3yNRSdn3yg5GDRW47FPk5XCc5gBpiUjXSPpXDZKFNnagPhL52PRvuTYrzRyNtbWr9taAhPNVs7u8UUNgiwf3a,7,2160550468074345015064520049357697693,9057476,9107882,,,1
2026-08-19 18:51:15,3n94yFkFmRGVMwkBtXy5aemrX2aME9W8BiT64s5twAUcvR3xqenSYdjDhrVm1RxsZDQj1uAiQvRAy4W6b6hk8nxo,sell,NVDA,FkzjAJX584L1LncQb8AKSnGhc5sLvZjPGCgZLGpeHyTH,26DbLxVUgQPmmwwFNpoWbeTuCT7jn8f19cFZeRtzNwyW,CtH5fHL1MLNiaYnqBdgLyY1maDiqskX4L8AXxJuHwXoe,1574021,7168000,219590000000000000000,124,1,,,,,,,,,
2026-08-19 18:51:31,2yh8mTrxS7c3ZUyez2NAhxckRiu93jcahGzRRQGPTd6bD9DXiWBPLU9TbBpKecoDhdQgz2euQsirkqDPeVKhhDSp,buy,NVDA,FkzjAJX584L1LncQb8AKSnGhc5sLvZjPGCgZLGpeHyTH,26DbLxVUgQPmmwwFNpoWbeTuCT7jn8f19cFZeRtzNwyW,6AGE4ryMT1Qv72kmurKeUXQfjwtUMN1yYi22zjK1yevM,2000000,9107882,219590000000000000000,140,1,2026-08-19 18:51:39,qLGSuXVBKCFTFUoXJsyGZJS5EJK5aVFXxFq9hzy7nYS2GVgY3Ewek5cPV4AUzTpxjkS4pkBBvEqfGGyXmdUJLVi,8,2160550506213503268988716390353218285,9060115,9107882,,,1
2026-08-19 18:51:47,2pUPEF2cE2iqfaXC9THUyXJ12FuUEaGgcTLAm24ebMiiTamefsv7ngLxpWhwwgAR9rM9SrSzU6vgaGyA4B2CoWic,sell,NVDA,FkzjAJX584L1LncQb8AKSnGhc5sLvZjPGCgZLGpeHyTH,26DbLxVUgQPmmwwFNpoWbeTuCT7jn8f19cFZeRtzNwyW,4THgA1BwijasTiwxLribuv4ScVCm6joYhqVEcr9VbZDr,1574021,7168000,219590000000000000000,156,1,,,,,,,,,
2026-08-19 18:52:03,62XJWhBoDsZZYf18w45b1cxvjgUGTLw3yqrcftg7CTqj9c1oYS6Etj4ayjNVfQbD9uU4cwLx7gTzFnFNFb1jBSDc,buy,NVDA,FkzjAJX584L1LncQb8AKSnGhc5sLvZjPGCgZLGpeHyTH,26DbLxVUgQPmmwwFNpoWbeTuCT7jn8f19cFZeRtzNwyW,G9TQFvBHobjEhFvHBnK18w4eMPE5rLhWrtJJnJf6ZXNy,2000000,9107882,219590000000000000000,172,1,2026-08-19 18:52:09,3Zo64XJSEUiugh9MC2BRuncJ4yHB73h79rW3QqbUbAns3qCJMPJNZZneQ3apSn1X7zGsZfRj2oYEVGJ4qRcig8oW,6,2160550544841117273480974252674951656,9062921,9107882,,,1
2026-08-19 18:52:19,38TDj4dk9PcMvKD4hh7gMehbnNSFugxTG8UQ515Av5UirjmbzTidYS6KDYUKF2uVf37mUnxmV8nQc9ycjQZMpM4o,sell,NVDA,FkzjAJX584L1LncQb8AKSnGhc5sLvZjPGCgZLGpeHyTH,26DbLxVUgQPmmwwFNpoWbeTuCT7jn8f19cFZeRtzNwyW,CqVDuyXb3zjFe65jd4dp5fxfn7ReXiGv8L7mLqXjZfYZ,1574021,7168000,219590000000000000000,188,1,,,,,,,,,
2026-08-19 18:52:35,5XgYUXPrNqvDkmrnBYFMh9PUA6GtTpd1rK38uw9RqYwgJY6yhYTdd9JvW97zxCnx9mwFx1u1aCLuoWZPern4whXS,buy,NVDA,FkzjAJX584L1LncQb8AKSnGhc5sLvZjPGCgZLGpeHyTH,26DbLxVUgQPmmwwFNpoWbeTuCT7jn8f19cFZeRtzNwyW,9zJCsDGkgdc9rrZZeW5nretXinru5icyzkVawXRv9ifP,2000000,9107882,219590000000000000000,204,1,2026-08-19 18:52:41,5HZqbPjbqx9mJ98UiADWWANecPJ42nTG4eW591T9kfRM6L9frkxs1M4fW16fKLdqamYv7NYsgyUXebHJxEiXDJ3N,6,2160550583357495470883923005396237369,9061353,9107882,,,1
2026-08-19 18:52:51,axoWJDenTAPMgb8wtGbwMUVstDnGKGooXrBnany3LY4Hvib24ATJP8zJoHzApyrRanbDtRNLT2EHR9m8qaotMw1,sell,NVDA,FkzjAJX584L1LncQb8AKSnGhc5sLvZjPGCgZLGpeHyTH,26DbLxVUgQPmmwwFNpoWbeTuCT7jn8f19cFZeRtzNwyW,5oxLmuz2CkXasSMZEogLv8CTwSXSpPWohMpoc5QxpqQs,1574021,7168000,219590000000000000000,220,1,,,,,,,,,
2026-08-19 18:53:07,2VQdyt4q7a9rjk5PYxgchKwzLeSJAJiD52ZwRy72ZGDHC1estv8ndraf64fDh7i95PzE3izxUGQNBNTW6jrnqjAm,buy,NVDA,FkzjAJX584L1LncQb8AKSnGhc5sLvZjPGCgZLGpeHyTH,26DbLxVUgQPmmwwFNpoWbeTuCT7jn8f19cFZeRtzNwyW,3GiN3RJjvfz7w4gvqay6WRavBV1JfnRtQdvNaLX9RKdR,2000000,9107882,219590000000000000000,236,1,2026-08-19 18:53:13,3WZasH2vCDPhF6jtWXj1MMt6XuJwEiErh6ZmevLany6bDj64d9Mx7sKHXTR68bFXaKLN462cuSUcBJ6FLfGsSNte,6,2160550621983900550486434015072187959,9064985,9107882,,,1
2026-08-19 18:53:22,5nPDtZqAFZg6tnWRc433cCp6Ft7HyGbjgqB1Y8ByYuSgEsL3SZq737x6cYhyH3SL8MsfVjgrtDZM3opsvgdDJ7qp,sell,NVDA,FkzjAJX584L1LncQb8AKSnGhc5sLvZjPGCgZLGpeHyTH,26DbLxVUgQPmmwwFNpoWbeTuCT7jn8f19cFZeRtzNwyW,kAU8E5jnoyq87PbuSatEzUdFd8M2W9puDQert1eWLyd,1574021,7168000,219590000000000000000,251,1,,,,,,,,,
2026-08-19 18:56:50,4uXuKGWpGnmsgXYLU6nYvD2ZYLxx6svkUtEyW3svBGKJFgYn9oJZVzwJ2eto2AHJvETZsgUEWhAte4fPoEYhTnsm,buy,NVDA,FkzjAJX584L1LncQb8AKSnGhc5sLvZjPGCgZLGpeHyTH,26DbLxVUgQPmmwwFNpoWbeTuCT7jn8f19cFZeRtzNwyW,3pS1QSrvcKYEW6sMzixPbqicQH1zZL36k3N7biMouhtT,2000000,9107567,219597599999999000000,160,1,2026-08-19 18:56:57,4tXNSbJZQq7CMd5YT2xkADiEX7DyvzXR6fFVMe4NbdzNFXU8zpchLVAJL5FRwjbq78ftkgkwo9qgRDGe28jLpzzG,7,2160550891866901680070315776241965100,9070770,9107567,,,1
2026-08-19 18:57:06,5xjai25BS5QgkVm1xMVB23d6pcb7ySS1Yd5gXhBgphaHXUEdNYKHK8zaYYoFHJgohaJ4VymC7ZhfJhtfovtbxPzv,buy,NVDA,FkzjAJX584L1LncQb8AKSnGhc5sLvZjPGCgZLGpeHyTH,26DbLxVUgQPmmwwFNpoWbeTuCT7jn8f19cFZeRtzNwyW,CLUBwM3VYW4SwXs1NAsuGmBWzwmhKLjs9iuffeZ8RBeB,2000000,9107567,219597599999999000000,176,1,2026-08-19 18:57:13,4KSWLXM5u5PbcmwygYRzMpupwiCN1psV6hTcPLLY2tu61FZDjrfLdrSvtow8CexFq79fw5Qfd2tSGUurv8f3TsDK,7,2160550910871209474790446933406953369,9070770,9107567,,,1
2026-08-19 18:57:22,YvyqHEExSy6ZmWes1Wcaf6wmXawdA6EUUkr3TCV3SmGJKRbTbpv9QZn6fYn5wSzhRWRpvEh6h7hyihGoNqciN6K,buy,NVDA,FkzjAJX584L1LncQb8AKSnGhc5sLvZjPGCgZLGpeHyTH,26DbLxVUgQPmmwwFNpoWbeTuCT7jn8f19cFZeRtzNwyW,6x6QU7RLi9hzTZpsU2Pf2FFbK8PvFgNwCe1pguA2XxjU,2000000,9107567,219597599999999000000,192,1,2026-08-19 18:57:28,2MYAhKxRkuqnvFeTqFKCoAtVYch8a3Ko7WUDr91srE1sq97NnyMioykmyBvxN1AuutxoVszeteC141ZkyxvQH2ET,6,2160550930176558468931948040345020677,9068703,9107567,,,1
2026-08-19 18:57:38,ZN1PrHarizREDQ6CtbLc5fuBftUjWtL1ASXJi9UoPfS1pASJDZEYhpJnXMopd9NsvvUCypwpgYPiX5jj37xgn51,buy,NVDA,FkzjAJX584L1LncQb8AKSnGhc5sLvZjPGCgZLGpeHyTH,26DbLxVUgQPmmwwFNpoWbeTuCT7jn8f19cFZeRtzNwyW,Aa2uFCMKmaXADpvpDmQB6SE2TUuWPBdQvYkvp5PzYAhv,2000000,9107567,219597599999999000000,208,1,2026-08-19 18:57:43,DphDNWbfZBt2TCeciFu4wLzjJ97uGPeWepLfeAvHgg72R5m5hHh27gcqphZRY8GrHibWHC2qwTNQaq9XsBGiyPS,5,2160550949485526513886648997900432563,9068786,9107567,,,1
2026-08-19 18:57:54,4ci6x5xRMLEWSWnE46xi4o6LsWhKWRx8PqUao5F5sxAdbXxSgPdUvGsdvztPJV1aVU3Ki9hMfbJXZ7YafK8sgfok,buy,NVDA,FkzjAJX584L1LncQb8AKSnGhc5sLvZjPGCgZLGpeHyTH,26DbLxVUgQPmmwwFNpoWbeTuCT7jn8f19cFZeRtzNwyW,27DYd9tfN6FxNLYTA2cribbuy6Nr1qtxjeJGm7SNKxXQ,2000000,9107567,219597599999999000000,224,1,2026-08-19 18:58:01,3SiHjd7sktYXcpjRNSetAfiSAyQSRHsagonvn3GExc4nFyQPTymwPqHgMcBKR5qV8ma3t47M5KsHzu2gp78cUVZL,7,2160550968877909625505865869468283285,9069530,9107567,,,1
2026-08-19 18:58:09,3HecMQ881dMxoK7QuQiVkYceoi4WgYoF7XQQfqjhphFrGLwGUaCTo21N5ZMnsyhgY5CMmZhjSjghStGJ8e6cLGT2,buy,NVDA,FkzjAJX584L1LncQb8AKSnGhc5sLvZjPGCgZLGpeHyTH,26DbLxVUgQPmmwwFNpoWbeTuCT7jn8f19cFZeRtzNwyW,GUkqHvaiGscwzMbzeshkvK3KCpyg9GZquegRKdYTHdPk,2000000,9107567,219597599999999000000,239,1,2026-08-19 18:58:19,4wsEw8GPx12S5HzMW4aqXLwaZtCLXNLoJtpAug9z6BiQdN9GcFKr5s45uv8oYZRy86RiSNcqfnYWTFf8St9PgKSY,10,2160550988055088409822480839511160851,9071183,9107567,,,1
2026-08-19 18:58:25,bFqaVaFuFfT1KB6HgQTCb4bxDhkCgy7AbjYoQKpSHZkvzVywuLUcHcZ6wRm7xubd6j44uqQBAKVEKUKm79oB8Tv,buy,NVDA,FkzjAJX584L1LncQb8AKSnGhc5sLvZjPGCgZLGpeHyTH,26DbLxVUgQPmmwwFNpoWbeTuCT7jn8f19cFZeRtzNwyW,4uYznzV81hv7uAeZUza9KEJ77rv1z4jczKPFfhoMjCMn,2000000,9107567,219597599999999000000,255,1,2026-08-19 18:58:32,5dXLJo9YHqq7e7wihb9mBjeQsNEP5ghbo7JLKs48JhByB4X5G19cMFYRRZ5FexmxDUiupuvY3FeeVHQ9AZx1aVEZ,7,2160551007237090665815102670499750880,9068786,9107567,,,1
2026-08-19 18:58:41,2nEcU8skQsfn5N4R1eG4nKPANuV1zEgm1hCWpRbMv5nDePueQn6AUM8e2JERoUSzSqLNzG5dddGBhz6WmterAsjc,buy,NVDA,FkzjAJX584L1LncQb8AKSnGhc5sLvZjPGCgZLGpeHyTH,26DbLxVUgQPmmwwFNpoWbeTuCT7jn8f19cFZeRtzNwyW,AbQxDEzSpTBvQ8BgAh8EosYmPgfVvY74uzwfZeveiCRZ,2000000,9107567,219597599999999000000,271,1,2026-08-19 18:58:50,4HTgTHHWbXZoVXwDBLnqb2Ev381JRmSHawScJxsvRdiv7GWJ4W6Y2L5RSYSPkdFPGWtt5TvyAW2reEFsJThZFEm9,9,2160551026509793221589443116194861286,9067050,9107567,,,1
2026-08-19 18:58:57,My4iPrYXTDkAu3NMSp2Q1u6WVV2EoNuPN6sAj7rrc1JdevRFa4MnCaay6tmjTzg6hpWVoVhE3EM9xXaMx817qhc,buy,NVDA,FkzjAJX584L1LncQb8AKSnGhc5sLvZjPGCgZLGpeHyTH,26DbLxVUgQPmmwwFNpoWbeTuCT7jn8f19cFZeRtzNwyW,ACsH3yK2NaVFhwBMtvtq81AGBB4CZgo2iJ8zaddcAYpY,2000000,9107567,219597599999999000000,287,1,2026-08-19 18:59:05,4ewfJAZ3V7US9ryCKbTfLLuV7GH5LpNy8cjaUY2GK38yYuck6soTGSoXALTgWVVTAXMgg3r9fT7AVcwwo4722CHe,8,2160551045720846368798574062609186263,9067959,9107567,,,1
2026-08-19 18:59:13,2wQJFCwKTwrs8aEaSPGUq1frwq5E3EK87LKq5HdyfFgM5m1KoNQZNEThjukjdgJkuPXkxL3sVjQNW73vijrZmKzJ,buy,NVDA,FkzjAJX584L1LncQb8AKSnGhc5sLvZjPGCgZLGpeHyTH,26DbLxVUgQPmmwwFNpoWbeTuCT7jn8f19cFZeRtzNwyW,2w6bf2zbEXCrv9vMsiDXGpyHc4YVCxXPfjH7ZgdewKwt,2000000,9114108,219439999999999000000,2,1,2026-08-19 18:59:19,3LCrsgUUyqwUJ9cbQ5aCpxZs7CdBRiuPkPk2kbnzQWDT8VSgT8gurLnCreTcqTxLJAM1UDKchyCpPbcQrxSCUAkz,6,2160551065078148072797745538202027302,9069116,9114108,,,1
2026-08-19 18:59:29,4KKwSKwKCyep7QMn3TtTQAHbGQ6hTu5KVcXFS5jJtTNwXFA6rgkomEwWg1bLxMh79gWpq4rCSZzhrqJDGNzvMNwE,buy,NVDA,FkzjAJX584L1LncQb8AKSnGhc5sLvZjPGCgZLGpeHyTH,26DbLxVUgQPmmwwFNpoWbeTuCT7jn8f19cFZeRtzNwyW,5WNkyTpjGiDQxpvjR5MchMiSCGhca494RfaeFR6aK9a3,2000000,9114108,219439999999999000000,18,1,2026-08-19 18:59:34,5Y8Wbo4GZHG6H7sVCe7o2EKBJstBA7BCVqvtD8DnBCVuB69TH61DpQFWn8Rjs9FL77XYGm1qiFP5QBoB5SFSDDgC,5,2160551084702671025104735663359643380,9068786,9114108,,,1
2026-08-19 18:59:45,2Vi1hqnEi8GwZ422UDbeUqtpdAawg5mg2aKmRgidfmeTC4NyT2sRk6u4trCh7QggNRtYhsNeWb8edrnDUx5jR1yw,buy,NVDA,FkzjAJX584L1LncQb8AKSnGhc5sLvZjPGCgZLGpeHyTH,26DbLxVUgQPmmwwFNpoWbeTuCT7jn8f19cFZeRtzNwyW,EWLk7JjkAqrzvJctoX4SoKPP7wvMEp6h1Qvh8ebSSQDj,2000000,9114108,219439999999999000000,34,1,2026-08-19 18:59:51,2PzycJxa9kq9UnChHZ27Bvci3ui9KL8aWzXBPvYbpDnwEbUN8PvHpuauvzqpjku784ZquZUgYytFLoU426zMCgYr,6,2160551104001950100280892929785859912,9068620,9114108,,,1
2026-08-19 19:00:02,mCXfScZ2y8uD7Ui1NwyAN5yfTK9myVKJsnwhSdkpEE5i8Q4QBRiSrW98ToVoHNjwMWa7GjN8hCfMRwHy5yWK5Hs,buy,NVDA,FkzjAJX584L1LncQb8AKSnGhc5sLvZjPGCgZLGpeHyTH,26DbLxVUgQPmmwwFNpoWbeTuCT7jn8f19cFZeRtzNwyW,J5KJigMqg825NEC4MCRsszgtVwNPVaNdq5wgHtsSXvt6,2000000,9114108,219439999999999000000,51,1,2026-08-19 19:00:09,9nC2VHXFTkpHYxupknPngoFx2xSDr1BZiqBg338crZGCVfXoUDU4Ckm8aY2MYRLX838hpP6SicgSHmwiQcgSmnh,7,2160551123197291161371991160719657456,9066224,9114108,,,1
2026-08-19 19:00:17,5jkuw7fqJ1mEBPBMnUc3AsiwUMgpmx5wo8f8EoccM8vxWbv86KawXtY85sZzQfMfcDmUQjCKgEWaWcKT77d8V2r1,buy,NVDA,FkzjAJX584L1LncQb8AKSnGhc5sLvZjPGCgZLGpeHyTH,26DbLxVUgQPmmwwFNpoWbeTuCT7jn8f19cFZeRtzNwyW,6iVU1bpASybvvnPyxvkrMQcvHgzg3PCBrocjMX1ruQdA,2000000,9114108,219439999999999000000,66,1,2026-08-19 19:00:25,3BjJ55cG6Ln4ma9Yp7hAGkKEm5cq4HGMG3ZMCHEmwu8Lxx19Qp9LrU7PaaNkWmafGvKvRPmyoJbEjV97DuiC2Xi9,8,2160551142941435663283644346606392969,9064159,9114108,,,1
2026-08-19 22:43:38,kMVsQHFXyctxjgSscCkiFykgv2ohTsrXLnQxAGxcfoipGQ5xsQguotGeUjGosap6G2xCdBvcYFf447726PeFhVN,buy,NVDA,FkzjAJX584L1LncQb8AKSnGhc5sLvZjPGCgZLGpeHyTH,7ZojnzraitorXTQXynyyUzkoDuCdovaJzs8fWR85UdZ2,7ReqrZ6giuQWRHUAxyS29jYrKTtHc9DMf9cYPEeT2qGf,2000000,9145695,218682099999999000000,237,0,2026-08-20 13:30:06,mv3biZKffzz6gjdp8iEmGjzo3wzW5pK4QoPyuysmzjiUJugvNaJypEAkjc9z9xkqgq15NisepDcCjNZNkGH9aVp,53188,2160567326500137186495406379266324497,9102552,9145695,,,1
2026-08-20 00:14:28,2tWtrY2iCEfHG8KKyKpfQUc1xPg16oaMJPQ4VE1W9RZpM1HnsjAjzf9ZAzT3ATRWgTHRRGaMoCJLN54SgvdWs4SB,buy,NVDA,FkzjAJX584L1LncQb8AKSnGhc5sLvZjPGCgZLGpeHyTH,7ZojnzraitorXTQXynyyUzkoDuCdovaJzs8fWR85UdZ2,523U6S7tEDamYPchFgeurdFhXhDK3Xej5ZkTUHS64PNT,2000000,9151014,218555000000000000000,286,0,2026-08-20 13:30:04,7V6QUdFTUM8bxDgk2nabvGPERSNvHuXgeotkZhrYraYDhw5jAh8oQcYEa3WszzcekqkfksDqmBQSgTDyFbuQrRV,47736,2160573923851341952664711729616506894,9102552,9151014,,,1
2026-08-20 15:50:18,2cUfUKKJDyxwWUhKf7A36TsYXnKpx64tNja2teUGSp3wYidTwp18kDxd7B2UCvcV4kuQBuxt5GtVFzra64Z1tEEA,buy,NVDA,FkzjAJX584L1LncQb8AKSnGhc5sLvZjPGCgZLGpeHyTH,7ZojnzraitorXTQXynyyUzkoDuCdovaJzs8fWR85UdZ2,2ASP1365BKicKEoe42y4JbM59t3GyHkQcuUF4u3rVgxp,2000000,9257116,216050000000000000000,75,1,2026-08-20 15:50:23,qHERRXD3B8yrVgBvcBeXMGwmqRyvjCk276d8oHkgNCU45sWaP7myP2XW4LB8mit7mfDHGCqTzhAtsytg2cUkZRH,5,2160641797938518150412137247593721086,9211086,9257116,,,1
2026-08-20 15:51:21,dVViFm25uPfeTtFa2yrtWEuFxmrY3h3bFcXuTs5SMqTCcbrbsextM6UMvvNfPGbKNkxefmpGM2MdiYJzkkNKmxT,sell,NVDA,FkzjAJX584L1LncQb8AKSnGhc5sLvZjPGCgZLGpeHyTH,7ZojnzraitorXTQXynyyUzkoDuCdovaJzs8fWR85UdZ2,519yBA8bPMrCfUqz2xNVhRDomZriUaXnAr4oBWkoJhLV,1999999,9257116,216050000000000000000,138,1,,,,,,,,,
2026-08-21 17:07:05,31kggmMW4QevhbXFFpvvbz4bGF7bPTRNxjqbos33Pq6hhXJmZUzuadCQjoyoKzfYsWMw6cLFy93cGjgZTqoh6zTP,buy,NVDA,FkzjAJX584L1LncQb8AKSnGhc5sLvZjPGCgZLGpeHyTH,CHAcdTTgXG2GJrdaCNrYLMUbsLK6VEzkenBa6TnXYVTU,FU6vKTb2mcApkHhcft5tJbUuTyrjxtK9jhRr7yxosGeN,2000000,10000000,200000000000000000000,,1,2026-08-21 17:07:14,4by1TRBH7rkpvwL84Ebq84MRwso7BQuEfa1ZfRUEJDd4Tn2GDkhH3gByJ3s9jtskkynzHkrrmXuTySPRKimxdK44,9,2160751824956320767830627048810356972,9236653,10000000,,,1
2026-08-21 17:08:48,3JeDok3Evrh737QJgPGp3BFig3ku5uBo5n2wvoHMXXLB6e7vopbuyaqevgxWCwUpg2fuXY5hRo48rQVxqpzkWxSB,sell,NVDA,FkzjAJX584L1LncQb8AKSnGhc5sLvZjPGCgZLGpeHyTH,CHAcdTTgXG2GJrdaCNrYLMUbsLK6VEzkenBa6TnXYVTU,F9ZuLE8ZZnc62ArPzZSvMVRQZEXNpBRXikEwiuHWkAUN,1000000,5000000,200000000000000000000,,1,,,,,,,,,
2026-08-21 18:11:11,2GxUvMivnkCT2yvbmQqiMxHKbNeQJZuZXEqTKYGn5SW38BcqJqT57KE2DbhfdYpYxxDDzhxo9cqL2Ws1fWMMSDeM,buy,NVDA,FkzjAJX584L1LncQb8AKSnGhc5sLvZjPGCgZLGpeHyTH,CHAcdTTgXG2GJrdaCNrYLMUbsLK6VEzkenBa6TnXYVTU,8tNK6FKGeRQ1cswZyT2BW2G7SKS56wXpAwScuEYzGDCZ,2000000,10000000,200000000000000000000,,1,2026-08-21 18:11:20,29W1N3Le7yTwfEAS43yZDq6c7qUkdDm6VyaZem8GPW5ZcenHi8wgcjepzd9ZyyPvSAP62R1u9YQLvy8XnDrxCWau,9,2160756480173032360613093494924590980,9214754,10000000,,,1
2026-08-21 21:23:51,4cwx5WL6kU1cxvKJxBGwYTRrscdLtUAAJLaArPzR9PDc5opsT9K5EeGUBfAeSoNJ6yUXutYPBZvvrjL1fQFN7xxJ,buy,NVDA,FkzjAJX584L1LncQb8AKSnGhc5sLvZjPGCgZLGpeHyTH,CHAcdTTgXG2GJrdaCNrYLMUbsLK6VEzkenBa6TnXYVTU,GcAzxL1gujnz9igA3jbZah3ih98Pr89c8ePv4vxbCM1i,2000000,9300162,215050000000000000000,202,0,2026-08-24 13:30:24,55RmrdNkKJGf8L2iCnRjfM95NpPSCSr1GKAuqr4JXn3uuTznB1pTCCSnfhr3b8i3pvyjxewVVFyvXSSzLP3tjSxF,230793,2160770453484078407340472450740603590,9235195,9300162,,,1
2026-08-21 21:29:56,5WRrhibCoGM4UnbBXoLdLuXgLiPuFkoY3njSC9fe7U75SgTJVvmB6LLKwMVVZdXUxAcTGrYDr9scwVFLqsUmxLRw,sell,NVDA,FkzjAJX584L1LncQb8AKSnGhc5sLvZjPGCgZLGpeHyTH,CHAcdTTgXG2GJrdaCNrYLMUbsLK6VEzkenBa6TnXYVTU,APcv8m9y2BM9kqCwdmnnnCUiQa4Ce7qbKjLgYkJefoHC,1999999,9300249,215048000000000000000,267,0,2026-08-24 13:30:11,2RNa64WMCDJuSH2gdiin6SakhF3UpGAb9jbmNx24TKjPmd2CLJDghzd97KCzr6jaHA79xeA7uUX39z7ggtWGC5Lg,230415,2160770896050081832468878159163108073,,,2004017,1999999,1
2026-08-21 21:33:25,5UCEN58art6UehNmRHdboqetLartQwV5sMyoXhjSM1QQPuGP8pfW3UXAGhtMjbqDiHBbC5FFwRKESack8ghFDBxo,buy,NVDA,FkzjAJX584L1LncQb8AKSnGhc5sLvZjPGCgZLGpeHyTH,A1WhTovXrq8eh38HMy2rNdkc76VtiSo8tq3iULeiMPWw,mk12NdqjkBxuWjM9p7SRRSyViaxa2SW2BVcDc8ppEZa,2000000,9300729,215036900000000000000,176,0,2026-08-24 13:30:21,3QTRfFDuoScEZvt1dWs359g7Gu2y5iz8Pdc8LbwJZTaCgjvdJhXorhEDaH4tRkdGw8rF3LXkz9hEjvrLV1Hr1Joj,230216,2160771147378513184409385139797259456,9235195,9300729,,,1
2026-08-21 21:35:35,51T8Lt31xfa2XkyAa5z4G74rnZGhXFPLXsa6ayAvCLM4g6PJQVF3cLP1X7q2jhq72qtMU7z9sNG8CfNeMBAiZuPJ,buy,NVDA,FkzjAJX584L1LncQb8AKSnGhc5sLvZjPGCgZLGpeHyTH,A1WhTovXrq8eh38HMy2rNdkc76VtiSo8tq3iULeiMPWw,5UtqAPAk5uCBWp9N7jNAfnu4WFZ5hbfqp63uLmfRqGca,2147400,9986104,215038800000000000000,6,0,2026-08-24 13:30:20,5Xniz7CQs5cCp7eopfsApNxdV7ZFY2YdweM2S9hWDanHGQqsx6ZbJwsBmNYXNZ4HfGCxoXTHxc1gxUNEWDNyeqLD,230085,2160771304027462588069877312022405809,9884908,9986104,,,1
2026-08-22 05:39:28,G2XughHFD7XvpTaRx77b99ThzbHDzWVvf9aF2ACk1fjSJH7cc4eXmYWw8sMHV58mjcKLy6pqjxSeEdZYetaSNx5,buy,NVDA,FkzjAJX584L1LncQb8AKSnGhc5sLvZjPGCgZLGpeHyTH,6Z8ZcGhDpQBrgEyMVUxu9vWTaNb6nXirbEf5ZgkbkYnt,Ayk4qyP1PC5Js9SLCHbmgxrgxPDfb59tUxbpnG51HbpB,5000000,23216119,215367600000000000000,237,0,,,,,,,,,
2026-08-22 17:48:16,vDVN6W2WNqcMuwN2HeV7NpXDuGYdpoku63uXkgGKe7NVLfeds2zZR9NEJaug1ZqenHy3YY5EJw8uX6wCrRcHH2a,buy,NVDA,FkzjAJX584L1LncQb8AKSnGhc5sLvZjPGCgZLGpeHyTH,Gp5F5E93bJAzjL2jXkUAv8Aa8CBN6osKJeRqFXwGexCw,3cUX8ioW7sGq6g17aD4ykHhWwfxk2KCgM5BtTSD2r3tR,5000000,23216119,215367600000000000000,161,0,2026-08-24 13:30:15,4T7xACteCQfB7Z5iXdgDgc2V1XuLdE4vVojCAE9KdfuiCenpjyYRMbzbsPPBvBySVN8MFXWg2vmBMNaSUi1o4UYT,157319,1787420896648107681,23157601,23216119,,,1
2026-08-24 01:44:48,62dhpNReDq4MseQ2t81cHX1o65TQe4V9P4dVP8KLVydDSsaCJizRDg6KNQGjb52HS6wG84RLQuJvMrNb8dgT42JM,buy,NVDA,FkzjAJX584L1LncQb8AKSnGhc5sLvZjPGCgZLGpeHyTH,CHAcdTTgXG2GJrdaCNrYLMUbsLK6VEzkenBa6TnXYVTU,CGpuwAgUoNLjENHJiG556knpVm9ziUgfFHr7MGNsPMA4,2000000,9228071,216729999999999000000,286,0,2026-08-24 13:30:13,5GJNVKfFvSUppxxfJwL7gxCGGxmSn9GhEdSxeWPfJ6BqAwvNhib7aQmYSU64nZcC4ABoQw4pmSFxtx2kSCw8LbNM,42325,2160998275976705762501678192688463107,9235195,9228071,,,1
2026-08-24 09:34:38,iYhsHLratUUW34ZRwwPwXhv6Hz46PeUCgksgbsChmg7q4GmrsQ6Y6MqHVcjXQRbWdTny21GB1VE97SSvdCEMFMt,buy,NVDA,FkzjAJX584L1LncQb8AKSnGhc5sLvZjPGCgZLGpeHyTH,6Z8ZcGhDpQBrgEyMVUxu9vWTaNb6nXirbEf5ZgkbkYnt,7eoNEQ9YwCSCRReTJ3yLrzBRMiXVXMZrwzrKFQtsiYjM,5000000,23275191,214820999999999000000,273,0,2026-08-24 13:30:09,4Vtu8359K6apY6CxReDrKjsTfEeef2WnLdG2oy6Uwwj2xvPFV9dJhE3XCTUjCS5J5DS4FKKakgyMfdUsVnRqxh7s,14131,2161032350559175325909506342285296853,23157601,23275191,,,1
2026-08-24 09:35:05,3N3XR19AHKAf5uQfuTFW9bhqss4dRsUEf5FBRv3ayhK3azpbzdDjpxG8AcgVrvJG29Grnk1JE7YxRco7ZuKpEYiq,buy,NVDA,FkzjAJX584L1LncQb8AKSnGhc5sLvZjPGCgZLGpeHyTH,6Z8ZcGhDpQBrgEyMVUxu9vWTaNb6nXirbEf5ZgkbkYnt,2YwiiwSysVddK3La5kTS8AfWpn2ZM1uhMKymjwqvHiot,10000000,46550383,214820999999999000000,300,0,2026-08-24 13:30:17,49rbZDKTzNf7uxKhBJYMJTQEzyokVFLAQwSJjkQaBqcU8dhskXseVHesY1rB4m1gB3D7rDZgA9Dt5X8iT2oQiezK,14112,2161032393224594869498417415167801792,46361611,46550383,,,1
2026-08-24 11:15:17,642z64hRyZBeGxCVGSwCiosiCPMtit73SokqXEToCSikjPBLyZge3eTPBx3BfMWQWhxPLo4AKPQfi2cfG2M5wQbm,sell,NVDA,FkzjAJX584L1LncQb8AKSnGhc5sLvZjPGCgZLGpeHyTH,7ZojnzraitorXTQXynyyUzkoDuCdovaJzs8fWR85UdZ2,5tmKSjNuPUdn8viEAeKbZhFnFzdiH3D42s3RNCq7mZ9T,2000000,9386274,213077100000000000000,189,0,2026-08-24 13:30:05,Roy7wkUYRFnQ14pz5iv15D7BpNwfiwT2wvxcXfbHbTBU7QD3FQEUsrrB7Fzyah1S8gXCz28Xzon4r2sKXVoSG1i,8088,2161039646451895782139726736138847881,,,2022554,2000000,1
2026-08-24 14:35:23,xKxWDVG6Kbx9QheBcdmtEfH8a4VCRNCTVFJ4ebHiGcupP8UiVH3N1b2u6iZgF6CTKPNk6Liq91CFZ6PYzs88b8d,buy,NVDA,FkzjAJX584L1LncQb8AKSnGhc5sLvZjPGCgZLGpeHyTH,7ZojnzraitorXTQXynyyUzkoDuCdovaJzs8fWR85UdZ2,BnhGvFPx2SFXXnQZYB56oTPkGdt2Uhs9UU5K9hC7piA6,4000000,19053498,209935200000000000000,90,1,2026-08-24 14:35:30,4dc81Q6qVrmT4UzAZBuqNf1KeZo9AFET5MZAqJhJjYoMMtJpGF5ncThNAXwDyTe8CPHqv8i3vCmaopYGmRKaj7BL,7,2161054177471855763531583840208046774,18975783,19053498,,,1
2026-08-24 15:03:46,7bqn5gaU8u4w3fkXdPpScEz1idk7d8JvtBcFqCbmwcC7QUVJM6429JocsjJqqqyCMgQG1QanNuDHhLbDhD7noH2,buy,NVDA,FkzjAJX584L1LncQb8AKSnGhc5sLvZjPGCgZLGpeHyTH,26DbLxVUgQPmmwwFNpoWbeTuCT7jn8f19cFZeRtzNwyW,7sgbj3wcxNhFNRNmmu1LpNS7Go7UHsmSvaqawH1LbTeK,2000000,9531375,209833300000000000000,293,1,2026-08-24 15:03:55,2QZhWMzbneD6d9A2dbNUYDbrdWNtcsTxkzeqoqk6iXPcYZtaNf7hkiJufFH7apyvgsjJcQuPsHu16Sf3VKeUexvt,9,2161056242348609687313434742117255507,9499532,9531375,,,1
2026-08-24 15:04:20,3jetj4aGR1RVtiE6M4WH7kxArHk7nsXAyxod6bpHZywYCxRxjN1ouBpkXHE7T5Z663UWe11gugGrroZsGR5suN93,buy,NVDA,FkzjAJX584L1LncQb8AKSnGhc5sLvZjPGCgZLGpeHyTH,26DbLxVUgQPmmwwFNpoWbeTuCT7jn8f19cFZeRtzNwyW,EPukdKM1uwcLhGw6tkEYYqQZY8qBN4wqP2PF4F94k75q,2000000,9547997,209467999999999000000,27,1,2026-08-24 15:04:27,3eVVXZzppxFG2Nkd42U4Xc1LY3Yv26voSxdd3h9RYfMe1YJYD4MpFkwzLa5QFhBVoZaYKJEaEmwCNq5rH9K48BTm,7,2161056284130268392401498944258446626,9511700,9547997,,,1
2026-08-24 15:04:26,3YGpXPaPryBXjAtVvvBPZzPWuvaikSW5G6KVSdb7PkgUmyVhBYfA2VgJtb25ubfHKzoGhqMiZnurtKBsu78uokRw,buy,NVDA,FkzjAJX584L1LncQb8AKSnGhc5sLvZjPGCgZLGpeHyTH,26DbLxVUgQPmmwwFNpoWbeTuCT7jn8f19cFZeRtzNwyW,9UZUxtrVBB1XJXaMdccVT1we8KePZN2ve5MwMihffrJi,3000000,14321996,209467999999999000000,33,1,2026-08-24 15:04:32,3dU3iSK6CddQp7vrM2vuqUoLnYK7CeoQH2KTLuThxw84Se1ukRZXgVx8smUuY7nKsvgKN82GYd8ohZBkyovACpoT,6,2161056291023589779584782252042423758,14286669,14321996,,,1
2026-08-24 15:04:32,65VsH1h9ZbppPd6tWWCk5j1MXDbBNibkPktB67yFPYaxUGS1E7WWN4pieVPDcZWSe7KrLuZ39THUQYcwF3DLYJGo,buy,NVDA,FkzjAJX584L1LncQb8AKSnGhc5sLvZjPGCgZLGpeHyTH,26DbLxVUgQPmmwwFNpoWbeTuCT7jn8f19cFZeRtzNwyW,DfwbXhSHH4thzFokqJbLg49i5hZGGhmtqMkdF3vB3FZy,4000000,19095995,209467999999999000000,39,1,2026-08-24 15:04:39,5cuQykUeaP52ZAJeCuNiAef7rhxUEZuJVYokPZvXFQTmv7HJWM3KocVSFe5vXAR7ho87qNCs4cAwzHLH2GFaHDkF,7,2161056298001477732748999455244184650,19066642,19095995,,,1
2026-08-24 15:04:38,3McEe5NPhrM2GNW6sjPY4xGWUeCfvD5APKee9tBPLkwNbY1585vmcx6ErnG4Rqh1HxxDZfFpPKYCQGH1qu56ho3G,buy,NVDA,FkzjAJX584L1LncQb8AKSnGhc5sLvZjPGCgZLGpeHyTH,26DbLxVUgQPmmwwFNpoWbeTuCT7jn8f19cFZeRtzNwyW,qwyLwPR6a72warxcogcgRx5wESWyzhCuhDXt7nqy1aY,6000000,28643993,209467999999999000000,45,1,2026-08-24 15:04:46,5ehFuCpmtUgLKRQGMgmuik3magZipVDaXRFxerSqYSzTZVwqTvBg61QsMtituBmKuQr9dDcpTqXUDNhyfLr8jnBN,8,2161056305432758395918508988183308588,28629329,28643993,,,1
2026-08-24 15:04:44,5tfT6WvgE2uMzkJHVPy5BUhT2BdqWXVcqUGNPB9eJe2QpJYjojHBZ8aKXoGUzZG7muE31Rx2RDUzrcJ4Nw4Hso4m,buy,NVDA,FkzjAJX584L1LncQb8AKSnGhc5sLvZjPGCgZLGpeHyTH,26DbLxVUgQPmmwwFNpoWbeTuCT7jn8f19cFZeRtzNwyW,ApLTMi4N2199exk4j4r384UHeeBMWp4jwDwxYNj4s4Vp,10000000,47739988,209467999999999000000,51,1,2026-08-24 15:04:50,4d3RiTRp79FnwkXR7jQtjWCj7FHHrKoYiXq1DJuUyJo7Ka2w26AgaU6RPaQDChYUzu7JE5VzxP5MSt51mpxX62vX,6,2161056312658491603534945406974287861,47736004,47739988,,,1
2026-08-24 15:04:50,4pZvyfqa7J9dqPT1Yrd5JLyhphR3hfZQyJiQFYXdmz8Ysw7ZcYzanHssrVzmJsADt5wcvLYKuZoDhFV89LkVjvMW,buy,NVDA,FkzjAJX584L1LncQb8AKSnGhc5sLvZjPGCgZLGpeHyTH,26DbLxVUgQPmmwwFNpoWbeTuCT7jn8f19cFZeRtzNwyW,8inSP8GcjJSMtWDCmBWf955R5cU3csn2c6WGghFdCuKX,14000000,66835984,209467999999999000000,57,1,2026-08-24 15:04:56,5AKWA14fGcBrpdoe3YkaBE9Ua8JHhD1GyxAeRqqVHSPGCpnbN95PiPThinUgqVkp6LrqGnKwNqVX9yRxofUcbZMa,6,2161056319797211130174236364424068363,66865494,66835984,,,1
2026-08-24 15:04:56,korWDcY4PDwSkcHoARKzx5a1hpu44RV983bPJ6pLewCwe3LmJfrVog6qRRTNgGbfGhjaTJzADdznJDpuf16w1pd,buy,NVDA,FkzjAJX584L1LncQb8AKSnGhc5sLvZjPGCgZLGpeHyTH,26DbLxVUgQPmmwwFNpoWbeTuCT7jn8f19cFZeRtzNwyW,HBB657i4QWrpVCiKLW6kMUReW2ZiYZYGzVCyGHyr7Pbb,20000000,95479977,209467999999999000000,63,1,2026-08-24 15:05:03,3RrydVYqpkWSvN3WxAPCYKcYEYBjFkTawGCVRiFBLNAMegoLdb4RvohMACLH7V4mNg9ouVUUrqcM6LMQtZQmHcJT,7,2161056326823510921942687288553015504,95538052,95479977,,,1
2026-08-24 15:05:02,3pbB9JTZdkWvokAHJ7sC486dFHgfFmNwy3KQ2QVne79z7eUCzi2kNSCAK4xYKECZY7k4KtBTnmMiPf2gFAZTzUGB,buy,NVDA,FkzjAJX584L1LncQb8AKSnGhc5sLvZjPGCgZLGpeHyTH,26DbLxVUgQPmmwwFNpoWbeTuCT7jn8f19cFZeRtzNwyW,HKKrgZ2HKnNFMTThTnwm2UKMzejeXVLD4jPFApPXmrmU,26000000,124123971,209467999999999000000,69,1,2026-08-24 15:05:09,Ux6ShiGbzFg2EGawoqDNFtPrYUEs8NXpvoYc7mYQywanFtzT7cbHcf4DsmV9wccb4Ke2gtF35a7c7Q7SKpVw6Wz,7,2161056334085497607866246394573242654,124237557,124123971,,,1
2026-08-24 15:05:08,i29YVc43cu6ubeAKmZw9C8yUJxocUDW7ia95JVBp9EivmvKaULB92sD432BqJQeVgh12fLdZzk9UvXtymBt9xMK,buy,NVDA,FkzjAJX584L1LncQb8AKSnGhc5sLvZjPGCgZLGpeHyTH,26DbLxVUgQPmmwwFNpoWbeTuCT7jn8f19cFZeRtzNwyW,8xU4yeL8CZzf7eEJR9PT2K9gsEFS4hADjjDWqTHf2Th3,50000000,238699944,209467999999999000000,75,1,2026-08-24 15:05:14,2DfTCA5hFWGwiK1bvh93KBqy4RpbJaUrPwKRrwT2y59vWi6yB4sNyWbrTGpEwWx1VVhXtqdDAY5v7vhaLWB8batT,6,2161056341334234051105627640523806009,238973927,238699944,,,1
2026-08-24 15:05:14,5UeuUigTcvfWUQMZhgCWK9i1pjiMVXzL1KK6TLYBr1trSGBGsVtPkxDhxKwV2LKTuuYiLX8r5zZdy81JoYZSbqHE,buy,NVDA,FkzjAJX584L1LncQb8AKSnGhc5sLvZjPGCgZLGpeHyTH,26DbLxVUgQPmmwwFNpoWbeTuCT7jn8f19cFZeRtzNwyW,EFS8Eosou4WAaAsiPKB5Cf47K2mVyNBFXVnbw1xNGR3Y,30000000,143219966,209467999999999000000,81,1,2026-08-24 15:05:21,2RALEpERadb9yjaUbqovs5fqLDhQGfM9KXpkwrCVpMWJ9CqaSHKi198vds8X1uSvAXEQ5SWGbehupUPRH71qKjSc,7,2161056348627665352852458119815392668,143426942,143219966,,,1
2026-08-24 15:05:20,3oAjBssChRMWfivtp4ddBZmQpS2KEuxkX3jwSThMhxhth32rpQSpsCCwjWiThfFRCDs4zXTKfpSXZqEVo7ThawXu,buy,NVDA,FkzjAJX584L1LncQb8AKSnGhc5sLvZjPGCgZLGpeHyTH,26DbLxVUgQPmmwwFNpoWbeTuCT7jn8f19cFZeRtzNwyW,2C4qBsPFizwPNGfoUfP8CCzuZmnFcPobh76iDsA5hesd,2000000,9547997,209467999999999000000,87,1,2026-08-24 15:05:25,5yRTH57WcztefTBfdNNNM1tAC3JeKHVQBQkx4r8d2P6S9Ny8dP1h3jrzwwkgEQVzg41aEsR5DhSGzBfw3wjLNK6k,5,2161056355770023629740621554316906356,9520255,9547997,,,1
2026-08-24 15:05:26,46sowFUGjrAuE5bxT7B6yagN4jPPhyeAyS81DWT1BTFFY7pHRBusjYQzEBi5ntdgnY3vWuWnGHLys4MvNbCpYysi,buy,NVDA,FkzjAJX584L1LncQb8AKSnGhc5sLvZjPGCgZLGpeHyTH,26DbLxVUgQPmmwwFNpoWbeTuCT7jn8f19cFZeRtzNwyW,DV8sbYVhggaTRxaHBBmb4b3DigLDMKLzGcFwih29YhrR,3000000,14321996,209467999999999000000,93,1,2026-08-24 15:05:33,EX3DbkV94uwXWtRzPkQRDtzPHQ6MzuF74wvKBwjqDUZk5V5xB2bDmDJkovsvNPBjgsns8yHCTL8mtUGZCJTeuXk,7,2161056362977621710380882028047525291,14300335,14321996,,,1
2026-08-24 15:05:32,64gxoUNhFw8c6PYnvZRTrX8UGhf6myjaAzRWhnQqQYcoVpEDEU8pvSjVwSyrqrnmxtWXpDWzR9SW2wxPrZXXqwDV,buy,NVDA,FkzjAJX584L1LncQb8AKSnGhc5sLvZjPGCgZLGpeHyTH,26DbLxVUgQPmmwwFNpoWbeTuCT7jn8f19cFZeRtzNwyW,2Xr7k1PXzNtsyMQ2VYtFCRdBoU8a7xBHddGBUmf6n3io,4000000,19095995,209467999999999000000,99,1,2026-08-24 15:05:36,3NJn5TMYRsYebhNFV16DYYxg1WuCMeCYWEc9qrSMaG512TEaTsvhWtqBo1cbFux9N3ERvFXdk3KX69Gm73fggmPN,4,2161056370240838497803329765381136680,19083969,19095995,,,1
2026-08-24 15:05:38,gXzPQiU7UAtkQ43cvpgzb9uNVQ5s6Xjk5jCcbww6tzsSpZp83cA18Wi9c88GaRsZWoqdkJhQjeqrRTPsSoD4pvv,buy,NVDA,FkzjAJX584L1LncQb8AKSnGhc5sLvZjPGCgZLGpeHyTH,26DbLxVUgQPmmwwFNpoWbeTuCT7jn8f19cFZeRtzNwyW,GgCqpFVtWnaCHw9xyJk6UZvmL2UF6FMibAZDP94U9dgm,6000000,28643993,209467999999999000000,105,1,2026-08-24 15:05:44,2ehbXfPSYSLfXq8nyCgvqRmT82mabv42DTNfGzbhsRaUZWqknLrq1T3DRb7fQ7v8XW6NrsYa5jBJQALLmvSA7iNd,6,2161056377447274711524643230647183387,28653980,28643993,,,1
2026-08-24 15:05:44,mxHrg4FBTrCnupeiXefmJagCJiXM7uDa6TgtspCzomKDuLmrUnjiZzFMJXGE1CinUGjD9uBggnp132odBbt2NqW,buy,NVDA,FkzjAJX584L1LncQb8AKSnGhc5sLvZjPGCgZLGpeHyTH,26DbLxVUgQPmmwwFNpoWbeTuCT7jn8f19cFZeRtzNwyW,9z6DguuCaYo3UYsRQG9YWB5z2DAAEfCDxbAHnNwJVGeG,10000000,47739988,209467999999999000000,111,1,2026-08-24 15:05:52,qUDSbzaEZEyNc8F3mTrNJcJpBKpMQmE31fEMyTdxprCeszVwojZfUyWGW1xLoaUCdZJEnCYm3H4GNRWTwS86zfQ,8,2161056384718949555636568650317401727,47770243,47739988,,,1
2026-08-24 15:05:50,5PsfFPz3Upsdg6mQyNXJcZmafpYrMKRYk2Zy7RJGRE643kvtii17CvjNEcQDkybUrU6e2nmKxJKJ6uyxcfBom6nY,buy,NVDA,FkzjAJX584L1LncQb8AKSnGhc5sLvZjPGCgZLGpeHyTH,26DbLxVUgQPmmwwFNpoWbeTuCT7jn8f19cFZeRtzNwyW,5YcjFcLfyUxRQ2xRYmWN2es67Yj9XSS2eCchjRus3Jtn,14000000,66835984,209467999999999000000,117,1,2026-08-24 15:05:56,qeCDdncBs3qd5br4ZhoQgbm3QkZaikWCBBBuGSeZmDzBndD9gz6ws4naqZ1PtZb1mokrqzYyjmR69T6RZXKSK4G,6,2161056391949531007213544153528277380,66887873,66835984,,,1
2026-08-24 15:05:56,5rGzE7G3npQXK8TkLTSu7X2mEzCR9sFaWNGMuWxbVdee7YSFt1JAH48Ynoew8pxKeDXQXg6ZorTcxbNoXu51BfGy,buy,NVDA,FkzjAJX584L1LncQb8AKSnGhc5sLvZjPGCgZLGpeHyTH,26DbLxVUgQPmmwwFNpoWbeTuCT7jn8f19cFZeRtzNwyW,GcCqcGpA1vuiKthkYVSmqJ879T1x1jY2ZtajJhmRpcUu,20000000,95479977,209467999999999000000,123,1,2026-08-24 15:06:01,C3Zu33ToySRUwt2y2u1JgiayukqcEssjvR3cdomqfazzeFLz2KgAgHpnru29TogQkrFvaAjbRG4qDT2L57ukKQD,5,2161056399346945660546296556851407765,95574595,95479977,,,1
2026-08-24 15:06:02,5CkiWMExdnShnorT9xUC7duf6GACTdC63vScL3BTbaVm4ykbqLvZjhPKh269VWhyq7AN4tdSSjiRmiuzQvsNG645,buy,NVDA,FkzjAJX584L1LncQb8AKSnGhc5sLvZjPGCgZLGpeHyTH,26DbLxVUgQPmmwwFNpoWbeTuCT7jn8f19cFZeRtzNwyW,HpdERq5Wba9aecfXVg7enMxrV33zsWqsSKVgauvLVPW1,26000000,124123971,209467999999999000000,129,1,2026-08-24 15:06:15,5BP4D6D9XyQ6gVDhqVCAtYs7A1PyYmLDnWquHseqeTxCgsoga84bezaJbyhLsFfTLfTsjVAyTKrA8Gc1izGmUUzz,13,2161056406637972961492376976727905257,124249435,124123971,,,1
2026-08-24 15:06:08,2g6Xn26eFgLngD2HwVSK7cPcSb1Q6hR1XpxmR81FAYp6sERh1RGprTva5kBmM1bRbPWNnBNi1GX6Py4kDPVgNcQr,buy,NVDA,FkzjAJX584L1LncQb8AKSnGhc5sLvZjPGCgZLGpeHyTH,26DbLxVUgQPmmwwFNpoWbeTuCT7jn8f19cFZeRtzNwyW,ESqRjHzzbhQu4dT2D8kvxU6adXKwse4z3uD3KYB2wf5i,50000000,238699944,209467999999999000000,135,1,2026-08-24 15:06:18,2499mYU7nRXbSARTkovmTtRgja1SB7bRmLyWyRhWtWkwQTzkDTd3wWCbgvqmVEDc4jwDUs7bF9rmCvi3jSk2ZvQp,10,2161056413664278162400568726224912432,238951081,238699944,,,1
2026-08-24 15:06:14,4ApJFsNuFuYx4VED7MdSYVhwgFDcesCkGqX1tiRW2MpDj1wjtETpdRxsTkQueAdBgEBdU8pbEK3UxFm2ei81xkB2,buy,NVDA,FkzjAJX584L1LncQb8AKSnGhc5sLvZjPGCgZLGpeHyTH,26DbLxVUgQPmmwwFNpoWbeTuCT7jn8f19cFZeRtzNwyW,S5aFi9a5roWLcYYDLTxAFWNxAND6NyiFNkD7ZmedtwZ,30000000,143219966,209467999999999000000,141,1,2026-08-24 15:06:19,3YjbdTUmZeqCYt4APuZNGDpLRLRkykc5QMEMhthaYTRfJo9nCkAQAY2SYZxjaL1u1fm8g1LnRBf5B2QKsG22G966,5,2161056420899693526828859916072813524,143351529,143219966,,,1
2026-08-24 15:06:20,Dvhq5SqUzLFH21zcs1tnQrck8S7tfsNvPS83X4Xoa2vGoKKc6w5kKbzfgWYxzSXe3PYCxRKWDxqckgdCsquKkuV,buy,AAPL,B3S7TuCmBPsNJW32SzRLBwbmWmgNzFBuHnBG9rdvt6K5,26DbLxVUgQPmmwwFNpoWbeTuCT7jn8f19cFZeRtzNwyW,2d4gAtn3JPz5iLaS7JZ33VhiFpCYhRkDXvNPiy55HAPn,2000000,6396724,312660000000000000000,102,1,2026-08-24 15:06:30,3v6t6TguLG1dHCNUUaWrSaWp1sMV92Sqg8iqAQbHmeo1qNZxvZ6uqU5oQKyWHsw8jj7owRUq5fLRgycWXGkgcREg,10,2161056428078284126167095260441487253,6373057,6396724,,,1
2026-08-24 15:06:26,38GGRhyPacvGT23oVKueAr5Cmdxkw13cquHteuDbkiCcJbyya3TWaFnaWUmm3rNsfiSs7mZ1xtCCdbEj6wqdL3sr,buy,AAPL,B3S7TuCmBPsNJW32SzRLBwbmWmgNzFBuHnBG9rdvt6K5,26DbLxVUgQPmmwwFNpoWbeTuCT7jn8f19cFZeRtzNwyW,HLccKtK2sEadRUETEE8Xv2XXrURwkFjm2rCXoZtdeoq8,3000000,9595087,312660000000000000000,108,1,2026-08-24 15:06:36,WXi8zvZENuSvXG122xoteZY2JuyyYrUzugCvPBKQjkrfcQtDzBTeBYcHzFxWM7h6Jth2rKvQb8SHrP9oiHET7A2,10,2161056435342731750866750678735263726,9576335,9595087,,,1
2026-08-24 15:06:32,5rdijqEkYxfVegSav1ithL7z1k28KEi1CkM1uiMoWdEfhvHVFBwP33QuDJBBBqE87siCqPgpDprxgJ6kgK3tCy9q,buy,AAPL,B3S7TuCmBPsNJW32SzRLBwbmWmgNzFBuHnBG9rdvt6K5,26DbLxVUgQPmmwwFNpoWbeTuCT7jn8f19cFZeRtzNwyW,258rrG21rithzDYpnQqMMAGJRrckqPf4JRg54GTGUWa4,4000000,12793449,312660000000000000000,114,1,2026-08-24 15:06:41,2xZ9dhuhpn1TtkTGtqwfHrtUEsEQH19SiwvMihyDTYA1sT6Lm2vEAtVCRYtxmAdFvQz2YRvVqNiXXDKsy1qkgat9,9,2161056442612007483616833752588956546,12781415,12793449,,,1
2026-08-24 15:06:38,nDmNBNzb6tUuyFK435tJKNoSvi2pp6WZPzE5q6jQJCYy8vNsNRYNog6c9fUeuGZYfku63dZBPr7G92GCzQvkUvJ,buy,AAPL,B3S7TuCmBPsNJW32SzRLBwbmWmgNzFBuHnBG9rdvt6K5,26DbLxVUgQPmmwwFNpoWbeTuCT7jn8f19cFZeRtzNwyW,CjVzyUX52JzXA8GsTPgAtjSpWvBUEv6LX5VVJYnWht3t,6000000,19190174,312660000000000000000,120,1,2026-08-24 15:06:43,BF4esYYicWAmRKcF8DUtGJDoqBPZnpNK5vQuJ38TEweF6KUz3KfQpRxvSzMFfpA6RcQsQq2od24AociBQFE4UeQ,5,2161056449750698918434357392991830505,19188016,19190174,,,1
2026-08-24 15:06:44,3SFxVV7LdUg3qF1JjGd97fUVtj6DTazs4zwGDnJ4whDPm9M6CPeD9yyKX6BEEqBi2QtyMfBnNwn5nWiNxGcw8L4K,buy,AAPL,B3S7TuCmBPsNJW32SzRLBwbmWmgNzFBuHnBG9rdvt6K5,26DbLxVUgQPmmwwFNpoWbeTuCT7jn8f19cFZeRtzNwyW,8PwjUGGRnJe8wxrpXAJYyvinVSbN4yhYSCZZAcwBKajz,10000000,31983624,312660000000000000000,126,1,2026-08-24 15:06:51,48aTTMpw1SwJztZM2QFhcy9pdVfc5keg9KHZgBzRLLE6NZzsgm5ivFbspwV2bkMZrj8v72L55m5oysTGw6exXAFH,7,2161056457100964485737514460371182034,32002203,31983624,,,1
2026-08-24 15:06:50,4dTt1RGo5z2isRLaYMe3p7RJkcNSQPYiWVs82PiW8MKk6i5V5hrQ3YPP6TtBMnZrQhEqKsW9acvyVHRpoRE94Zo4,buy,AAPL,B3S7TuCmBPsNJW32SzRLBwbmWmgNzFBuHnBG9rdvt6K5,26DbLxVUgQPmmwwFNpoWbeTuCT7jn8f19cFZeRtzNwyW,6fUgcLfocz8UsFKGmYFyMExoPEXvpbbbSjC3WvrAqXbe,14000000,44777074,312660000000000000000,132,1,2026-08-24 15:06:56,5nTEG1mC4qqtdVPYPF4ZtREJz5puaDugW3TxkFvbWEGcJ8LrHM2oK5Lf5XRFvHzCqw4Jny9C7rRRUmnNLC6nVM8J,6,2161056464407703580692965441906472234,44812741,44777074,,,1
2026-08-24 15:06:56,2LQEtQwr9s1BV2FzTxiZm6LVs2kTKxRuot4rYaS4sbYCra7kMhNx9rHkGdhBJm5FdRvq12tQ65e4d6cnigy9zwfr,buy,AAPL,B3S7TuCmBPsNJW32SzRLBwbmWmgNzFBuHnBG9rdvt6K5,26DbLxVUgQPmmwwFNpoWbeTuCT7jn8f19cFZeRtzNwyW,GbLnbAiNi3axtK7DgBAn9zxN1bbbmKm4De2C5Wa4eojU,20000000,63967248,312660000000000000000,138,1,2026-08-24 15:07:03,3xKrKH85syaBoErUQrmBE8YfpEAf8c8sYVjQTqGJo4eJat4ve5mB6jZcD3qeb55xS1henzZXLeeS3gb1f5pgdtZm,7,2161056471595993345419080155969240639,64023316,63967248,,,1
2026-08-24 15:07:01,48pKa1Y3yENfXgRYeW3wYzkNPxsP7vv3niBW3qLnpee7oxk3EJuZJwyHBxJSFSS3k5Pb9gAxDqZtEaWJFQC8hztd,buy,AAPL,B3S7TuCmBPsNJW32SzRLBwbmWmgNzFBuHnBG9rdvt6K5,26DbLxVUgQPmmwwFNpoWbeTuCT7jn8f19cFZeRtzNwyW,AwFFEbUMn7ssrXLL65MQRKXfXhRPekACiHxw35AnySNH,26000000,83157423,312660000000000000000,143,1,2026-08-24 15:07:07,467YF5JZ6GLqszPuxJuUUsW2zvErN3fEGA67RDaxBoUXGz8engfd5n3iMegSd6BggFgJG3nTk3bW71rd3bSvvgHu,6,2161056478820531297643389784104709198,83238852,83157423,,,1
2026-08-24 15:07:07,2YxFFDmT2957oEUBxK4YQJnJPaqDMWwaYLFKHsMtqbDJMGYThU5eVQN3rTreob4w3cUPy7nEtRs3xu9VYAoEDhQ5,buy,AAPL,B3S7TuCmBPsNJW32SzRLBwbmWmgNzFBuHnBG9rdvt6K5,26DbLxVUgQPmmwwFNpoWbeTuCT7jn8f19cFZeRtzNwyW,86Mh7W1tUetHNsHP26ChGzfb9UeauigTAQjiREzMiyUd,50000000,159918121,312660000000000000000,149,1,2026-08-24 15:07:14,2UCGUBgzqTXtbxfLDYxbANiFD8Y7yLsNGXGJTVobVUcWzPMrxikKWMrTwBM3pPFYfucLXwcGHKJBcWJZsk8qXxsp,7,2161056485916911504081913870283698763,160142234,159918121,,,1
2026-08-24 15:07:13,2CGY4iYWM2rMCRsqvzgP7atf8GTWdR1Q8LRRVe8PFW4ai1xPc8TSoupKK2sxjJHjPeyKu2oHMRfnZYpu8vFdN15M,buy,AAPL,B3S7TuCmBPsNJW32SzRLBwbmWmgNzFBuHnBG9rdvt6K5,26DbLxVUgQPmmwwFNpoWbeTuCT7jn8f19cFZeRtzNwyW,CRfPow1ta8NevBahjYjJp9kjJCH51UTUt8QuQM7vRMsu,30000000,95950873,312660000000000000000,155,1,2026-08-24 15:07:18,2F4921RBEpm3NKqRNvDU6xivnYW4tB8Yevv6weknoHtZjn8YW4yqXqf7jUPC9VEzpUrjzcBeztpvQbUYKPaC4kMp,5,2161056493203111536402456878552776291,96084223,95950873,,,1
2026-08-24 15:07:19,o6HiHFdsXx2Uc5ms4zbxVKKy2S5ywtUuBSUSx7zD6roPGvB8SFBPjRc9VK4yVfU4dvSg6eFzG9u1tRiTvf4HR9c,buy,AAPL,B3S7TuCmBPsNJW32SzRLBwbmWmgNzFBuHnBG9rdvt6K5,26DbLxVUgQPmmwwFNpoWbeTuCT7jn8f19cFZeRtzNwyW,nkPHj5weCNowjJtuxFjwzSjah4EjGTmB9XDPiWaYHWD,2000000,6396724,312660000000000000000,161,1,2026-08-24 15:07:26,5WnaD22VquuyBtEyNBxcgVM7DR6od6SshX4kbAPwUL6Xsy3iaKRxKurX6eEShgHStxSKkGYv8bLJdome5CNGoEYr,7,2161056500276524752853123006364018149,6376120,6396724,,,1
2026-08-24 15:07:25,2vXbswqPz8fbmrrq9FZTwCN3jusGXq7C9v5Noe7ZKUepoxH2HMYKiKmdqmzonfFDu21QadEtTZRHb4sseQbeTvy7,buy,AAPL,B3S7TuCmBPsNJW32SzRLBwbmWmgNzFBuHnBG9rdvt6K5,26DbLxVUgQPmmwwFNpoWbeTuCT7jn8f19cFZeRtzNwyW,9xdr7qasTmzRm1oZf6wD8F43eqqeUJnmK2eYuGoYn7hz,3000000,9595087,312660000000000000000,167,1,2026-08-24 15:07:31,MFTUwZybS56GEgrn5EVhKuYEmsMAXrDnfkW5FNnrEc4CSNDR8kDZPsL5Zs8jhwTBCGkvVnRmxNeB3FC45Pr2xft,6,2161056507395923550918862658791293305,9577439,9595087,,,1
2026-08-24 15:07:31,4qantUyLJCeHETncjYeZhfj6ezVW6r2kBraJjx2eAq5B8nNEKMuEKvkmvW66JJGJLNJtAdPdKg8kqD1fbUwm2wcR,buy,AAPL,B3S7TuCmBPsNJW32SzRLBwbmWmgNzFBuHnBG9rdvt6K5,26DbLxVUgQPmmwwFNpoWbeTuCT7jn8f19cFZeRtzNwyW,9jF2PnnpBBjxeT256v4covxBJKbPe6or6eUoFFtFTUHA,4000000,12793449,312660000000000000000,173,1,2026-08-24 15:07:39,SBZK1HiWgYrPySHSevVULxamstC94sBBfwEjDxXP2reXxDhhDFKHikH3egpGWNhAfE4pS1yen9L2sKSa5MwVSbL,8,2161056514751030208568926823653237843,12781824,12793449,,,1
2026-08-24 15:07:37,5GwS2PwzHYLDEKeMDC4wHvePvKvuPiYidiTAb8pXS6JnMUqiDarEJEZ6EZtYyG2AvpzcJqGzh29YV7RaXfUxVRVc,buy,AAPL,B3S7TuCmBPsNJW32SzRLBwbmWmgNzFBuHnBG9rdvt6K5,26DbLxVUgQPmmwwFNpoWbeTuCT7jn8f19cFZeRtzNwyW,CKMSjQnjRpC45E4mutLPZj6L4qZN5bhkL6BpGmheLZCL,6000000,19190174,312660000000000000000,179,1,2026-08-24 15:07:45,3p2bJZMaZ1zXKbtqZoC2Uu1s2EQbbcoe2AGuRtyA7FJYfwhVEqB355zRhFyLVTU7CvSAapf2b6ZwB6oy3UiCcExy,8,2161056522057743995272508868354751839,19192443,19190174,,,1
2026-08-24 15:07:43,3KLRZuU2Bb6FLFbirtFjmgwBmCEXZks8D9D46oWrit5yeYu4jtDd52g3j2SWXxtmvasJJidKpURQuhBV8i2YhTkC,buy,AAPL,B3S7TuCmBPsNJW32SzRLBwbmWmgNzFBuHnBG9rdvt6K5,26DbLxVUgQPmmwwFNpoWbeTuCT7jn8f19cFZeRtzNwyW,51zqeHQDBNE3QuQQUmrrkugs9fQuKHe8oCS4hjJoSQrA,10000000,31983624,312660000000000000000,185,1,2026-08-24 15:07:49,2ezxJY2G4mGGzuVxCnzhU1TDvQS4KVD71XuzT3VtGnjcBqAEoED3DA5dh5jXSWEtV6RSQv2kXE2iDq1kCYPf7CEu,6,2161056529417698183011549996242150330,32008766,31983624,,,1
2026-08-24 15:07:49,DTvmTsC3CAfP7jcifY4iVe5SqJ4DGaSoyLGrYXcya7QyV5ZLZDL1k2QCGo9yxEDogapcoo9szdgzP2amGnV4TKn,buy,AAPL,B3S7TuCmBPsNJW32SzRLBwbmWmgNzFBuHnBG9rdvt6K5,26DbLxVUgQPmmwwFNpoWbeTuCT7jn8f19cFZeRtzNwyW,BWBJuutj7TxM9H1oEdL1Et431EWdxzDrFLUNWxHX92P2,14000000,44777074,312660000000000000000,191,1,2026-08-24 15:07:57,2AvpuHS5WYTWXNpwotb7wYmVv4m6awowZRkiGPm7NWmBFhMYGcfWG1kVCeEWwySid2N4yUVEbEDyeXpoHjzhWc5A,8,2161056536668828092990271609190621772,44826812,44777074,,,1
2026-08-24 15:07:56,48Bv8jvfaqsBzMuiPNBEnmksMJB8xRSGDzkyL9PxaWA64p1a961U5XdcTAKK2vUxKbyCDsNPBcFWLPX3uMSZHoLT,buy,AAPL,B3S7TuCmBPsNJW32SzRLBwbmWmgNzFBuHnBG9rdvt6K5,26DbLxVUgQPmmwwFNpoWbeTuCT7jn8f19cFZeRtzNwyW,AX86hSwnz9axaceE2jy7qghSMiAziQFF637uVJdjjBAm,20000000,63967248,312660000000000000000,198,1,2026-08-24 15:08:01,37SLX3FjNViwMfRfEXksg8YgRUCPHbbMPBPbdLH9Hp12nL4wZt295QmZ7GRmzSzeicmDNc7WWPVzk7CjgyYxyFJi,5,2161056544042064656705641767969255513,64057372,63967248,,,1
2026-08-24 15:08:02,iwpRqgptrvwoWzs9Qm8LhELFiypJWoBZP2o8DVqoNNqWghZ2Tr8xEhakxoJvdJGNguUx9S8nAhDxkmMpY96ko29,buy,AAPL,B3S7TuCmBPsNJW32SzRLBwbmWmgNzFBuHnBG9rdvt6K5,26DbLxVUgQPmmwwFNpoWbeTuCT7jn8f19cFZeRtzNwyW,2WqFEhz4LE4dubJgfxEKP9HC44REMw29WHCpNyiWiifY,26000000,83157423,312660000000000000000,204,1,2026-08-24 15:08:09,4FatrXKYgAm5y9AbRgerpM4fRByJ9oenfL7pVechE6qv8midXG8Jn2uBzaAtCSy3brMzx8TwxVaFFfUdqGyWA2q8,7,2161056551481802431208448602926784648,83279394,83157423,,,1
2026-08-24 15:08:08,q1AGNrbmyjPVQhmvRLuvboakvTxAHMPLfrQ27Bj4byLhSRtJyuqjbFrd6pVA8UEVCsNMDHhsiEYJq1RFquCgn7K,buy,AAPL,B3S7TuCmBPsNJW32SzRLBwbmWmgNzFBuHnBG9rdvt6K5,26DbLxVUgQPmmwwFNpoWbeTuCT7jn8f19cFZeRtzNwyW,5memGNpkVvZxumBewNmM5vHD39rp15VsW9gTXEKPKR7k,50000000,159918121,312660000000000000000,210,1,2026-08-24 15:08:14,2zcnRxpgnwbCenQ3AJRdPupBZLf8U1xmHB4kDqaZNAGM3LJwZP26EqQj9et9NwdjTZJfdvuX768vp6mbyH9oWqJ3,6,2161056558630179953681911017481355925,160173021,159918121,,,1
2026-08-24 15:08:14,3cHRAchv3L8noy3pM3KeNybuaH3Seu66ZWDov9Wt1q9QQNarNELKxNLJXcjukSfah6vNxLqH1u11qoeuXD99SXsH,buy,AAPL,B3S7TuCmBPsNJW32SzRLBwbmWmgNzFBuHnBG9rdvt6K5,26DbLxVUgQPmmwwFNpoWbeTuCT7jn8f19cFZeRtzNwyW,6ZNVoN7qokFha9gZ18HCMn21bRdK8kepm1e5LMKeZksG,30000000,95950873,312660000000000000000,216,1,2026-08-24 15:08:21,45Xq51VKVDGFprvZ6nrXpobkv9uFjKq3QbP3i86axr1Tjot9DY4M1VX7Htyw1p42Msteqjfo7Ry8FhpPeHA1hSUE,7,2161056566234339516769741929722073305,96139050,95950873,,,1
2026-08-24 15:08:20,54sDy72XYqyzev3h1vUk4uwmyddwaQQAAGeggHxb1C5ZJdgueaQLHP6HUT5vghEoECMdDYifTbC666Kx4qS7Zi8m,buy,GOOG,6a2yZjSpCncEyiPrB3ifnAJdqJVUNymu7vEvLCaySqmp,26DbLxVUgQPmmwwFNpoWbeTuCT7jn8f19cFZeRtzNwyW,9FJ5Gb2GemVeJCP3nUpgCVU5m8o7DvLrqy23JdZWLWPJ,2000000,5783522,345810000000000000000,236,1,2026-08-24 15:08:26,5DtFRmx37c987P61AcyG6GVJkNuSwSRd6yS9miYoX3QLDysinqq3DFDGkMpgckWhyosLzitzY29UhekFUg5i4ioE,6,2161056573461288329896368452547362953,5753839,5783522,,,1
2026-08-24 15:08:26,5znbzNi1tEsBvkTJdgqstfEsHgJn3BhuNgVr17DY8fCW3h4CkFq9KESbYoxNJABXS9wqFLjLRiWV1WxZPRetaoA9,buy,GOOG,6a2yZjSpCncEyiPrB3ifnAJdqJVUNymu7vEvLCaySqmp,26DbLxVUgQPmmwwFNpoWbeTuCT7jn8f19cFZeRtzNwyW,GQkD4EfidAujaMBEMkRN6F9UGqw4u7qhtNbXAioBVZmw,3000000,8675284,345810000000000000000,242,1,2026-08-24 15:08:35,3CJkbPqphAecReBTUzsAsc3vu7wHrKZFtMg6E9RBrNzg7RXAhFeywdMDTGEe4Z16yCUmZLwJJj5htYadzqRLDdLU,9,2161056580550439296813069671469200686,8644216,8675284,,,1
2026-08-24 15:08:32,5PhzcwwXkZiquK9XYtRuPRaGUwS3usicyMQhtzdH3bM6336fPQBgSLnMRHcsNWaBKEcCYYnFF5hJnUj1JXtFh9qA,buy,GOOG,6a2yZjSpCncEyiPrB3ifnAJdqJVUNymu7vEvLCaySqmp,26DbLxVUgQPmmwwFNpoWbeTuCT7jn8f19cFZeRtzNwyW,AJdzYMqbk32GkQ5kXjPAn7by1cXXw5QPM6AQvrsvoWX5,4000000,11567045,345810000000000000000,248,1,2026-08-24 15:08:40,46A1JDt3k1xgVUh4gZVmv3Qy1tWGgtu1shj1Lwa327moXcurW523p8NwR1PH2S9ipgMVyydy7FBPNZktj7i4UNjA,8,2161056587767725279072812139738393290,11532858,11567045,,,1
2026-08-24 15:08:38,2b8DFo6qo9oAYDo68vng4NLvuYcvnDnGVSy9GEpy3oCrCHJY1QWiBrJ1FhC3rXa4FRr71kMu7M2MtDz1evwhbZnA,buy,GOOG,6a2yZjSpCncEyiPrB3ifnAJdqJVUNymu7vEvLCaySqmp,26DbLxVUgQPmmwwFNpoWbeTuCT7jn8f19cFZeRtzNwyW,3JmTp12qiDHTuEDFWLb7tenyFcDeWgdZvES52v7Gmf2C,6000000,17350568,345810000000000000000,254,1,2026-08-24 15:08:45,5VzzMHk3pGz32qARRHjGoasg6iR1tSoixHpUFtVgDPSm9LtCLdhNuiJTdKGTGnJV93jTLhN4HBuVNPBTvdTME3bC,7,2161056595316248409778614460640298102,17311138,17350568,,,1
2026-08-24 15:08:44,hi6AoT4x9BjNCaFrGKu876SFwfcELbkyudXWNCGEkqaq6nmu9nbvXzXamxm4gcajKXqTZi5aMt6aZY79YsJuU1H,buy,GOOG,6a2yZjSpCncEyiPrB3ifnAJdqJVUNymu7vEvLCaySqmp,26DbLxVUgQPmmwwFNpoWbeTuCT7jn8f19cFZeRtzNwyW,HKPHiTb3K2vZ9frUqCq26CMmmq6YtUtFS6iAssxMEMna,10000000,28917613,345810000000000000000,260,1,2026-08-24 15:08:50,33HFpx2aaxuJMF9PB56jggcCdSsBvR9VsBstitvuMJcxzwtbQgDwYWVafPkTH329RiUsfT27AMaBVWvi9rsGwFrQ,6,2161056602748712928690902016997719310,28868493,28917613,,,1
2026-08-24 15:08:50,265DwmnFc6gcss8Tg9x5KWqeEjSqJ9hRxADmGxwCMcJ5KpfeGL5qBfQZ5WEGHi7inNTeTpxfn64KdqgH94Wf5Hkn,buy,GOOG,6a2yZjSpCncEyiPrB3ifnAJdqJVUNymu7vEvLCaySqmp,26DbLxVUgQPmmwwFNpoWbeTuCT7jn8f19cFZeRtzNwyW,J2p41523V7eDjbbmerpuHevdmnwppRTDGpNNLnjKLnFz,14000000,40484659,345810000000000000000,266,1,2026-08-24 15:09:00,3eAfKS4NNAxWfB5stsbaZckUP5webQkrepprfCXg5KfKp6FWCFknHcMFwiXQCX7qhzthT1tSrLYaz2Nb6zAuMobR,10,2161056610020396662285300581616168524,40398265,40484659,,,1
2026-08-24 15:08:56,53oMzxqyrA9uxyVwQstesmZQv9TeYvLf1TSZFBbGeyxkGY8nktdPNhq1eMuJnC2axHyoAnRoTKVYsBUo2frxzTQx,buy,GOOG,6a2yZjSpCncEyiPrB3ifnAJdqJVUNymu7vEvLCaySqmp,26DbLxVUgQPmmwwFNpoWbeTuCT7jn8f19cFZeRtzNwyW,8T3u3TNWNHobibb5GSPjYg3sHqRpYDvuBCv5KGJVDUJe,20000000,57835227,345810000000000000000,272,1,2026-08-24 15:09:04,5Z3wPdZPDL3X3ftq8ufgpBDFn3FYUeaHRZJV4iyzwwupYRdq5m6yyNcRxq1kWEBEe3TGra8N2CokiU4EZY34FR6X,8,2161056617247355525945644280652168144,57712517,57835227,,,1
2026-08-24 15:09:02,dpy3opbJNy9C7w28z1M4JiLEjmuV8nWv2KR7k7J1aHwhSuU1u1dmuHTKQcdnYsbYmCp2rhkcUDyWMVyKLwhkqRY,buy,GOOG,6a2yZjSpCncEyiPrB3ifnAJdqJVUNymu7vEvLCaySqmp,26DbLxVUgQPmmwwFNpoWbeTuCT7jn8f19cFZeRtzNwyW,46a17YRctyWud98h7wcehMZyKV74LpW9hvD8X5ncCnzt,26000000,75185795,345810000000000000000,278,1,2026-08-24 15:09:11,KHf2Qmz3L7qkxEPv51A7nTT61s8Ngq3jY9RwE5s2GQTHna3kB9BV9zks6HTBu4QL8N6qe4Q75qf3jk9rypHijyn,9,2161056624394526006189891381808606733,75030601,75185795,,,1
2026-08-24 15:09:08,44QZxAgcZDcaPMSpFsfsWAvZprw4A5uLGAFfxN75mMva848AwckkuussgJ1M5UY8LWqtpUPfsjZMMVmLFQ5V2H8F,buy,GOOG,6a2yZjSpCncEyiPrB3ifnAJdqJVUNymu7vEvLCaySqmp,26DbLxVUgQPmmwwFNpoWbeTuCT7jn8f19cFZeRtzNwyW,8cB2rsbvBuewjEEHuWLFYUT3SgYHaHwpsGYJM8SjcRLM,50000000,144588068,345810000000000000000,284,1,2026-08-24 15:09:18,4KsQo3nZmeGcQA4ix5H5kRo7zrmLXZtr2YC2H56kSgzV1epvasNjjm9wEx1Y6SXME7VSe19VTQLEVbEX7DGDmzcS,10,2161056631494571746364111679960805759,144284609,144588068,,,1
2026-08-24 15:09:14,4vLDEZPbuMXmhnYdtPTCU2unGjLK4ZascJFQ4sjx9xmM4HTeNFE6F9KqyNwpiVaKu1r6dvraNUQtoc6XqHZhCV4u,buy,GOOG,6a2yZjSpCncEyiPrB3ifnAJdqJVUNymu7vEvLCaySqmp,26DbLxVUgQPmmwwFNpoWbeTuCT7jn8f19cFZeRtzNwyW,EGkRvijoKJ3ebZyBbssPXsSeX5RtYZpG4qkZ7cowE6rZ,30000000,86752841,345810000000000000000,290,1,2026-08-24 15:09:24,2xzTpX7HWpzuxhN8HUz1cY7k3oMe3FA8SBduRUZ2uAE5nJL44zfNe3AnKJKo64jDFXV41XEoBabHh78gd4KEuRD5,10,2161056638564349815773389713578321526,86533245,86752841,,,1
2026-08-24 15:09:20,2r7KwQHN6AGGUcc4ZB2LXX4z9SG3G6SzjQYoq5bnx7ikEUi4iLS6enzoxmxA8K2HF1WDHrgH9iRfwPwCyHGrGBuC,buy,GOOG,6a2yZjSpCncEyiPrB3ifnAJdqJVUNymu7vEvLCaySqmp,26DbLxVUgQPmmwwFNpoWbeTuCT7jn8f19cFZeRtzNwyW,FVkEaAs6nmM7iF74tVAirsWv7XWTaY2o7d3EcFAoGHUA,2000000,5783522,345810000000000000000,296,1,2026-08-24 15:09:27,46NcPSk2co3GPWrVYBpeBjgrXALj95qTeo1boULU5H7gHJLwf73TqZsJZ8cZHW4jHp3bwdRJyRyNpkqJwNVpyazA,7,2161056645831207014838338095027320323,5742184,5783522,,,1
2026-08-24 15:09:26,26SLVz882qBhTuje4VQoS8fnFqBifMCRGu954U8J7YYcC3ZWQyJQDAaWBUh9LcpfiTobFYHqLzAv7sH1N1khMwsa,buy,GOOG,6a2yZjSpCncEyiPrB3ifnAJdqJVUNymu7vEvLCaySqmp,26DbLxVUgQPmmwwFNpoWbeTuCT7jn8f19cFZeRtzNwyW,2SHSQH8MkjwRr7noXwEkZ2eRcqUfVr76jekKMam8geDw,3000000,8657259,346529999999999000000,2,1,2026-08-24 15:09:33,3tS9fZ31GPB7BVvzRo9vG6MC38D1t7vedNwjiaPbCNPMyeodewFrPSroX4FdewJGfvL79Uyn5je9Zm9wTspg2KF,7,2161056653020678124409319181148620591,8624817,8657259,,,1
2026-08-24 15:09:32,TKbDahQbXGNscZQwcswZhieC58G9e6r14C1tDkGmL6r2Pm6nS7zFRrtfY6FJ3HThC33jNzBzf3fhaxjsVogzzDt,buy,GOOG,6a2yZjSpCncEyiPrB3ifnAJdqJVUNymu7vEvLCaySqmp,26DbLxVUgQPmmwwFNpoWbeTuCT7jn8f19cFZeRtzNwyW,5gmncSXfmVooLn6Z2M1RwmP4reizi8q1ADYTK2C5xFG,4000000,11543012,346529999999999000000,8,1,2026-08-24 15:09:38,4xisQL4TVcxhPxL1EFW3bhczSetLyR7frhKJWoS9wJeGDjb128D9CWxMckx6TAnpGpVpfLCT7TJ4mitMBYzKXhhb,6,2161056660236784992644249716214087147,11505654,11543012,,,1
2026-08-24 15:09:38,bnANTEGEKXmKqfNAk1JRYFh6URMzERY8GpwcQhoRyhPH38HRjK5wSviL3YxcKAFHsc5UfQFG3JmqKJdUyLJYmM6,buy,GOOG,6a2yZjSpCncEyiPrB3ifnAJdqJVUNymu7vEvLCaySqmp,26DbLxVUgQPmmwwFNpoWbeTuCT7jn8f19cFZeRtzNwyW,Uo9xhFEmcnYajnnVmHZeBHP7twVQkFCNCfjztTwji2d,6000000,17314518,346529999999999000000,14,1,2026-08-24 15:09:43,2T2hUbBAuBGj1igkhgUMKh98AnpaXVdfZDq6yh5YX969jfvom2EVdfwx2wGVNG7bkqjsmdrBkQyFWJbCQpgbDAKK,5,2161056667686166483771787930998902292,17268816,17314518,,,1
2026-08-24 15:09:44,4sqQgN1CVQGks9z3Xydp3G2aPh2eHBJxX2rA4TQ3Y7EpV6Yfs97zmKQoDWhFwRUDCLFQarLcXWihdQY8hZbmR3Nz,buy,GOOG,6a2yZjSpCncEyiPrB3ifnAJdqJVUNymu7vEvLCaySqmp,26DbLxVUgQPmmwwFNpoWbeTuCT7jn8f19cFZeRtzNwyW,Bdcvao4jWkYRXUU7i5Ubiqn6MdgHyNnG2QVvAyokKCd7,10000000,28857530,346529999999999000000,20,1,2026-08-24 15:09:53,4XPUCSs4LFUPngRjCma4D19iX2whAt3W3B5t4zb32ZMrd3y6kXHGwwvgPGqUZW5Q9wC8eyRo89wyyUWTHqg4yv23,9,2161056674768059841598851629333058589,28800249,28857530,,,1
2026-08-24 15:09:50,2KaYKAKUvFMdjtXA3WVg5Rg8h2R2hUPxmXxRzxnekg1eLGkp3V1o4AvUt7cX88WTawxnw9BCF6hbrAnDd2Vu3Kn4,buy,GOOG,6a2yZjSpCncEyiPrB3ifnAJdqJVUNymu7vEvLCaySqmp,26DbLxVUgQPmmwwFNpoWbeTuCT7jn8f19cFZeRtzNwyW,4X6DtFUHH3MV9jRrwqxZSbAsYBPnTYT8VVgEbbcVBGZU,14000000,40400542,346529999999999000000,26,1,2026-08-24 15:09:58,kYY1rBJ2WgtMTybKor2HPHtEviG277v333Mvdo9wYTBvUxZ7McKe5bNhWUWhzfWbnZhotVf4xLCBzVMRCx3hnF9,8,2161056682036139891579995683383474250,40331415,40400542,,,1
2026-08-24 15:09:56,5rfVfuYoajcgb159LLcwK5wZibbDYs6FafJCVEgqUxcu4puT4oDSwQtrxoxtJ4BDHqEN7WPDEy3DzN2k3NNzkDjf,buy,GOOG,6a2yZjSpCncEyiPrB3ifnAJdqJVUNymu7vEvLCaySqmp,26DbLxVUgQPmmwwFNpoWbeTuCT7jn8f19cFZeRtzNwyW,CK5TJMTbeRiek5vwn3qAYzmpZeffSDizr64vdzyPMB2t,20000000,57715060,346529999999999000000,32,1,2026-08-24 15:10:03,4F7Q74BxgivzgPnjb9xqoUtu62r9okceDH3gDDtwRTTpPE7Du1WqVp265SYWhwyYuecLsAi3eacZxRrmPvdjgnQ1,7,2161056689404506382348326676752187533,57624343,57715060,,,1
2026-08-24 15:10:02,c4sdQHz9pKjzsJAdo1hNQMNGWWKiGPR8C6Lki2vXfxJBB1QiefoiUk9Hc8aMZRT6fLZWitAqxkDFsTGTwnhEir5,buy,GOOG,6a2yZjSpCncEyiPrB3ifnAJdqJVUNymu7vEvLCaySqmp,26DbLxVUgQPmmwwFNpoWbeTuCT7jn8f19cFZeRtzNwyW,z7fBmPQvUbU3rtzX3Fu6yVaxf52UoMEgYTZKFJxFnNt,26000000,75029578,346529999999999000000,38,1,2026-08-24 15:10:09,5HBEnyUQq2qYazJH84NfYfe3kWcfuVt9NGkZ5xQsTzKnFQ7r5X9BfVsfAxt6GE6mRvYXYcgUNLcrjGabAsCzsnR4,7,2161056696736674500325053448513942037,74924614,75029578,,,1
2026-08-24 15:10:08,2kSwHVQNEudkMK769WSMuChei8L6WjJtZyagJQnnivYx4qUxoNXS9TLd9KtT2dmQ1yowjF517EhRPXA1Mvwm25og,buy,GOOG,6a2yZjSpCncEyiPrB3ifnAJdqJVUNymu7vEvLCaySqmp,26DbLxVUgQPmmwwFNpoWbeTuCT7jn8f19cFZeRtzNwyW,5ewEBgGKJQXSXxxdiEFvNfAEaYs4ardXFWPsP8WtsKfJ,50000000,144287651,346529999999999000000,44,1,2026-08-24 15:10:14,2XvCwKZjqGxi94KmLRW4L5Sz3VKh1NUQ4EeADoGKHgqdx4Q1c8LSkM4RcHwtcBkg6woCit3h6MVNwbrVuEf96Gq,6,2161056703837900334629464990588624930,144145650,144287651,,,1
2026-08-24 15:10:14,5omPNbYCvEBYDga3JajG8u8dXHEqkvFCSicFp7jtnUkE4qU39Uzds4QYm3N3JBXE1oHhzqriPBwn6Y9L1R7VAF64,buy,GOOG,6a2yZjSpCncEyiPrB3ifnAJdqJVUNymu7vEvLCaySqmp,26DbLxVUgQPmmwwFNpoWbeTuCT7jn8f19cFZeRtzNwyW,61CGiTw3atxARc34n28PeFiksnm6HKvZE8N5viCDVnrw,30000000,86572591,346529999999999000000,50,1,2026-08-24 15:10:18,moDgiKXeRhQSwfPP7vcsZaCKVRqQ6dXUZ52PLh3WSACTYKE6VWR3RNiyxfBV6d4uSuTdHyAc48Q9YQ8UgyxuwfA,4,2161056710982651836850872125935689805,86467379,86572591,,,1
2026-08-24 15:10:20,45QmTBn15E3kEKHCU8Vxn38BESz1ZK1Bn3CvG2vZaiqJX5P4Efd1A2NxoagHp4vh7u8LXje7JeGpSEcCdHTu2mrT,buy,XOM,DwBR6tLSWzQ6ZDMJ7h49p7y6hQtE5gBxwEfQfLUmZuxF,26DbLxVUgQPmmwwFNpoWbeTuCT7jn8f19cFZeRtzNwyW,99EXJpR3F4RYpytNKhzG26VKwAT1KQAZFRMUXZobzKsH,2000000,12250840,163254099999999000000,130,1,2026-08-24 15:10:28,5ijbTBVc2eEkczpnXuKVRWENiDbazViZu7H7ArE13z74zuRBXP4YyPx95byMQJMEQsgyb9QPQzMQnG4HUb6Nb8M,8,2161056718265195463772488906870385811,12188250,12250840,,,1
2026-08-24 15:10:26,5ovB2JYLamai39DMNaV8eNWuhCHk6bQN2QdfwVbGo2tRe1XghsKYBmKdY2YCsi3GuFdyZqLJSUfzqGe7ucoCTrbw,buy,XOM,DwBR6tLSWzQ6ZDMJ7h49p7y6hQtE5gBxwEfQfLUmZuxF,26DbLxVUgQPmmwwFNpoWbeTuCT7jn8f19cFZeRtzNwyW,6PywzxDQ3Sq5NKRLRt7etyMYWEW7a4dgrzuJiyUBYUaW,3000000,18376261,163254099999999000000,136,1,2026-08-24 15:10:33,9c1qivhF2ze9byDmgi1vA3hrP17PoMdyCmapqDEhxZWF7vjbFByTq8wUZFZCPJVzVp5Yhtpz7SpAM45TCtyV7fJ,7,2161056725679555243971078572644122679,18319955,18376261,,,1
2026-08-24 15:10:32,5CaQPN1tSisPx5L3ZE9e3PUFAZTJ4ovJ629VVUxjAowtFomxxcP7Vg9zsXzKfg4DVLS74kRV6gUo9Gq44WAmDL2h,buy,XOM,DwBR6tLSWzQ6ZDMJ7h49p7y6hQtE5gBxwEfQfLUmZuxF,26DbLxVUgQPmmwwFNpoWbeTuCT7jn8f19cFZeRtzNwyW,CamZNtNa89NKEt3Johgecgum7BVnLa6nbXmUEbXkkq6K,4000000,24501681,163254099999999000000,142,1,2026-08-24 15:10:38,3BcKmyFgP1XEmRFgeb35fDFsg2Bz2VxZhmRRso1fNBGuR3fD2tzFez2rGf2aUk5eNr5dP2jqWcNKaT8AYXvhFw3r,6,2161056732958511752948012465369733245,24444934,24501681,,,1
2026-08-24 15:10:38,4sSxSjRNTgLDr6gzudegGeZoYrsawwyEqPJULd7zApYvUxQkhkZjuuaMjHUdUbSHDpJJewn1CvWsD2s1VxwTQXEe,buy,XOM,DwBR6tLSWzQ6ZDMJ7h49p7y6hQtE5gBxwEfQfLUmZuxF,26DbLxVUgQPmmwwFNpoWbeTuCT7jn8f19cFZeRtzNwyW,JAMy9brSYDyoLUXmqQ2XbHq3R9ZT2tPwwXRjXKgBoSsx,6000000,36752522,163254099999999000000,148,1,2026-08-24 15:10:46,4oGp4xEcsSFKP8vh7WPr1hCKCGkZxUNB46i9VdeoRHTDWahRATmWg91xQJY3q5jY3YesSdzhD14YWNFXws14m9nn,8,2161056740161264648633512002543582732,36710179,36752522,,,1
2026-08-24 15:10:44,3EDqFMgxKsSAEZTAm2UpRHxvzGpCC9C9YXHaPPjnRQS2EHM82PBv6AJZg1A98hvUUTWa3C5PtVmJxgVtq1v1586o,buy,XOM,DwBR6tLSWzQ6ZDMJ7h49p7y6hQtE5gBxwEfQfLUmZuxF,26DbLxVUgQPmmwwFNpoWbeTuCT7jn8f19cFZeRtzNwyW,GP4gNU6aruCzY8JZkiBuLRaywT7Kuiz3Dy7yz8bEP5u5,10000000,61254204,163254099999999000000,154,1,2026-08-24 15:10:52,3684h5EbDCdF5iMFitb8rZXisQ1L5Vj7AB9WSsx8J3FhYfot5xoAYbEAghr9EujD7NXdJRLaNKpg8ZX2Po6W26pS,8,2161056747405164892269056602806751453,61249264,61254204,,,1
2026-08-24 15:10:50,2Lm4VFvCJKWYxuSqutASChtaHzJTGNA31BFntLtYi5oixUgtATq1p8M8TGvbLJWBcvMC9ya6h44TBLVeaykcVY47,buy,XOM,DwBR6tLSWzQ6ZDMJ7h49p7y6hQtE5gBxwEfQfLUmZuxF,26DbLxVUgQPmmwwFNpoWbeTuCT7jn8f19cFZeRtzNwyW,EhHHwBp6FeCsMHZdJWr1PdcsXC4aGTTe2gnNWWzbXb7F,14000000,85755886,163254099999999000000,160,1,2026-08-24 15:10:56,E6tjBQpVLZ3PTxdWXgawyxiYxm7oYYzd3N5Ne9mnsTKw9HxVvx257Hk32BaT5azowFDjWr9Xiubp4Ccv3ZBevmy,6,2161056754587386214020831255916187929,85737749,85755886,,,1
2026-08-24 15:10:55,41dmqfwZFvGf8Coq9tSyframSE4spmjjeHehu69XkxvBeKLbq19X5Z6UrMjiEVhjEp56XZ4bQzSeW8jKrAq3nuN8,buy,XOM,DwBR6tLSWzQ6ZDMJ7h49p7y6hQtE5gBxwEfQfLUmZuxF,26DbLxVUgQPmmwwFNpoWbeTuCT7jn8f19cFZeRtzNwyW,4M38iTPxXtwsp6vpS5tvtBHQtkwmFWp9d6ji88M2qnaq,20000000,122508408,163254099999999000000,165,1,2026-08-24 15:11:02,4e53uzEJi5ebScVPzGsYVgUyznArfd3YEMkzchmA83LkNSuqkbRu8QzyKUMHsEEtLZMQtWn1UJcAVHtnsoz1mj1Z,7,2161056761738176457499542627489032690,122538802,122508408,,,1
2026-08-24 15:11:02,63TTEuXtEwmkqvxbfeFbPPjxUqoia8Hzc5RntZRWennByJupCPVQudBb7zjeUD9q4xG1Sbnu57uWQJ2D1JUqNEfq,buy,XOM,DwBR6tLSWzQ6ZDMJ7h49p7y6hQtE5gBxwEfQfLUmZuxF,26DbLxVUgQPmmwwFNpoWbeTuCT7jn8f19cFZeRtzNwyW,ChJ3Jbtm1nUPx6QnBgp6RSbR8mkghseVGeuRoMPiaCeV,26000000,159260931,163254099999999000000,172,1,2026-08-24 15:11:07,VU9FQ3dbTqYk8oGBg6z87UjSQPr7tZ3WMiGAisTwgT1s3MSzGfb48B3BjPuEfwjz1HBkSini1ASxiusdWfa9BwM,5,2161056769109004062550899649652788820,159271969,159260931,,,1
2026-08-24 15:11:08,4GynpZSGLjqc7QoFtqLMh43jV9dSAmmVULe7E7joYiTRyEd7rNtEDZLWXsRbCxxMstYLg2B5VBHj9CymjUzYiDCV,buy,XOM,DwBR6tLSWzQ6ZDMJ7h49p7y6hQtE5gBxwEfQfLUmZuxF,26DbLxVUgQPmmwwFNpoWbeTuCT7jn8f19cFZeRtzNwyW,9d3UfaA6yp8YBJte6Q6wzuGFeRq9WunLzi84oFrh6WAH,50000000,306271021,163254099999999000000,178,1,2026-08-24 15:11:16,nZRgfGYEca9wXvTnVVPGutF8RV8v6e6xwgGzkprYm8Tu3enS6dVi6sW3Lm17TLgTwRr1yN77m2M2F2EqUrqCymJ,8,2161056776510049109133462726737850462,306326290,306271021,,,1
2026-08-24 15:11:14,539KHVdYpxnefMzz681sETQxo8htGzU9uHcoUWE41i2FYWHxp4WcYakN1bcxoUraZFEGX3971osfNSanPwdP1Tgq,buy,XOM,DwBR6tLSWzQ6ZDMJ7h49p7y6hQtE5gBxwEfQfLUmZuxF,26DbLxVUgQPmmwwFNpoWbeTuCT7jn8f19cFZeRtzNwyW,FrT9CKDKqT6PwuYVjG2qvk1LT26Uw43gxdCiXhBAEmx7,30000000,183762613,163254099999999000000,184,1,2026-08-24 15:11:21,y9iudLq27Josh5fo4c2phmXGwtV1rmLRR3qzQLXGpKyvp6nRysCNf7ogpQouSjuyAN77ikkPm87Lj9gWJBqCbM5,7,2161056783813150320335773676813225522,183748743,183762613,,,1
2026-08-24 15:11:20,LRarcQMVbgi39a5Eme5uE7MG1GdTXUf2GK1uS5sEpH2rZ4m18B3Z81d8Qa1PsDQFjatHMU1QP9U4pBNPB5KhjHU,buy,XOM,DwBR6tLSWzQ6ZDMJ7h49p7y6hQtE5gBxwEfQfLUmZuxF,26DbLxVUgQPmmwwFNpoWbeTuCT7jn8f19cFZeRtzNwyW,FYXL6ML8Mw6jezeJG3QhHJcDyy4QkPprTHPTizrKnZWk,2000000,12250840,163254099999999000000,190,1,2026-08-24 15:11:26,3DNbP6EueCrsxik5RppDS7d9jai3Vimn8ULn6EhpRoijRLAkGppfLKnGEphx7ugvVHDG3pYgb5ekDADGPtHtzydc,6,2161056791087280203573145119458686422,12189295,12250840,,,1
2026-08-24 15:11:26,4HGGSsq8o6LqdM6Uax67MhNRXXBJnwN7iUUnUDTT6Fj29pCXaMHXqK3FiQRsL5PEtHYkqiVDewjJRAjLFvqfwUAh,buy,XOM,DwBR6tLSWzQ6ZDMJ7h49p7y6hQtE5gBxwEfQfLUmZuxF,26DbLxVUgQPmmwwFNpoWbeTuCT7jn8f19cFZeRtzNwyW,BzsmDC25mQnabwtSBaPjnS8Ss9JZYkhKuJ24DXnjoHXi,3000000,18376261,163254099999999000000,196,1,2026-08-24 15:11:32,5G7Hr3Mm2aSrGXFqD9srtGr2S6sfCXFh2ut5v1mjc6izMtTkKm3KaqswPPj456pnxPMd8N2UDFEcxY55QDDf9PnT,6,2161056798313041227364769667589584480,18313223,18376261,,,1
2026-08-24 15:11:32,4dVjm6jZ71LaSuX1oEMLfQDLRpQvZDJo2yTys4rVAxjNqLKXsmSKTocATV9Z25vxCBMaQsHSYgY4RRUHFHSH7XFD,buy,XOM,DwBR6tLSWzQ6ZDMJ7h49p7y6hQtE5gBxwEfQfLUmZuxF,26DbLxVUgQPmmwwFNpoWbeTuCT7jn8f19cFZeRtzNwyW,3qt3YtNFjaXx96xgkc2XpWWvEH4y3vWgMge6fseu52A5,4000000,24501681,163254099999999000000,202,1,2026-08-24 15:11:41,4uSSQ4nKACrrx8JJ6ptjEba9R3zVfFSDEMGJzSWzodkyh9Gv67rXJAS3nfbaTK7GAh8pabYHa3iJsfuqcYkusAC,9,2161056805576237520377696351823516349,24426677,24501681,,,1
2026-08-24 15:11:38,2p7jQnqwuo5qH2TK7LDBWMpUbnGc8nMmdVLc4qoHxQS3AgQtmSqFyRh7b7NjLh3BrFnozWYRwhVP58hmfJB5FNPZ,buy,XOM,DwBR6tLSWzQ6ZDMJ7h49p7y6hQtE5gBxwEfQfLUmZuxF,26DbLxVUgQPmmwwFNpoWbeTuCT7jn8f19cFZeRtzNwyW,4CyVGVPyLED3tCBPsdXEHrEiWZMkRz9TYJ6kBWEjZS2Y,6000000,36752522,163254099999999000000,208,1,2026-08-24 15:11:46,5Zfik1gNuJFeerFZSKF6UqcBwsJtkRacwQwH8vDVRcmFyD9LFdTaJ6suWMMFxt2eewD567ytozfirW4cf2qQiVm7,8,2161056812721021562715751899225356794,36666136,36752522,,,1
2026-08-24 15:11:44,4YNM7ymM5t6YfS5mTvfDmrMNw6UQPADehjTNY9reUQaV1dwCoUDgHbm1dk3SekHHqe3yMiDsXRtR1LVD5LckDVJ7,buy,XOM,DwBR6tLSWzQ6ZDMJ7h49p7y6hQtE5gBxwEfQfLUmZuxF,26DbLxVUgQPmmwwFNpoWbeTuCT7jn8f19cFZeRtzNwyW,2HZwPP9XaQYFyBrRnuUxyLwBM37DeBDSRnG4ofDpKuzW,10000000,61254204,163254099999999000000,214,1,2026-08-24 15:11:51,ZTgDTfmsvLcwuetKdjck6JhNw5pmdNjSp2X3eHDWYVeCn26WC93nWZ4MPmcemGz3iQ7FvXBhWYNgKUebcDHa3V6,7,2161056820107542140268845059230563183,61154029,61254204,,,1
2026-08-24 15:11:50,5Rmh5LjYWzLY4zWmjVMSxcrNxr7axhKZCiAmXTsSjsMYf5Pmsu2m8dnc5yJoKUWHATGpZCNAWrhWMTQAPxeWoMFs,buy,XOM,DwBR6tLSWzQ6ZDMJ7h49p7y6hQtE5gBxwEfQfLUmZuxF,26DbLxVUgQPmmwwFNpoWbeTuCT7jn8f19cFZeRtzNwyW,2dV13gjcKF5bByagFjH9MRmhKDzCCL1RqutLFbnGnzCX,14000000,85755886,163254099999999000000,220,1,2026-08-24 15:11:57,5mWHM4Bn9mK7tRSeiSHTUANnoyNFa6TRgsThyhE7F5Y3QA8oL9FpCkNuKoP7ZEZFxegVcXAJFTSSVxk1y1GtCSnG,7,2161056827386484410982863306002250097,85640127,85755886,,,1
2026-08-24 15:11:56,TzXmvGb3hAeagQiJUoxfguNiibrgf7Vr2xNU5cwyw92CaCdduxPqH3wdg9PiPUBimgj5Zi2Qr9okjqNSzHGPM1K,buy,XOM,DwBR6tLSWzQ6ZDMJ7h49p7y6hQtE5gBxwEfQfLUmZuxF,26DbLxVUgQPmmwwFNpoWbeTuCT7jn8f19cFZeRtzNwyW,CB4zoxooTZ5GKm5aXN1G9k52EEfHEYPdqL1rM5iZXxGY,20000000,122508408,163254099999999000000,226,1,2026-08-24 15:12:01,5eBXEa2QEY2qHtM46PZtiWPKy9E72xfeFumatc7zsaJLWZjBgsbay7KcgEt3PTyxgwThGyiH1tPrQEAEuSxQW5Su,5,2161056834522784224142924493739875754,122402243,122508408,,,1
2026-08-24 15:12:02,47ZfcdyYz3Zhj3xV9bjRYQjBY3GVMe1tLziA3AhZQ2nFDhxkYt4vL9vtUsNScS2MBFmzj7Lk3SFc3kLbchUXsX4M,buy,XOM,DwBR6tLSWzQ6ZDMJ7h49p7y6hQtE5gBxwEfQfLUmZuxF,26DbLxVUgQPmmwwFNpoWbeTuCT7jn8f19cFZeRtzNwyW,9gxGGBR8v7Kz8R8DcGcAZJrSXJCswGB3z8PbnSocVBXK,26000000,159260931,163254099999999000000,232,1,2026-08-24 15:12:09,4Hb5umWZUxuvWFMrZiFiPP31PNun1H66T113Ysq8cNvWuyjs4wbSfFYrJQstibmhdoq1a77yMprDR2UTYP1x2ceT,7,2161056841852472542624432762546518732,159110109,159260931,,,1
2026-08-24 15:12:08,3ACWJVEMEMozrgCLCztvJKZfeBeZUGCHTapj7zkS7txx9wfEZNVEPX36kbwWHBmTik1QEukh9mBcobhzGEdWu7EN,buy,XOM,DwBR6tLSWzQ6ZDMJ7h49p7y6hQtE5gBxwEfQfLUmZuxF,26DbLxVUgQPmmwwFNpoWbeTuCT7jn8f19cFZeRtzNwyW,CD5XcVL6jU2tEMP9Tt9GAAyEK8jH8GSnF7xdbe8y8ftz,50000000,306271021,163254099999999000000,238,1,2026-08-24 15:12:17,e2gbaibMhqEt1TZZk2PWRrTixqN58G6EKWZwJ1D2DjiFUzsPDr93wSysFUCfruJUAX98XWmVTVbe978PgcdW6gH,9,2161056848934385562503205811746399546,305951331,306271021,,,1
2026-08-24 15:12:14,3XRhZkF8wggeYQbXqr6QxWFWsSxRat842RzRcZWP68sUWhYRv1VwbeasG8knAeCDQMSPibzNACCFegk1Y5gqribB,buy,XOM,DwBR6tLSWzQ6ZDMJ7h49p7y6hQtE5gBxwEfQfLUmZuxF,26DbLxVUgQPmmwwFNpoWbeTuCT7jn8f19cFZeRtzNwyW,8dovcagb7dWioUFkmkU6ABM2ukSwG8oWr2Wtbq2RDA1E,30000000,183762613,163254099999999000000,244,1,2026-08-24 15:12:21,3Yh58ZwDKEEnXS2xDMvU4dDFqa7bi2WjPAWinBAXfaNLAiSttsUK9Cr5QqLcRkuQdPodngw3RwPA49pgn5yhbXit,7,2161056856201246226230524419530238159,183573282,183762613,,,1
2026-08-24 15:12:31,24pqzkWiuP2JanbgjkUr9v41BLrhBm4fAdMfQoP8ATiYxA7GXbyvagUPqfSvF2QXr2FTwFs6tmFJFJ64X4wm8HVN,buy,GS,HbCB8kGqwaQi9Q1K9EvYjfbMnFjaAUMQAeR3k7PDAKin,26DbLxVUgQPmmwwFNpoWbeTuCT7jn8f19cFZeRtzNwyW,D4VvVgXAw7XHCqJ3pMuSrmKjVsLwCyEwTRVLvZ5AjXVg,4000000,3877866,1031494999999999000000,6,1,2026-08-24 15:12:37,36UucyweRzdqFhZc3DMeaRyAvLhb7XRqMpC2CnTGJRrxG7xnqmCvdvwnHcVVYua1Q2hp99okz3hVdyEjhUcDMd7Z,6,2161056876645365508895093841600981349,3864676,3877866,,,1
2026-08-24 15:12:37,2pTPS6BcmrddSbDWWNHHXUB1MpeWGvrPhGkpgY57ECNbieRFKjTDHpLpAK87d9tQPxSQC94wCbDpYSB8c2AsQkq1,buy,GS,HbCB8kGqwaQi9Q1K9EvYjfbMnFjaAUMQAeR3k7PDAKin,26DbLxVUgQPmmwwFNpoWbeTuCT7jn8f19cFZeRtzNwyW,D8qjTUwtPPuRqB9WhTDxDGZe1FVDjKnuHApAmm7pJGS6,6000000,5816799,1031494999999999000000,12,1,2026-08-24 15:12:44,5JTcjXA3RdpuhGe2wtn7LWaLw2kcW9xGBdGzKQh9aB8EojDtSyaWc2gmTuy2YkqxVPTwdoW19cjz3SePcKKBnkcb,7,2161056883936390889724571026107397916,5799958,5816799,,,1
2026-08-24 15:12:43,e3YHdgD7rsviwZ7PVweqYgzdMHj92TwAkBeoeLn6r51qYBR5v8xbN4d1hB3zBDVWS2MdDssfKNbgKVUN4oAJVpv,buy,GS,HbCB8kGqwaQi9Q1K9EvYjfbMnFjaAUMQAeR3k7PDAKin,26DbLxVUgQPmmwwFNpoWbeTuCT7jn8f19cFZeRtzNwyW,5YAK5bMw51oen3k5zSjf6AUwpBvFZgY4nxXQPjpdntxt,10000000,9694666,1031494999999999000000,18,1,2026-08-24 15:12:48,4h39dQ8BDiJB4PuCYHdatoyRN5mJbth9Ev5r8riPx54qZwj7QvrXfNMTttM3xQuTmr8FETrq7QBGPDYtJCvLAP9e,5,2161056891204463065796835275709381139,9675675,9694666,,,1
2026-08-24 15:12:49,41ZuqmbKYJdRjQgsiRgpFS9wchc4XVikWn49ArDTdVH6ikm7UNVXKw8apBC7mB3e3i6zKVBcaqDJJj3Tzhb2n5f1,buy,GS,HbCB8kGqwaQi9Q1K9EvYjfbMnFjaAUMQAeR3k7PDAKin,26DbLxVUgQPmmwwFNpoWbeTuCT7jn8f19cFZeRtzNwyW,6rcxibimo3yT9beo4uisZv48rZZMJyrUpn8QwhFMow6p,14000000,13572533,1031494999999999000000,24,1,2026-08-24 15:12:56,45VbZCwmjpHNWDuhUVaRTiVYihMScutWMAKVjA86eahbjkfLaqtdvusds3X2RzWCCmpZbAzpvXudSbWEGBVPdJhS,7,2161056898472529776463402816296872413,13549820,13572533,,,1
2026-08-24 15:12:55,zVZsSYg4ffLYF5DGx5oo7bz847VLuJZdBpo13tdhH4GJuyUHba2LLZZftokAvRX2EP9qzv277figT8MmwmFqZAb,buy,GS,HbCB8kGqwaQi9Q1K9EvYjfbMnFjaAUMQAeR3k7PDAKin,26DbLxVUgQPmmwwFNpoWbeTuCT7jn8f19cFZeRtzNwyW,79pdKY9mnEAFyXFsU1CTsM8fn46b41R7y85UPjyCk2LT,20000000,19389332,1031494999999999000000,30,1,2026-08-24 15:13:02,2W3L3sBf9DdQFA4eMBPSzv8CUCQyB5B7nVr642xi5wVn1L9jUAYUtiZB7kk3GVDiga5eq9UpRKKZjaEiAeKKxoDf,7,2161056905924348786428226952298642339,19358299,19389332,,,1
2026-08-24 15:13:01,3MoqSLp5jC6zHVa1LG36hzp3sfizUBppwjys1Es6jgYHtbUoPbSVgnPpGg1KcFfHgKCQZfRZb8UZ96hKdYFMzS98,buy,GS,HbCB8kGqwaQi9Q1K9EvYjfbMnFjaAUMQAeR3k7PDAKin,26DbLxVUgQPmmwwFNpoWbeTuCT7jn8f19cFZeRtzNwyW,C2mJTxvUr3cH3Pbw2AmmVJCos9AVenFSwvnYhg2xGewE,26000000,25206132,1031494999999999000000,36,1,2026-08-24 15:13:05,2o2q8uT7MbgHabgukcJcEYjo4tx2UxqJjrnusfjk6Wu5Uz6UHt8gqHzhLbCFUyv3Hp1iQnkvQostHx2EKok9oaUw,4,2161056913123509715371046493744489249,25155443,25206132,,,1
2026-08-24 15:13:02,3Q6eXyVu5TtRXW42KHUg9w6FcJaCn9rBSTcZ7wPMVtH8nd7yihDYNm2iuexwV1EyEYu6WNaqmaGDy1jfuVkbSvje,buy,PFE,EG3rt93i4iifbhyEvmcJi13yb6E5uudJpbNWNBrE7W1u,7ZojnzraitorXTQXynyyUzkoDuCdovaJzs8fWR85UdZ2,5fmpyPFmarYmSWk7j99oWpDzZBsiEqKjySSf7gPy3VsJ,2000000,71723148,27885000000000000000,83,1,2026-08-24 15:13:08,eLTAYS91NdsVt5E9p6qGuLgdzpDKjgg4L9mT8cqrPWAZhkBaqdrJXfxcZb9Skqm1sh4cKYK9VQXVnNfjtciQDGn,6,2161056902367694484140848838696559564,71408066,71723148,,,1
2026-08-24 15:13:07,45aeQM5fkSFB4A4Cktj1oGNLZVEkLzH8tm6EPdgJ6HcV6D1hihDNFkD5ghQeYYnaoc18eKJdCq9q5hfFGcCJNYUG,buy,GS,HbCB8kGqwaQi9Q1K9EvYjfbMnFjaAUMQAeR3k7PDAKin,26DbLxVUgQPmmwwFNpoWbeTuCT7jn8f19cFZeRtzNwyW,92NEhwXDJFPJt6qEy9QurfH9TFYG8yiQM5bUW5LJPKM,50000000,48473332,1031494999999999000000,42,1,2026-08-24 15:13:15,4kqcvyguFaw8d6k1WAFSB34GJMm29tGawK6bcznAhfiNfDPomfRSPxQs7UbknmtEuW1Ywdv3vSizuscWkYYXHjU2,8,2161056920270676874565378623797122163,48378418,48473332,,,1
2026-08-24 15:13:13,1LdpaFTvcuDKi73WJQ9qp4cPbFxtP1ynCXTBWprh1MHWzsdVsBQ1BvWgR5D1nFHPAFPuzZ2TUBtVurw2ruVCHvH,buy,GS,HbCB8kGqwaQi9Q1K9EvYjfbMnFjaAUMQAeR3k7PDAKin,26DbLxVUgQPmmwwFNpoWbeTuCT7jn8f19cFZeRtzNwyW,CJYfmL648pxwDFGLTgVXHLjEkDSxuKqwZ3TV1hM6fcVH,30000000,29083999,1031494999999999000000,48,1,2026-08-24 15:13:20,2Cqn4qNGev1CG115v6i6YUXpVjGN32Ajf9coSbeCVG4TBgGFwN9CAfrgrpEEYJHMsoFiFsq4ZxDTcgrf64fNxLLi,7,2161056927413010504365236446659647869,29025370,29083999,,,1
2026-08-24 15:13:19,MQMBGUzXdMYbcgwj9F62YKuNmUmVcX8F29Wt8tRz9eMXApj1GUQcVCeMaoELVXPZtsmKVKaHTimidVYDrWTL6iM,buy,GS,HbCB8kGqwaQi9Q1K9EvYjfbMnFjaAUMQAeR3k7PDAKin,26DbLxVUgQPmmwwFNpoWbeTuCT7jn8f19cFZeRtzNwyW,2TMTByJBM7AcU7bsxL8f5cANgbch1r7pMDi7sF2xyuVM,2000000,1938933,1031494999999999000000,54,1,2026-08-24 15:13:26,4oxtYNtRUs6zrayttBWcx9bdHe2A8zfBS7pQ9MsWZgYm41vTSwmyrkPfwqDUMe9GGd8nsyjh7o4nm9QKTCUNGQGV,7,2161056934706445862929358227705650620,1926241,1938933,,,1
2026-08-24 15:13:25,i9oh6ur3moJfzEASzLjAE3tANW6NhPng1A4uwmPYuXQPNW5xxVTFMdee4VJTVCwspfGcwEcqGZtX3Zs72hHmCLB,buy,GS,HbCB8kGqwaQi9Q1K9EvYjfbMnFjaAUMQAeR3k7PDAKin,26DbLxVUgQPmmwwFNpoWbeTuCT7jn8f19cFZeRtzNwyW,Ctqa4DPa1ZCYVPdUKqTfDRvF8gEDUYptst4EuBqcnhfN,3000000,2908399,1031494999999999000000,60,1,2026-08-24 15:13:30,G8PkkqVHAs8FwQo8SWgVyzSx8dD5ba9tcvonnTAUXv7rZ56rN5roCdz85pjT8QY4EED4kuVP2KWvMRy2TWN5tHh,5,2161056941966067842911120800074872146,2894246,2908399,,,1
2026-08-24 15:13:31,4i67G9W5ajr2aSqrgCmsm1pbyJAgc8FmcovafuMkoQ2UCp7oLEg3uGZ38bHBEN6EVi9Grs5ukAK4JZAEhHn5mEJN,buy,GS,HbCB8kGqwaQi9Q1K9EvYjfbMnFjaAUMQAeR3k7PDAKin,26DbLxVUgQPmmwwFNpoWbeTuCT7jn8f19cFZeRtzNwyW,59JtQE312ZmBxn6fGXHiQT5A2tEJ92z5JJv4CWGjNztx,4000000,3877866,1031494999999999000000,66,1,2026-08-24 15:13:41,4UuHMXZxJaiszrYZPNxSkydR1GcmWCMnVaGyq16EUm5HTnLLGehQcFuCb4QmCMhbS9ciRayHwCeohs4J5717yGwH,10,2161056949214770878201323912712338577,3862222,3877866,,,1
2026-08-24 15:13:37,3zrQ9gPcC2YLiyYeiLYDazyuaRZWXvUak1Z7x6nZzUAzH2Y6Tqhh7Cy6GwLcN12umqKfu1PxAEdgikxZV6rcZnfD,buy,GS,HbCB8kGqwaQi9Q1K9EvYjfbMnFjaAUMQAeR3k7PDAKin,26DbLxVUgQPmmwwFNpoWbeTuCT7jn8f19cFZeRtzNwyW,6EwaWM1V4q2KPfeyZ6JjTqazS2yVsUmvokumDmUsnM6Z,6000000,5816799,1031494999999999000000,72,1,2026-08-24 15:13:46,3zx1yizvuoXJEiQ4adrZ5fjo7NpEYVtcRFNme3qs8MqXndg599Ji5K5EmcoCmYFbbFD2LTAm1ZAHeLgDqfRZsYnh,9,2161056956601304887190291348584184551,5798476,5816799,,,1
2026-08-24 15:13:43,3X13EEZs9AvEaBy5kwu5BiShHux9hJwNX5fVza5yUzfsUcosGWykJgqJFNa8r2ddsNHb69nttg5qni4TEozdnRHR,buy,GS,HbCB8kGqwaQi9Q1K9EvYjfbMnFjaAUMQAeR3k7PDAKin,26DbLxVUgQPmmwwFNpoWbeTuCT7jn8f19cFZeRtzNwyW,DUYQCGF9U7D5pVHrg3eUZacCpphpX6GmgP1eFragtWvX,10000000,9694666,1031494999999999000000,78,1,2026-08-24 15:13:52,4hrRr5owvdCpmYoyKj6QFdsvBP34PTWj5NFXnQ2fFmkn4sxWFQKjSsr1rURn5Fkdr7VXPbvW2cr8oPXJf44y9Rw5,9,2161056963993907470716736780631444205,9672397,9694666,,,1
2026-08-24 15:13:49,64ycfpgXFq5PfpoYwShTa6vxNoD4vXSknyUv4n2xdhnXgGa86whfubhHmwJtsQW2yPHzFZkFX9CCLtMZSoawVmxA,buy,GS,HbCB8kGqwaQi9Q1K9EvYjfbMnFjaAUMQAeR3k7PDAKin,26DbLxVUgQPmmwwFNpoWbeTuCT7jn8f19cFZeRtzNwyW,CUYSCGZN4NS6oKC19sWxeBMhaS7D58Psw6MLLSjvdaRX,14000000,13572533,1031494999999999000000,84,1,2026-08-24 15:13:57,4iWAhoZyFYf7efpPyZnYwvqJUim4zi1iQk114BMgKwSCGFibQz4Hmvejuav3zrGkPbgpZtAiKLbTftdLVRkx2Zcc,8,2161056971537599624933187448622174061,13545307,13572533,,,1
2026-08-24 15:13:55,4UPN2fzQwdDi3yZsCv12hBv65b6BUm1TGZJcqFs11CarGgtJjZKg8KCwPQdKQXcGSiCCitt75WN6JYDi8H156eBF,buy,GS,HbCB8kGqwaQi9Q1K9EvYjfbMnFjaAUMQAeR3k7PDAKin,26DbLxVUgQPmmwwFNpoWbeTuCT7jn8f19cFZeRtzNwyW,8FPDfZ8WbdhBVu6fdY1KaN22EPbHV6J1auwjbpWzDqGm,20000000,19389332,1031494999999999000000,90,1,2026-08-24 15:14:05,4q83TV1TL1ML7XwGDVUou3g9Ea8hLZNtCwgY1ACyG28fi6eoffS7d49qV1hVAfX5mRwmPFUyW9JhLFuHvvMcu7ez,10,2161056978880621287107810084586312878,19354888,19389332,,,1
2026-08-24 15:14:01,5W7mzbGskjryPBBbg6eQtf5esQVGkD9pd69jJ8HNEsBCHCei6WdeJzkkefnLMj8XpDDXfYREsTQBbJ4ekuWoZun6,buy,GS,HbCB8kGqwaQi9Q1K9EvYjfbMnFjaAUMQAeR3k7PDAKin,26DbLxVUgQPmmwwFNpoWbeTuCT7jn8f19cFZeRtzNwyW,FgqRKBEHzsU3z8zDvtqsLKN7zEAE6XJ5bcQvfnyBe2oS,26000000,25206132,1031494999999999000000,96,1,2026-08-24 15:14:09,3K4HNRC9ckBZio53Mfk8EqZ8zPLGxB3mTNwRvXJXLK8o1LSHPKpqGhZkuRvF45cNAiUmiBYEEushXeAz6iAu3zzo,8,2161056986015686864235257979974303996,25165234,25206132,,,1
2026-08-24 15:14:07,4Gfq7ChK3Hj1mu3iYFwZE7cUuLLbYFWrq6wXgw43x4jRZf7BducghwSovgo6i9tFeN5snbkg1o5CZkuWviYQL5z6,buy,GS,HbCB8kGqwaQi9Q1K9EvYjfbMnFjaAUMQAeR3k7PDAKin,26DbLxVUgQPmmwwFNpoWbeTuCT7jn8f19cFZeRtzNwyW,HKW7ZXrk7tfRXQRtwYn7ZzctBRHtAbHgzVRzmfa7BsUK,50000000,48473332,1031494999999999000000,102,1,2026-08-24 15:14:13,57aZSz8bwKyAkxpyTTzhiotcjP1DyYgURDyqWH1JDr4vzQCVWiBFg6nSsZUHVgXdhMmf61GBVx185oY92A3xTCcH,6,2161056993050406801127388878894179107,48395278,48473332,,,1
2026-08-24 15:14:13,35dFaXPCMS6zW9GXEj9aUWd4P53yQDZjL6zFdXVt11rQQLzgkdeFKTXfd9iUSf5rjG7U9dNYf5C3m3sX1LnZAfsG,buy,GS,HbCB8kGqwaQi9Q1K9EvYjfbMnFjaAUMQAeR3k7PDAKin,26DbLxVUgQPmmwwFNpoWbeTuCT7jn8f19cFZeRtzNwyW,HWfXQnQnwQxk6kYFLoi9YGKwxQE54hXAHjA4y56oCK3X,30000000,29083999,1031494999999999000000,108,1,2026-08-24 15:14:21,5YDnaRCr5UxpV4Vyu54n3YXMZKLXXz7fRNrNXbnekQiGUNAJuwnyGXTYwPZ79bDUtrR5iZ2hG7MyRaLbh2bQexCW,8,2161057000325726960627511088582805970,29033238,29083999,,,1
2026-08-24 15:14:19,2w7aqGg3H2R23BcYUgeGDdiHoCcpLx7897R19DgZTFeLFUTCr6hMAkyuFjcksPAcAxW4N8awyFWos8rP2V4CdsBG,buy,NVDA,FkzjAJX584L1LncQb8AKSnGhc5sLvZjPGCgZLGpeHyTH,26DbLxVUgQPmmwwFNpoWbeTuCT7jn8f19cFZeRtzNwyW,BuXTrQSVxjHp3cHrQ8Fxe3AVe5x5XtHp7WTTZC3px26U,2000000,9554417,209327250000000000000,26,1,2026-08-24 15:14:27,3hmu6vt8ztCA6YHp9wHkW4nyYHjf2WDNuEo8dxCqDxLNUnGwfKxitiVV1rBZSHP1rkzQL5h4LVkqcgS8YB32ijwt,8,2161057007585328443807346999164585870,9508065,9554417,,,1
2026-08-24 15:14:25,LBdtTDTe8CrU5WUrrAJ1JF7gxqm7YZYyi2FC76F2z7BZ34HAkPyt59wxMuDMJdazGBTfs7Ytdw7RECHjHZhUZDQ,buy,NVDA,FkzjAJX584L1LncQb8AKSnGhc5sLvZjPGCgZLGpeHyTH,26DbLxVUgQPmmwwFNpoWbeTuCT7jn8f19cFZeRtzNwyW,6TTtP7fkzcQEdrSc4PVbTPWqCbhYFjYFoJy7GaxbhGgT,3000000,14331626,209327250000000000000,32,1,2026-08-24 15:14:33,4uLRquoHr9uhnE1QYCCzQ5a39P9CeyW3FUHwihEw4DVdpYGmm84MjKrLULxdWDvd1x9sVyjvbJRB1ZMfAxpZxPMi,8,2161057014971883517242594150702656466,14284485,14331626,,,1
2026-08-24 15:14:31,31RBGoyo9FkyzRDEf1DNhBQuvoo2Myixu55QBFr3N2u4CfLdRakwfxTB4jsq1QpLXftKZGNUHhmoSJXMpRfSxypX,buy,NVDA,FkzjAJX584L1LncQb8AKSnGhc5sLvZjPGCgZLGpeHyTH,26DbLxVUgQPmmwwFNpoWbeTuCT7jn8f19cFZeRtzNwyW,5HpNE3RPfLJa5m6NB9jqQXYjgYRXbrB8uJDg9RFdxPGs,4000000,19108835,209327250000000000000,38,1,2026-08-24 15:14:39,4B3xnQD6SQSK7LBMub8ZvAD9asjUyxzuexMCJfGxyM8pE5hva3QM4C96QctKkcPtaw7sw1CQAp8rtqLnn9SZKHDa,8,2161057022364442952634615579587975756,19065731,19108835,,,1
2026-08-24 15:14:37,5Lxqq2rUBNvS7dAdcUcPUaubaQz2BW1kuydsQ5o4mrJu5Tn6SnomQeEfATJCyJJKFscBzQnHqUsQ7bY1vmiz6KzY,buy,NVDA,FkzjAJX584L1LncQb8AKSnGhc5sLvZjPGCgZLGpeHyTH,26DbLxVUgQPmmwwFNpoWbeTuCT7jn8f19cFZeRtzNwyW,4fBYK9KoU3yq2ihGR416kdzvJHWMFhLHabyRg3szx6hE,6000000,28663253,209327250000000000000,44,1,2026-08-24 15:14:44,3YjpdckRiPPKK1qbH8EabCDcBjrwxDcvCQhzoU67Ut4dpwQMrkXemTDb9jGNQ2hXRVaJBCr2y9L7JnuYMvkJNTJM,7,2161057029634952514233657309877394743,28627687,28663253,,,1
2026-08-24 15:14:43,xsTx9U8KKDfNKy6eWoEvrhTsQsUfgnTEvWe4vbwQb9cPyAW5LT8TvL3wJKe1md99pVYrHww1hi3f2psVE9VZMdP,buy,NVDA,FkzjAJX584L1LncQb8AKSnGhc5sLvZjPGCgZLGpeHyTH,26DbLxVUgQPmmwwFNpoWbeTuCT7jn8f19cFZeRtzNwyW,8TDJvdjRrugTL519ks96y4zjv83Kq5zKJK7z42pGxqVQ,10000000,47772088,209327250000000000000,50,1,2026-08-24 15:14:49,2rhhkadwAm7x4mfWqEwV1vDQbQSQHowYts9doRRLu5MTJKL7webDcXFovEHUXa3zcQaNBrroTeYQW46WCJRASPMp,6,2161057036755518895075172810703301959,47742848,47772088,,,1
2026-08-24 15:14:49,5qaEQ3WQFCXpiezZWFuoMWyft2YqHXjchfgaJsdYNqGNqwHX3LuwJGeSDQHwarbRDgtZJQSxpddr2JTj1QkgncPG,buy,NVDA,FkzjAJX584L1LncQb8AKSnGhc5sLvZjPGCgZLGpeHyTH,26DbLxVUgQPmmwwFNpoWbeTuCT7jn8f19cFZeRtzNwyW,5Q3xeakZ5YKzopZzhUEVGeus4f6bJ4f1Nwrzyc2a8Zpe,14000000,66880924,209327250000000000000,56,1,2026-08-24 15:14:56,2PmwcpGhdJQCKYx7oCBbgTejy3TEJ1J7hjKNNEF2zw3rnqJdHHPhA3JtBZFvnWipakqrQ3NBXVt1qmXwHbCA5SJW,7,2161057044010255513101939616104651668,66881477,66880924,,,1
2026-08-24 15:14:55,DQMfHfJRFHW6FYj9NKoXKgLGUiu4XbbUGEN8q9nNyEj761tyQPbMGjK7bFz9PEKPcWXCDGd81xjkRYMoyNBRCTU,buy,NVDA,FkzjAJX584L1LncQb8AKSnGhc5sLvZjPGCgZLGpeHyTH,26DbLxVUgQPmmwwFNpoWbeTuCT7jn8f19cFZeRtzNwyW,6CDbvUAcXn3429YFDNovzaxYHM1iGv2RuZx1fFs5FvRN,20000000,95544177,209327250000000000000,62,1,2026-08-24 15:15:03,4a2T42DD7vWrhK78DXigJBBMLgT1GE75FX8vdNprJL64SDoXKNHy56TFkEa618D1dW7LojW3kaxQN96ywoDgfPGm,8,2161057051250517559761283496701478807,95559974,95544177,,,1
2026-08-24 15:15:01,4LqqQDF6jAafaXgYdWaXNGzT7EG22DCbGsEUwVZ8rDkUDugpuVyKwZSjQ4Xj6Qknj8Gtdcv1Ezv3oMccrGeXmEh1,buy,NVDA,FkzjAJX584L1LncQb8AKSnGhc5sLvZjPGCgZLGpeHyTH,26DbLxVUgQPmmwwFNpoWbeTuCT7jn8f19cFZeRtzNwyW,HNyXjaSnXpVRD1R93jirUWbHMp6mTqowVsv7QAvSx38A,26000000,124207431,209327250000000000000,68,1,2026-08-24 15:15:08,2XByd4Spnek8bZoLhLiSqonesL8dgpseuPrTDzHS4MQxtJ66Di12GBBCb8jHjJSymEMT28vYSi2KaYE6ATEBhMho,7,2161057058693893917974881758633522226,124242308,124207431,,,1
2026-08-24 15:15:07,3HgDJE3CMw49oWPR5dqyfewwRjG5RCyugUdhr5sigReR1ZHy47Zu4kR3soowGwW9AbdTchDeRUZZG4j5KKVaZEAM,buy,NVDA,FkzjAJX584L1LncQb8AKSnGhc5sLvZjPGCgZLGpeHyTH,26DbLxVUgQPmmwwFNpoWbeTuCT7jn8f19cFZeRtzNwyW,GLBv6tUHSxzbzp98HX59jMtawJMiGjsNe3rVDGfHdo8H,50000000,238860444,209327250000000000000,74,1,2026-08-24 15:15:14,4tVasaY3eeSb6tCCEy81Aq8VoBzDhsA8y7s69sgJScJAqU4MgN6caCaPti83ZhBDoovU4ZqwhkPc1i2haFJ6BdGH,7,2161057065814441962446004075538157158,238953366,238860444,,,1
2026-08-24 15:15:13,2JcS7jm8HjqvAxZG4mAEt6W9Jz7U7ehU7XQ8Z8yZ9PcCMV8s1ef3xPEYE2hvXrEDvGeL2F2UUXJ8L8XLeoHs5Usj,buy,NVDA,FkzjAJX584L1LncQb8AKSnGhc5sLvZjPGCgZLGpeHyTH,26DbLxVUgQPmmwwFNpoWbeTuCT7jn8f19cFZeRtzNwyW,EWkYvQZVZpRbxbFAj5dsNMR7Gh2H6yusqx8JVSKrWyr7,30000000,143316266,209327250000000000000,80,1,2026-08-24 15:15:22,5zv2PTiuijzxF9Ji6eErayQoKtL2aXB7kNCJ7jhuagepDkc6kSkXAFzeXhMtXY657eECQFpUzeGzi8jHz2awtUea,9,2161057073110343188322244938613323520,143350158,143316266,,,1
2026-08-24 15:15:19,3D3HLRzjm88cFYVrXBHs4sf25BKoqte7KW6TeUFf6jB59QnRxC89omW1fPgweLVmcBZfR2SUhtQqwRPNsdoTJra,buy,NVDA,FkzjAJX584L1LncQb8AKSnGhc5sLvZjPGCgZLGpeHyTH,26DbLxVUgQPmmwwFNpoWbeTuCT7jn8f19cFZeRtzNwyW,6SkJSiuR3XyFoZyGD6DJLAXJ7bJEKDs2Yc2dk6TYb6x2,2000000,9554417,209327250000000000000,86,1,2026-08-24 15:15:28,XzFQ7jvTbtDg4LwKCDuAL7ywS9Yc8nAUsUNd6vFzGXpEH3sSPSWVAE6gvU9DXdUsanKo7qPfhKLdp8nDZ3SHeRD,9,2161057080256270874441080032661575669,9508973,9554417,,,1
2026-08-24 15:15:25,2jMPcotvUWs8W2jrKWE33nsU8FYahZWoGb5hCkoNBVC5yzR6hoayKwaa9d5sJpUpa8XP7Go5Md72bXkr1ngLtX5T,buy,NVDA,FkzjAJX584L1LncQb8AKSnGhc5sLvZjPGCgZLGpeHyTH,26DbLxVUgQPmmwwFNpoWbeTuCT7jn8f19cFZeRtzNwyW,54f4WXdbJHibh6tmjEk1GCtvLFKBggTbbXmRQhtVfDw,3000000,14331626,209327250000000000000,92,1,2026-08-24 15:15:34,5iS5ZHdTZ9uZ5s8QVt54NfoCQfTBEEEwSV45V9dzSRQ6VhkFTWGKaD1yxcQC2pxg2mfqTjQEkhx7yjD85bFyaW1E,9,2161057087402245800111577964058258523,14285987,14331626,,,1
2026-08-24 15:15:31,2kUFRioJwskabTvUEKZ5qH6wdmnsgqoZuuV6PZ9ez78TVWxhCc9WarNJpNSYrsjPZmWSQPQi9YkLr9ZaXy5gZu8z,buy,NVDA,FkzjAJX584L1LncQb8AKSnGhc5sLvZjPGCgZLGpeHyTH,26DbLxVUgQPmmwwFNpoWbeTuCT7jn8f19cFZeRtzNwyW,7M6hcwpSZNkvouino72jqHCxGAgecPztZdAmhhqJ23FT,4000000,19108835,209327250000000000000,98,1,2026-08-24 15:15:39,2C6GoKno1d1pshikEeVzH5XthRNQNK7WBekmzbo1kivtTHMsiqkGsgWYansgoYRLPLL5JzXtXxr2y86bEtm7e8U9,8,2161057094667904384942564388898402460,19064638,19108835,,,1
2026-08-24 15:15:37,58htpjrGnH4XVArjXeZbtxnpyCoieFWE6iGPGXvddyt4xg6m3PheDg1FozCLs5hQvR7K6rWPgxymtLoEauF5xtb9,buy,NVDA,FkzjAJX584L1LncQb8AKSnGhc5sLvZjPGCgZLGpeHyTH,26DbLxVUgQPmmwwFNpoWbeTuCT7jn8f19cFZeRtzNwyW,AaEsdLDsyF3QeB7m5o3ftbR5wk3kKJpAdWS4sj9LWR98,6000000,28663253,209327250000000000000,104,1,2026-08-24 15:15:46,4MmjfCECa7d8UW6ZB8YX6HGiQ75TiVipyrzrHYQKEzzP8T8eTTxmKq7VaEVqG3B37TzRrPUYtRYzq3vU27etTW3d,9,2161057101812634799854021792058026595,28626866,28663253,,,1
2026-08-24 15:15:43,35mdgNjjA6zBGYizwvk6h96YienMWbijQYA5LfKnLnVPLby2Bb4HNMh2LnbgDVEerQy4TMmYVrsaADpo3xsopg2Y,buy,NVDA,FkzjAJX584L1LncQb8AKSnGhc5sLvZjPGCgZLGpeHyTH,26DbLxVUgQPmmwwFNpoWbeTuCT7jn8f19cFZeRtzNwyW,5S6F1UEdtXkDh4yWobCAb5mGgKkJQY3qpKJqfgTdXciz,10000000,47772088,209327250000000000000,110,1,2026-08-24 15:15:51,5qTRhXtYoqkpDiPizpQrTRFnzbXkj1G9gFYk1rjZn46BidzWb9JKGtjYJKCAWirY3sLVsLmw6m3G1UnYgYMnw3jx,8,2161057109184666273740647491367010199,47745129,47772088,,,1
2026-08-24 15:15:49,4RTLGirbdgdeEu6tNn9NTGNZh5veWr3561txPZhhU9q7msTj4LkZVCmxpufesKiHSagS3HiWeRwMaFBSa7FvvvnD,buy,NVDA,FkzjAJX584L1LncQb8AKSnGhc5sLvZjPGCgZLGpeHyTH,26DbLxVUgQPmmwwFNpoWbeTuCT7jn8f19cFZeRtzNwyW,CGvh7s7YFKp6AfqHuFBi7g8R5BwURsajggakLkZZSuFh,14000000,66880924,209327250000000000000,116,1,2026-08-24 15:15:58,54SGRMGCEMFNW8wcM7Vr3bL563mtooQVXgFk7WKAzFYQo42cgU12xNqR2hgAAwW1WDgE7yye2rX4hEnFmDJQcocM,9,2161057116339110229044619275749518912,66862938,66880924,,,1
2026-08-24 15:15:55,3FGrgqmFEkgRbKaDhyYRFKW6hZqf9gH7DE5gzfVwajJQfF36J2gwyXDsfFucEFfzgg2u2nd566wPysnVzX6L63H7,buy,NVDA,FkzjAJX584L1LncQb8AKSnGhc5sLvZjPGCgZLGpeHyTH,26DbLxVUgQPmmwwFNpoWbeTuCT7jn8f19cFZeRtzNwyW,GEgwyrVtAboTkMy1AtdV6oEXbSeQ9NZUxuRKaLH3yv1f,20000000,95544177,209327250000000000000,122,1,2026-08-24 15:16:04,5kJADKcCRrSgG6BSvPQTnPhhGpdFQbfigrcZv4E71bMa6pzzJD7VJhNymVNt5nCG2UHak9QY84WNUzUX6uqHbu9N,9,2161057123446367524738536943048623462,95542618,95544177,,,1
2026-08-24 15:16:01,T8mrmsbMZv5dNR2jnnmvhpWdjeUNbeKiFUyrQ3X86ETCREg9J1vTvPQ5o1n26ypMt65NtydHo8JomHbE66UGNmt,buy,NVDA,FkzjAJX584L1LncQb8AKSnGhc5sLvZjPGCgZLGpeHyTH,26DbLxVUgQPmmwwFNpoWbeTuCT7jn8f19cFZeRtzNwyW,ZLMDRyZyYwNsKPXt75Va5UHMtRaczqqPZXJYHsHtPdX,26000000,124207431,209327250000000000000,128,1,2026-08-24 15:16:08,UgQiJ6KP2VHR5JxdpfMpCVLnUuSGg67PqN89yGroDx7BCWcVSqu2LuApKKwvhtK7R8itSeA55pbN8U2LMrs2ABJ,7,2161057130571775954679343091150883213,124219743,124207431,,,1
2026-08-24 15:16:07,3c8yMsMY1pSGPy8ttQq3XdPAnKTuuu96bGjeYGVygMDjuuCKRHQzq7iRLVDHrKxCJKGwTq94r9PiVCvXr1bzSqPH,buy,NVDA,FkzjAJX584L1LncQb8AKSnGhc5sLvZjPGCgZLGpeHyTH,26DbLxVUgQPmmwwFNpoWbeTuCT7jn8f19cFZeRtzNwyW,8XMbUWDgjQ8inFfLyVye4nUJ6Ji8SnEoZVuMUpPdt63Q,50000000,238860444,209327250000000000000,134,1,2026-08-24 15:16:14,2Hu9SuE19HZKc9vu3No7AvyCvZJ8mLBWwsf3BTX2Ypzhb5UHh7uiZD4RrEi6Sk9PTKGwuV4ABGE6wzeF77enLUXE,7,2161057137772159072868675645903101563,238928240,238860444,,,1
2026-08-24 15:18:44,3ZQ4LcsBuAEzmy28QBodUv8B2WRzXeE3UkvN6Eh8sKBagcFuMXaaYYsrbZZ1vQ5xDbVf17PmDF4SHKCxjkDbxYWc,buy,NVDA,FkzjAJX584L1LncQb8AKSnGhc5sLvZjPGCgZLGpeHyTH,26DbLxVUgQPmmwwFNpoWbeTuCT7jn8f19cFZeRtzNwyW,9dNEFmTzaEcfGxQ4BqsZWrt89z6x4Pj8awp2jfu4Mb5x,2000000,9554417,209327250000000000000,291,1,2026-08-24 15:18:51,5Ct2TBVbPcXUDg38QmSCoaRJ3wqU5DPFCrAU3fh5hLwRp45emrCFbkr5GeQoXa3rn9Fh8p1Mhv3kzzL8vYnZaU4A,7,2161057327691964664408118806147880296,9511155,9554417,,,1
2026-08-24 15:18:50,5a5o9opiX1t4unjgRkJXVPTtoAophipJZ6twKqeCgUHLxYZhqi1iX8pjo5pvvZ9WYsKFajXjoCEUcbb7PSYha8jy,buy,NVDA,FkzjAJX584L1LncQb8AKSnGhc5sLvZjPGCgZLGpeHyTH,26DbLxVUgQPmmwwFNpoWbeTuCT7jn8f19cFZeRtzNwyW,2vHYSUjnMGfQQQx79Bi2ei7myhDFrtpvrfoFp4xnUpTD,3000000,14331626,209327250000000000000,297,1,2026-08-24 15:18:55,2kY83Pp3drjGHPDZpc9f79ccnuhTjMCoKucNcY4Eucq6Wz7BsxKiAKEiXJJEmvHfM2BqHnH2JE2FjELcMyYjPc3s,5,2161057334880251534147019649876130822,14290766,14331626,,,1
2026-08-24 15:18:56,5j918NQ7d2EE4Kw157LGPw6JpehdtxzsTGhQuMwg7mypKoAHLCPnkp4GPnUXXU8QHiWASnqNG8RRcNbZtmYVHjzJ,buy,NVDA,FkzjAJX584L1LncQb8AKSnGhc5sLvZjPGCgZLGpeHyTH,26DbLxVUgQPmmwwFNpoWbeTuCT7jn8f19cFZeRtzNwyW,H6JixdeA3PiHQMwJYWQb57JNrrJAgiqvT95WPotmaBqA,4000000,19117717,209229999999999000000,3,1,2026-08-24 15:19:06,2YeQ45uYqYRAdN2jxGr5W2enmbUzGuqDMMJNFbRLo2mY5EAmoJ5QMDYoChyVsPBcJ6ughNfzW3xoveyDyWz5NHb,10,2161057342020140569249934847937968881,19069558,19117717,,,1
2026-08-24 15:19:02,54KXg2b6TckF9L1kpYMeSCBZDxJU9d7bH5cPfjyamSGHg4tXCP5hmptnpDpoQhiHY9NtvYBmtgd92UizFvmy9oJt,buy,NVDA,FkzjAJX584L1LncQb8AKSnGhc5sLvZjPGCgZLGpeHyTH,26DbLxVUgQPmmwwFNpoWbeTuCT7jn8f19cFZeRtzNwyW,8kisGHSnQsx72XZizcScAujGbZSzhULazt6ySVegTkug,6000000,28676576,209229999999999000000,9,1,2026-08-24 15:19:12,613cy9bhcHKxhrrqrfBir3atmhSR6mMh4JmATZNWSHDSixghpKkwpEoEXWrYezcZrV6TpkMdGgGrz86hEEbDzKka,10,2161057349368017267915408856321761006,28629055,28676576,,,1
2026-08-24 15:19:08,5RCiQmpLRkRoDQwCTRjZzzBvBiYr94rdGqEh4wsYbK3aPKzSpT1xuoFto5rVqRiaSbefneSBEbgDYA2Ttxoauxr7,buy,NVDA,FkzjAJX584L1LncQb8AKSnGhc5sLvZjPGCgZLGpeHyTH,26DbLxVUgQPmmwwFNpoWbeTuCT7jn8f19cFZeRtzNwyW,H3TMaJxk2ZgrKDM4mGiwgD35UETpiqhSmcMeqFCSgtTp,10000000,47794293,209229999999999000000,15,1,2026-08-24 15:19:17,8zjnUanssT8qvmgtCYEMBuHFMPdpwaEAdWXJcWhYrs8dG32jT7gCUx7P6QL8MEDfmoDD9tfnD6jxLg4XQe6qTy5,9,2161057356852454899672472420090965928,47740566,47794293,,,1
2026-08-24 15:19:14,35W4z6mu7PoxUiWKmQqmUPgSYJy45bqiw9zxgXMRJrvLgZngwhUXKCz1LKp8NwjkFWweJjGMXt2xm6ytLA5G5Mdy,buy,NVDA,FkzjAJX584L1LncQb8AKSnGhc5sLvZjPGCgZLGpeHyTH,26DbLxVUgQPmmwwFNpoWbeTuCT7jn8f19cFZeRtzNwyW,7fVZbpAD5c8mjo4LEB8rN5VjKXvGqr8e1oQR5rQDjHpN,14000000,66912010,209229999999999000000,21,1,2026-08-24 15:19:22,5zSaGK8yAE6nc9iA99YgbrXGV7QTZ9HWCFz3FDuhu7TFqnpWsZZkXxrjUzF6DJ9mPFTDc7jGPQaR8AXMLPCGAs4U,8,2161057364135043848208682633286189304,66865494,66912010,,,1
2026-08-24 15:19:20,BFYT1c7ei3Bs3wdynqEfRAXEf5t5WQ3nqUCxoAQzfuuoh89LjNcmsemPKick49RyzbZKxpDvpwr7vnL8t8nh2hW,buy,NVDA,FkzjAJX584L1LncQb8AKSnGhc5sLvZjPGCgZLGpeHyTH,26DbLxVUgQPmmwwFNpoWbeTuCT7jn8f19cFZeRtzNwyW,4hgh7UXcwca1s39unTXZNfRPAFcLrN9K7A5FG8xLT8D3,20000000,95588586,209229999999999000000,27,1,2026-08-24 15:19:28,48zg14dwPcbu3BBCUCFaWmBwd9s9Cb8YHrNtyoXmrf8WGCpLPaJhtEJTrUogbC4VD6vF878Ngf8B4LsWczqGrbJN,8,2161057371380146168958637987306677714,95546272,95588586,,,1
2026-08-24 15:19:26,yZtj9MuG7HkVAcE9qScho4DPpHirQPVWTUL3bNxB2sBtiCrU4XqmxD45CMobcDVbVMtMnjVsqfZWMyyUD11ckzR,buy,NVDA,FkzjAJX584L1LncQb8AKSnGhc5sLvZjPGCgZLGpeHyTH,26DbLxVUgQPmmwwFNpoWbeTuCT7jn8f19cFZeRtzNwyW,5237ykXqZSjZ1QYa4xv7GiGDg9v9au4THinHNr62frFV,26000000,124265162,209229999999999000000,33,1,2026-08-24 15:19:32,X8rt8kgzmCLwvbtndeNpjkGeAEKcKWPZeQZnLXQsMNYVFHnFouZ4UPDu9j6h42Z1yKhtqsc16sJ85tKC9Dk5xNt,6,2161057378667519709470384069917216535,124231618,124265162,,,1
2026-08-24 15:19:32,6498MVkiwpFq76e6eQsgE6LdrJTco83VCGMcP4nZe8ASQAPhpd6kZZ5Kf2zNVQLrGnFiutDJFhEjCpvAAYhXBs2L,buy,NVDA,FkzjAJX584L1LncQb8AKSnGhc5sLvZjPGCgZLGpeHyTH,26DbLxVUgQPmmwwFNpoWbeTuCT7jn8f19cFZeRtzNwyW,AWW4fNSf9pYee7PaL6qgwbLdDgAdkcUvNVLMwbCiYhPo,50000000,238971466,209229999999999000000,39,1,2026-08-24 15:19:42,5mD4yJNGauiDR6Rx6kaesrrvTYKXqQXRhLssHpn1o1Vr8Em7xP7GqtZPWr1HZai2qJWNE5Meu8jKVmihuvpM1cKn,10,2161057385952527838254575429920666432,238937376,238971466,,,1
2026-08-24 15:19:38,3aLgpbeov1uYonR7L5L3jPTo3cqruZmeXCqcJqBFwndDUjwyqYuBN9th14Uq13ewGqoAczqzdcz1cMgaLd7EHozU,buy,NVDA,FkzjAJX584L1LncQb8AKSnGhc5sLvZjPGCgZLGpeHyTH,26DbLxVUgQPmmwwFNpoWbeTuCT7jn8f19cFZeRtzNwyW,2Gjk7ZfHpm3WuoU1ZkZJNPCWk812oPdaG6HZUSBbVewV,30000000,143382880,209229999999999000000,45,1,2026-08-24 15:19:49,5ADYV7aG7NgT8NwfU9rC2ySsgqkDu8VmYhkH739zHAqPfddCAP7aciuL7eNhAi2C7de9CjD7hkAwCEywosYDCx5F,11,2161057393035610009878142089480582942,143330975,143382880,,,1
2026-08-24 15:19:44,3cTTco4rWt6fftg2LYGpGj7tkMht4b5damXDy63NyGPd6B36L5BJFsvqHk4yyH72hCbRkLYikCQB5pykSHyhNuie,buy,AAPL,B3S7TuCmBPsNJW32SzRLBwbmWmgNzFBuHnBG9rdvt6K5,26DbLxVUgQPmmwwFNpoWbeTuCT7jn8f19cFZeRtzNwyW,97BffePtp3K4ecWxchjdFepshXmVNu3Bre4QpqwdPEhz,2000000,6411818,311923999999999000000,6,1,2026-08-24 15:19:55,5JLnA6eszXBDMHvRhZcU93whETrvqDw4CbbW2Kuk1o7NNsyJe8ZS8LvctxkAAsJDnLVGk8T8H9WoHdnahH8BHHro,11,2161057400385885447224938324159284441,6380536,6411818,,,1
2026-08-24 15:19:50,49uPRvidwtg4PNHDKjLEqq9t7nDxL524Hh41f6dm82MDQwFpM7JrwtpT3we9Hvq3BQRPj353ha35RHWtYzAdHXHC,buy,AAPL,B3S7TuCmBPsNJW32SzRLBwbmWmgNzFBuHnBG9rdvt6K5,26DbLxVUgQPmmwwFNpoWbeTuCT7jn8f19cFZeRtzNwyW,2Hn2PCmBBU3DrQx23f4R7g5YbtvnakgNbHvaJaGhBLiu,3000000,9617727,311923999999999000000,12,1,2026-08-24 15:19:58,2HrkS6P2BFgWZbG6CiWauBbJKtULfqLzGnyXE6Gewfa5Z3A89yFc1GfCpfepW26Yab1PAjMgGGvFubnMJ1NLhgVi,8,2161057407627353892368703069492665620,9588742,9617727,,,1
2026-08-24 15:19:56,2vjW14sBiWVdENQWaVGnrrV43kaXQ7vPthgABxqASL7PdE5S2tDtYwe69zrihTA7ZUZFjRVFyjmPpNsBVM3NKcb5,buy,AAPL,B3S7TuCmBPsNJW32SzRLBwbmWmgNzFBuHnBG9rdvt6K5,26DbLxVUgQPmmwwFNpoWbeTuCT7jn8f19cFZeRtzNwyW,2fdbKUpdsvD3R3rPZxATqeW124jB1V8ZgeDLandhR5QP,4000000,12823636,311923999999999000000,18,1,2026-08-24 15:20:00,5uxBBUGwxMLgPNCjfvjtpxisks2SVe27qiXhMtHW1U2JMCj2uea2aRm1AjDKtuA1dKVroMSKfRxzu7xAUv7BmNY8,4,2161057414796295683085805890168510304,12795679,12823636,,,1
2026-08-24 15:20:02,3YTNkXWsnCJS4fnSVBsevhJKzUDygprjUjKKsmGWTnHVqCgD2MvNUzSzY4TPU4j95Qnaxe2bHWi3NKEtHLPKtafw,buy,AAPL,B3S7TuCmBPsNJW32SzRLBwbmWmgNzFBuHnBG9rdvt6K5,26DbLxVUgQPmmwwFNpoWbeTuCT7jn8f19cFZeRtzNwyW,BWXNRf9SYjMmxSyfFvLckqLhV3ByUuhdbByg84HuavMK,6000000,19235454,311923999999999000000,24,1,2026-08-24 15:20:11,kbPyLXBJg59kseKMUMvmd96gJuhEyFVXiszDmoiDTtu5TDS1Mj86GfdmnG24FfvgnJGean9MAsuzL7d1RivJXdM,9,2161057422146555386988686097500457856,19210170,19235454,,,1
2026-08-24 15:20:08,5A7dmNJA4R2NJ6foCwWWv5tkYYE3TiprERzxf4q5Ykqg21T2c1FPanRKMgBqDWStZum6cL4MR9ZUThhG8Ruoz1dH,buy,AAPL,B3S7TuCmBPsNJW32SzRLBwbmWmgNzFBuHnBG9rdvt6K5,26DbLxVUgQPmmwwFNpoWbeTuCT7jn8f19cFZeRtzNwyW,N8zFhAQKSFmhZEBg9Hdp5Vvzaz6T3iePhP5JNEULmv6,10000000,32059091,311923999999999000000,30,1,2026-08-24 15:20:15,34zBtEC1xkKRQ6agWXwtEgf6uuxrrzGPp4PPBMqekE1JWZtk4WbaXvSpRe8knh9myAoe2shx3GUvEKeKKgvF9VTw,7,2161057429418224637683574463543114871,32030112,32059091,,,1
2026-08-24 15:20:14,2bFPsWV7fAExxoqGxZpoAyUsfojeuUHJZwWKCqPmKZh8mCeFnwhXXuLtx5J27PahJNwvRYSiePGemo1Dq1ZNWJSc,buy,AAPL,B3S7TuCmBPsNJW32SzRLBwbmWmgNzFBuHnBG9rdvt6K5,26DbLxVUgQPmmwwFNpoWbeTuCT7jn8f19cFZeRtzNwyW,DjTtdYTH198xit9Zu3tLyeDNhQBBkztKuzcgYNuaZrUj,14000000,44882727,311923999999999000000,36,1,2026-08-24 15:20:23,4YFsrAoth7MkGnxjVGju1RByeP5ETUEw3PfgxCgxGJapqVGnfqhpQiHztNJq8NtVvW6GBLtApe6wfFRbit6ZcR4g,9,2161057436613754991961848391303354971,44848080,44882727,,,1
2026-08-24 15:20:20,5o6KmfbWS7nT9K1cQ81u7kcxW1qeAQTy3CsLE4fzhnTmK2U9Bahk7cMf11dgJCtXV12i4TzoGN4Q99Bix8CYRbsa,buy,AAPL,B3S7TuCmBPsNJW32SzRLBwbmWmgNzFBuHnBG9rdvt6K5,26DbLxVUgQPmmwwFNpoWbeTuCT7jn8f19cFZeRtzNwyW,FxoKkAphf8Ar9ZWTV18rDbtXV6i3n37D6ATzyi4bSXem,20000000,64118182,311923999999999000000,42,1,2026-08-24 15:20:27,3KELjJamAqrPsEeNrhwQGZwoRJdsgH4TgKNbX8SLLvNHLbB8tAt2bq9eG47eimpVHAsdPxQPFcVszm26GkteTZgs,7,2161057443706550130790113829244046922,64096808,64118182,,,1
2026-08-24 15:20:26,4UC5hYn7YBWrqUwiUgq2A5K8jPxNXzrq3FhkTecfjk9sVe9vsPbppKATmuP5USP8VRt69V46MgAuM33isd1xDZAn,buy,AAPL,B3S7TuCmBPsNJW32SzRLBwbmWmgNzFBuHnBG9rdvt6K5,26DbLxVUgQPmmwwFNpoWbeTuCT7jn8f19cFZeRtzNwyW,8uSYxgh8e2vkbFmbNz1ZXujnH9nVpWn1Ksmy7Fh4K7FB,26000000,83353637,311923999999999000000,48,1,2026-08-24 15:20:33,31pmBwjeDFseUqzCTvjasihqqV7vYCiEBfrcH84yiikBCpnt1CkyvPTzbX4WadEQnzWmfoNnsjp7JvxcTufKLYfv,7,2161057450862167078122215190644267964,83337608,83353637,,,1
2026-08-24 15:20:32,4Zc6mWD3jbCTYcH3vhqn7a7wmgju8Bz1kigoGo8xRxifmiyC3DLuLpgYz3qZaGGnnw7NkPdcnSqRRLncbbGrsXAD,buy,AAPL,B3S7TuCmBPsNJW32SzRLBwbmWmgNzFBuHnBG9rdvt6K5,26DbLxVUgQPmmwwFNpoWbeTuCT7jn8f19cFZeRtzNwyW,EjPvwG4BBDwx3gwJpT41pgfdSyhdckMzfTDf3JpNNqg7,50000000,160295456,311923999999999000000,54,1,2026-08-24 15:20:37,3LoSR5Af8t6f5fUAwJLi7D8Cep6yukRm6pLLFdBwcAFEQ4FNf8L3piMwh4ouSXKfFWozSvQWSPg6K2LmnzPzhuid,5,2161057458303095777927825755943589170,160304511,160295456,,,1
2026-08-24 15:20:38,2bDuEqDgdC59pbNeQUdMNNFRuGGCb1rSKtxA2NApfwSeEg9hwFNTLGDrsTW8XJ9tk2j5CKmb5nHY3W5WmeBNU4Ra,buy,AAPL,B3S7TuCmBPsNJW32SzRLBwbmWmgNzFBuHnBG9rdvt6K5,26DbLxVUgQPmmwwFNpoWbeTuCT7jn8f19cFZeRtzNwyW,WGupy8qQPQxw4ynwPEA2fcunA383T3N3Bq29C3KSe9B,30000000,96177273,311923999999999000000,60,1,2026-08-24 15:20:43,21e7X4MvmpqNk8iQdYgRm5dSzJomtKxKY2ziapRn8mkwhShmA5BUEGCcMsEfaeVoYyRpjbsiUXDiYRqnGCSGtkYr,5,2161057465615904753017897052245612573,96172347,96177273,,,1
2026-08-24 15:20:44,3sbsXR2PE7M4fzUKRRKSun8M3C1k4kYASjBM6jMhSjcF7Y7YzKZ2MDb9GNNxaSajMSZa7ghGt8kBjxDoEgfTA6L3,buy,GOOG,6a2yZjSpCncEyiPrB3ifnAJdqJVUNymu7vEvLCaySqmp,26DbLxVUgQPmmwwFNpoWbeTuCT7jn8f19cFZeRtzNwyW,2ZQn8Sh4j8sdUtZn3ej2dtNeUg31KHJ7zNW5fGL39iGP,2000000,5770007,346620000000000000000,80,1,2026-08-24 15:20:48,oAd19N2VshZc6o4QWf79dXA5bQZVzdty3x6GM1fELzUEGTeaL74pRDxhfRR7XbBxL8pCphELXXSwVDyDDJtyssY,4,2161057472772754273285556364805849632,5746728,5770007,,,1
2026-08-24 15:20:50,2RFQYKmcMzPe5pD2N17fRXPkoguzUfLLnE3FPiaZRn58k2QNgWDa4a4CZ3dprnEbtYsMRSdvDafDfgAe9PsgYnMf,buy,GOOG,6a2yZjSpCncEyiPrB3ifnAJdqJVUNymu7vEvLCaySqmp,26DbLxVUgQPmmwwFNpoWbeTuCT7jn8f19cFZeRtzNwyW,EZohL2FoeiodWdKoYb9nf12sqQLZ23xsfKh4PRaRUA5o,3000000,8655011,346620000000000000000,86,1,2026-08-24 15:20:57,WGfV5zZ11mJxr4bVDnp2YHs6UGHUZsSe2aGUtWoPnVc5qqTFxMsijpFrE33cPJyNfdNqVPnyXYTxBHdvJivYeda,7,2161057479913861030900298261743039717,8637574,8655011,,,1
2026-08-24 15:20:56,J4uDtYDXmE8ZQiFXF22sLx7gwu3zULcSqGabhxfmTe7UYqBqd5Q2Xu1r2ythJPunHshY6JJDV4q9TxJVaKiLrzp,buy,GOOG,6a2yZjSpCncEyiPrB3ifnAJdqJVUNymu7vEvLCaySqmp,26DbLxVUgQPmmwwFNpoWbeTuCT7jn8f19cFZeRtzNwyW,HhUwzEe3C4ZQEnMEJZwAptgaVC9NN1ySXWA4643dmiy1,4000000,11540015,346620000000000000000,92,1,2026-08-24 15:21:04,25vGu57NCJpYu7JJgy7RhDRgeZECQ2C9sEiyL1D3xsWT7kxP8Hk8VtHVdyFR5p7rNsgw85gNcuE5pcdLLBk9ZK5s,8,2161057487255664636570602833428883432,11525063,11540015,,,1
2026-08-24 15:21:02,3sS2ZYbwwWUbiJPVAetDFqUi7RiixvkcGPM3uiTzExCvhoV9uED6C8N88C2QySMg6ZuDhxj1bLVivj4jT6rDD7y2,buy,GOOG,6a2yZjSpCncEyiPrB3ifnAJdqJVUNymu7vEvLCaySqmp,26DbLxVUgQPmmwwFNpoWbeTuCT7jn8f19cFZeRtzNwyW,2ASkGNLFZrX9z92nQtkd7aCRN3ncdVZizX19nP84TVJK,6000000,17310022,346620000000000000000,98,1,2026-08-24 15:21:09,3yeHWtEZPh4QqyZRdqXdYsGC5tWLpABs9b9s4fuprcSdL6r45q6FiaBSoEdT2GcKHd8Y9WrcbDuKLNAoSuF8LM3a,7,2161057494573285041594995948526218836,17301937,17310022,,,1
2026-08-24 15:21:08,5ueYbr9kAbP9gCK9YuWK5vDXBnJyaPFfFJUXZZWsp6Km6f3WPCZXHyMnAkTkCU38aV9pVNyd5nkWayqaWoNn1chY,buy,GOOG,6a2yZjSpCncEyiPrB3ifnAJdqJVUNymu7vEvLCaySqmp,26DbLxVUgQPmmwwFNpoWbeTuCT7jn8f19cFZeRtzNwyW,Fr7usDkAMUZ9sxHjNQ2M5pRE9vtHTQaVQJzritXYM9kc,10000000,28850037,346620000000000000000,104,1,2026-08-24 15:21:14,4mFPg8uttoQdE2cJ2tezzpeBiVKm9rDhsDS565peSjHusX7JLdnUH1XYs51mMHAhsL7cv7BZnLo4yaow1jVtvnKe,6,2161057502016637422693631495536394144,28855819,28850037,,,1
2026-08-24 15:21:14,jVd9aq36EwXBgb55tUiyzAECR3EERoEXkw65nyWBtBsozzte4UaHiRi8ew1QGDhW4SPNY3PWjfyyjbT4PbMZD4o,buy,GOOG,6a2yZjSpCncEyiPrB3ifnAJdqJVUNymu7vEvLCaySqmp,26DbLxVUgQPmmwwFNpoWbeTuCT7jn8f19cFZeRtzNwyW,8fU3nASXqJ74E7C7ZnZXRhu3TEhCGqcuBY8M9kyfrHaB,14000000,40390052,346620000000000000000,110,1,2026-08-24 15:21:21,2b6h3Zj28i72JEjNejj8yXShPYNBnAJZTGoGyzNwUvyXVmZ7wU3v6RWWPASS81pJcQg2gikmmvv5LTxcUX8SgCR6,7,2161057509098557212578121281917057160,40405032,40390052,,,1
2026-08-24 15:21:20,4nfZs2Wk25hA75PmNAfpzC913U1onqgfza1pYvx8nKbVgZJKHHMFZxrv2KepSHxxmZhMvV99GEa3QKnm3fSa5iww,buy,GOOG,6a2yZjSpCncEyiPrB3ifnAJdqJVUNymu7vEvLCaySqmp,26DbLxVUgQPmmwwFNpoWbeTuCT7jn8f19cFZeRtzNwyW,5m3Kbj1sN2xyMUVe9wA48r8ApYKyzxUDEb6aUUrQkx1A,20000000,57700075,346620000000000000000,116,1,2026-08-24 15:21:25,47LfnW5LZd3xjozPrAmoKzFZ41TgT73tHBQcJj1GLnYmrEjBMMvoo1Dab2nsznPA5nhQ6vWFMdL6rZ4qbA4NmGWG,5,2161057516250539246449364368659966534,57741857,57700075,,,1
2026-08-24 15:21:26,2PChperN2WXHhwupWNwCiWZGmooDfEEEJQEC8PNefSyuGv3pYhpmKsxP5rjtXRpqxgNYWifgaM7nFvtPyJetx2c,buy,GOOG,6a2yZjSpCncEyiPrB3ifnAJdqJVUNymu7vEvLCaySqmp,26DbLxVUgQPmmwwFNpoWbeTuCT7jn8f19cFZeRtzNwyW,C3hmvqNaqG81dQ16Qk2cajjAUyCbzoeMDek3LPjNHVWW,26000000,75010097,346620000000000000000,122,1,2026-08-24 15:21:32,2rFSDYk8siANfGLiPoESA2THSuJ1gbYE8F5nrYT1vDnam5KCUTeH7at2gUskQaETnt4nQcDCaykqdbQZPgAf6dny,6,2161057523570600207849757570887070020,75067875,75010097,,,1
2026-08-24 15:21:32,4aHRLguQ89PmfUniAKkWZnvwmFjT19RRkUtpnH4uBARrktQ5nAZKGXxqUdmXeCzWHpKKSwMNLg1kX3rS8hKQDfCU,buy,GOOG,6a2yZjSpCncEyiPrB3ifnAJdqJVUNymu7vEvLCaySqmp,26DbLxVUgQPmmwwFNpoWbeTuCT7jn8f19cFZeRtzNwyW,cu6oR5mLzJvGn3J7c53yq8crUAmSg3DcGaFjEwfZthX,50000000,144250187,346620000000000000000,128,1,2026-08-24 15:21:38,5hW8it6fT9Qhsysy76aAavy3RDSC8bxpHzJUDxw6GzdQ3H5tRCdrLppSBx336dJiup8GfxC3ygDJNNS4UqYSVPEm,6,2161057530784255613239934381847489234,144386293,144250187,,,1
2026-08-24 15:21:38,SXNgbkKA5c5yCCCzkt9vVaMQBnEd5M3HH5bdJVSA8Jcnetor3J2zQUtBYnjpV622Z7jNmos1nNMXYLRiQgCzNkQ,buy,GOOG,6a2yZjSpCncEyiPrB3ifnAJdqJVUNymu7vEvLCaySqmp,26DbLxVUgQPmmwwFNpoWbeTuCT7jn8f19cFZeRtzNwyW,6DspUwnoL7Btakzy1sQgrVMZd7ZUsBAZqpzkUF8woDbm,30000000,86550112,346620000000000000000,134,1,2026-08-24 15:21:44,52iHADa6dTVPTJg1pGPsgazQT3Eiu6vSYHMm7frkYZxgRajKmiJdAiRAF2GzTbFoUbsv32he3rgvQ8y4k6jeUaJ7,6,2161057538049883775543772440223193347,86619722,86550112,,,1
2026-08-24 15:21:44,DibnjBiMNVAKrNkDkqekBVM5ueTetWi56UqTZcJ97zy5oRay4BQzsWnSPYCeKNon8kfaaf9B6NM6BSBnHV2LRMN,buy,XOM,DwBR6tLSWzQ6ZDMJ7h49p7y6hQtE5gBxwEfQfLUmZuxF,26DbLxVUgQPmmwwFNpoWbeTuCT7jn8f19cFZeRtzNwyW,9QtH96NmG4XJsAqfT14Uvf3K8QA69v9kujwKiar8dLCy,2000000,12247022,163305000000000000000,214,1,2026-08-24 15:21:50,2T4SrUvqjbEXxnqHJg1ft2xtAR3WgGFNmFC3fcxkVwDQNzBYNQ1QVRo2j4rz3kBmsS2ySWa6gvpgSCsMm2ttvi3t,6,2161057545453367209071490739731668946,12197812,12247022,,,1
2026-08-24 15:21:50,nLwiqq6rxVAy8c4KKVAtMwa6tofdz1kGnRx4GQVjMRWp6GhCZUePsX5K5zAVfsQCYiZ3MD5j6KRY4AJnmRXADef,buy,XOM,DwBR6tLSWzQ6ZDMJ7h49p7y6hQtE5gBxwEfQfLUmZuxF,26DbLxVUgQPmmwwFNpoWbeTuCT7jn8f19cFZeRtzNwyW,F3tnR2oXvR6zgBbToUbq1L7r5vEmTPuwFCxbh4b8NHVT,3000000,18370533,163305000000000000000,220,1,2026-08-24 15:21:59,5iFSsLPF5jNGo2GPmHnBfBuZp3nuF3cBGkJ2sEqSsHcCGxbRVjMkaJSikDnRt99jkwu5Avd1tjSS4ikWQMr4z3j7,9,2161057552798777485051365648278524585,18330962,18370533,,,1
2026-08-24 15:21:56,4Yx6E4J32ybebbu6tN57oZ81ACFFK7JKAiMw62gsM66DNL1b1GSiFD5Vox1CkmreQUSgJNym8Pa3Mg9BoXnZczqK,buy,XOM,DwBR6tLSWzQ6ZDMJ7h49p7y6hQtE5gBxwEfQfLUmZuxF,26DbLxVUgQPmmwwFNpoWbeTuCT7jn8f19cFZeRtzNwyW,7nknvvE3KttyaearEqvFboUELh5AURGQdfktat5DxNo4,4000000,24494044,163305000000000000000,226,1,2026-08-24 15:22:04,hpiQYxEaJ6QhWnoCHbWFUQb5zZLF3N5TCxqhNefb2u2WB1EAW2S41NyskHKasuAu6FqcN4LXfuapxRKdzAV3Hyd,8,2161057560093440271788765409517098913,24470720,24494044,,,1
2026-08-24 15:22:02,95DwVCT8CPeWPK2UuVbNne1rXhtij8Eui4Jrra1CVryGvWyXnYAySRfgxHRZ3Ph6hzV2xQNjr3sjjbg34kuiJsD,buy,XOM,DwBR6tLSWzQ6ZDMJ7h49p7y6hQtE5gBxwEfQfLUmZuxF,26DbLxVUgQPmmwwFNpoWbeTuCT7jn8f19cFZeRtzNwyW,HpJHmz9TZCsfspqiCd5iTPfRNQEsZHfc46Qxozy2uKma,6000000,36741067,163305000000000000000,232,1,2026-08-24 15:22:10,2J4ngzQJsrKoRuQu5EAAMReHs6yeXHftjubhw7vzycEQf5R5aLjDVcbW4xxm8SAKJQ9ZQ5WVUqnbKpEjK17bqwcg,8,2161057567481214491663819045234981670,36737197,36741067,,,1
2026-08-24 15:22:08,fDcnXZSPfAVuTLe89Ljd3cTfQZCVvRAcik4w3mWHKSxc28m1cLiH895y6b8tqXcdN6WAfurdMcT4qWPt1pNEJ2s,buy,XOM,DwBR6tLSWzQ6ZDMJ7h49p7y6hQtE5gBxwEfQfLUmZuxF,26DbLxVUgQPmmwwFNpoWbeTuCT7jn8f19cFZeRtzNwyW,EKLwwHazRyDUrnwDEf5xbiyRRCptAPzfsaBH2ZN9TujR,10000000,61235112,163305000000000000000,238,1,2026-08-24 15:22:16,4vfUfttBaBwSChRNWd7JcGTz1G933AEHpZPza3aNoMExxJjBSdb5kSBfeAKCygLXTtq72QGAtrJYNWhB9XH3FopY,8,2161057574612639034972278262597300953,61295864,61235112,,,1
2026-08-24 15:22:14,6E5zutGxUVv9dWDdgT6WmfvnNCfKAn3hjSMVciwGijJKeyitvgaNerrJDwuP6mBdgnjQ2pmJNvY1SL1wJzbW3UY,buy,XOM,DwBR6tLSWzQ6ZDMJ7h49p7y6hQtE5gBxwEfQfLUmZuxF,26DbLxVUgQPmmwwFNpoWbeTuCT7jn8f19cFZeRtzNwyW,DbUoi6sbSe8kAWE7nUSr25J6CEkpiT7HSeSu3GVWc4k3,14000000,85729157,163305000000000000000,244,1,2026-08-24 15:22:21,2qC7CXJCGKhBKwqnL7ibMt8fMSxj9AiC67QkgoQYVXpr6zK1w1J9KSDw6K2t3UZk9AErj64aYKtJVpzfCywu7Vp1,7,2161057582099510452767726331758077034,85838753,85729157,,,1
2026-08-24 15:22:20,3KtXfhwso7c818agiSzdvpfyotK1G88mCAKsfMViBaP3fq2prnXBFTsX1W1BXszroVENRnsH24h2w7tsstZmU1BG,buy,XOM,DwBR6tLSWzQ6ZDMJ7h49p7y6hQtE5gBxwEfQfLUmZuxF,26DbLxVUgQPmmwwFNpoWbeTuCT7jn8f19cFZeRtzNwyW,FvXaXn2wjNvquWsNeZtdSrYrkEL1mpHjCeuUw15tzfUU,20000000,122470224,163305000000000000000,250,1,2026-08-24 15:22:25,57KZniNTsZ1N6LVFdmrcvAHQUC5ysR42hYjtocy2RKTwp5F9m8ybakrjpsLxvTtoPHsjCXoWoviNonSh8Muur7FV,5,2161057589137903360789083838180897955,122665128,122470224,,,1
2026-08-24 15:22:26,2tkotXH7HdT89x8aLZkvT1CdEHRDBDXtHiBCT7RYSmaahFHwuCWXJS85nZxkWXrPsVRgo79kwa2ij72rN3UDpvxa,buy,XOM,DwBR6tLSWzQ6ZDMJ7h49p7y6hQtE5gBxwEfQfLUmZuxF,26DbLxVUgQPmmwwFNpoWbeTuCT7jn8f19cFZeRtzNwyW,3f7vmU9oMeCG4Xui1Sihv9Ny3tAoHUvMyh7KtYWSWYMi,26000000,159211291,163305000000000000000,256,1,2026-08-24 15:22:33,3gfBhP1jDY9sJByCYCLZt1m2NAMRPHspFMMLG2pG2Fn4DK51WsfKf9Zo8E5T8oqFmU4ZwGR31U436xrjaVuoG7Nr,7,2161057596259690435276812564292381355,159483076,159211291,,,1
2026-08-24 15:22:32,7ZGDgTjraGeCgYs4yi9WVyy9G89RUoHDuWJGybf6XJDBDYFhx1peae7N6dCSHhWwKLqAGKytyasfrTFVD4ESv9i,buy,XOM,DwBR6tLSWzQ6ZDMJ7h49p7y6hQtE5gBxwEfQfLUmZuxF,26DbLxVUgQPmmwwFNpoWbeTuCT7jn8f19cFZeRtzNwyW,A3ipUvEcZgSXGEDbA63Jut84nU5tsp9cGSZ6mKqhySah,50000000,306175561,163305000000000000000,262,1,2026-08-24 15:22:40,3MSzxnAKE2seAhKus9goF3tVZvctWqKQm1CwcyEbdtc7zF3xesLdcxRmqtuSwRHuL3TWpSTH8ZN15n2HP7ix78jA,8,2161057603451561010567492075131708373,306739808,306175561,,,1
2026-08-24 15:22:38,Lwd6WRAmykF3bsKHMZsokZEn9YCp1pHjbV5RhkmXVJtPPHWB9Xp1kGYZGXKMUoh8Ff1zdNmzEJ5jMV58Mss2M6L,buy,XOM,DwBR6tLSWzQ6ZDMJ7h49p7y6hQtE5gBxwEfQfLUmZuxF,26DbLxVUgQPmmwwFNpoWbeTuCT7jn8f19cFZeRtzNwyW,221CnsobX2c1LJPGcWGoCR5SDXvJY8aFecCjZXX3osY3,30000000,183705336,163305000000000000000,268,1,2026-08-24 15:22:46,36fKNNxrnGrTo7krPz1KXe9Gry4sPfrwSCEXRc2Cqrg9pWKhSEFFvW1hMhcJaRY16wQfL5JrBngdNHq7d3wUns5X,8,2161057610596337986029046866908397516,184001276,183705336,,,1
2026-08-24 15:22:44,4QBpaqzXDuoSoCva2ijUFTkfjfKhvu6kvLySFRkCornsC8ct5WDwxuCcEJJ5qHryEnxQr1mykDrM5ciNUj7X6VMd,buy,GS,HbCB8kGqwaQi9Q1K9EvYjfbMnFjaAUMQAeR3k7PDAKin,26DbLxVUgQPmmwwFNpoWbeTuCT7jn8f19cFZeRtzNwyW,AnxrB6zwPMxM5dgrh5cvxEBviTsfesfppfgYhqpiRr8Y,2000000,1938643,1031648999999999000000,20,1,2026-08-24 15:22:52,3kkr6TadFix62xcTkLDUu6c2X1HM45AJ8nHAaTVWisNbPecKcL7ydxffKJCJqqJodStdmRgda8xPy7SnPdgbKkp8,8,2161057617614150523473313793721100826,1928787,1938643,,,1
2026-08-24 15:22:50,oLNm3JUBENufZVv3Rv8x1uwevZemKaHTpK3Hh9nbUD47sxVjQxdMus1p5cbGr6ejVQZt4heXNf7Q7XrqYDEMJse,buy,GS,HbCB8kGqwaQi9Q1K9EvYjfbMnFjaAUMQAeR3k7PDAKin,26DbLxVUgQPmmwwFNpoWbeTuCT7jn8f19cFZeRtzNwyW,AnraZaYZqU2eQvwA3EAQz7JLstFX7RYxdFbj9nwub4fV,3000000,2907965,1031648999999999000000,26,1,2026-08-24 15:22:57,4vR1RbaARekE7pKE89MT8EiNhJikEDLbiJ9fjoUDofHQQTPB1X8SDthq9T5xQjD5S1mGEBY2V5syp87XdtnV1aSV,7,2161057625056286563234018268256502304,2896966,2907965,,,1
2026-08-24 15:22:56,2KtJQJ3hvN1z6aNJeHeSXYaHDKhgrE7wH2i6WyzYSGuuWf94BJjmwkm5UTexq683TdTJPEyUourEfcdTMNKtuc2L,buy,GS,HbCB8kGqwaQi9Q1K9EvYjfbMnFjaAUMQAeR3k7PDAKin,26DbLxVUgQPmmwwFNpoWbeTuCT7jn8f19cFZeRtzNwyW,8spzrZ1BXSrjLWMmPwstsxBaC4EAqNp47WThNuiiDPyj,4000000,3877287,1031648999999999000000,32,1,2026-08-24 15:23:01,3aeCQTRH7tQ3cK1S9gH5ksVomDZ35Kuo78qmuL7dMv8oTTzcLjk9Pw8bEHqC73VEn2EdNTSfHogST95hETZofN29,5,2161057632356978336191789153299179104,3865852,3877287,,,1
2026-08-24 15:23:02,4AbKuK763RsoQFJWNwbFyFde6ZPnD2DvpXU1dkxYY3tzPkMxMDzGQELTnMBAxrApDXsUAjS2BPc6avuK8uy3iNY9,buy,GS,HbCB8kGqwaQi9Q1K9EvYjfbMnFjaAUMQAeR3k7PDAKin,26DbLxVUgQPmmwwFNpoWbeTuCT7jn8f19cFZeRtzNwyW,CsbarRAiTXFG6UjZ3HqaGkwUZSpvzKVG6Ki4afHjpqrU,6000000,5815931,1031648999999999000000,38,1,2026-08-24 15:23:11,52Gyt5mVStgZUUDHpq5oKq1NYx1sVxHkN5f7xp6PAbTreRBCAPq5DrejwxygkavVN7e96PqXN1fyVWbSJEpx2z6r,9,2161057639486026711829436610514757720,5801475,5815931,,,1
2026-08-24 15:23:08,36Bxpq7EZL11RvBzNMfhBRw3QVMKBP3YQAyvWkzhSF54gaXd4ZoAM7cdDzV4ANCFKp836zMXsnmGtTVAqx1x8Wy4,buy,GS,HbCB8kGqwaQi9Q1K9EvYjfbMnFjaAUMQAeR3k7PDAKin,26DbLxVUgQPmmwwFNpoWbeTuCT7jn8f19cFZeRtzNwyW,FDndUgReHixdvcznuFDAhRpM8eJsiqt1NhKwCmwuA91c,10000000,9693219,1031648999999999000000,44,1,2026-08-24 15:23:15,35DHNue1fANuuXmcvZemcpabfNPnHw1BNfjECtLGQt6y1BJ8vBm7aZyY88CzdCvnRHp8xBteWLFRaWMLqdUeZ5h,7,2161057646635633307681896503662653491,9672996,9693219,,,1
2026-08-24 15:23:14,2MGuCQXxgQ8J7mw1WQqrg3t7HVVigkj2AvFMQWDYdU7XPDTYRhmDnY8q22Dvj9arEJ3f7bAN5Jyx57W2hE6voaaJ,buy,GS,HbCB8kGqwaQi9Q1K9EvYjfbMnFjaAUMQAeR3k7PDAKin,26DbLxVUgQPmmwwFNpoWbeTuCT7jn8f19cFZeRtzNwyW,Fpdi6T2bexqNz3LRKfvqjnLRsWbHWXLZ4TKHSK2B5FzN,14000000,13570507,1031648999999999000000,50,1,2026-08-24 15:23:20,3UtELgKQXLkqKdQZ4KStY8ku3oCqZUWkEvtwzdyyMo57KRCau77cJEyVnm5HnvnyT4oqVSuSazaSb7MUk7Rha54e,6,2161057654146683023264514957767184730,13541610,13570507,,,1
2026-08-24 15:23:20,2UBMsZUhSDvJdQ63FtPMfgwmP7G6BnPspqfar5zYqaH9VvH9H4pxvKqbgMnFF83Z4AbpJPDAsoxKE663joaDFN18,buy,GS,HbCB8kGqwaQi9Q1K9EvYjfbMnFjaAUMQAeR3k7PDAKin,26DbLxVUgQPmmwwFNpoWbeTuCT7jn8f19cFZeRtzNwyW,EEGf8ivNhUDcsjEWXVftr4tmHdC6hNB72EoRAFyayZai,20000000,19386438,1031648999999999000000,56,1,2026-08-24 15:23:25,Ftifxq8wjXSsdyxEisPTJEyKTqQVd23w1KrQkgEr8trXuYRFZnF86tQJGVDKpU2ZK8xYm9JUKwym2gZBqrQT3Cc,5,2161057661698821237288438350903795414,19347657,19386438,,,1
2026-08-24 15:23:26,4jrPeTixCTboBveUNS1hwBjgUJcCmzWTSyKUwD6xqaZCPxPTsTuetWKCeUFbb5UGEaDiVphQ8YFJxsoY4L2MbHQT,buy,GS,HbCB8kGqwaQi9Q1K9EvYjfbMnFjaAUMQAeR3k7PDAKin,26DbLxVUgQPmmwwFNpoWbeTuCT7jn8f19cFZeRtzNwyW,2aDd9JDzY5FCCbtV14ejq7TSLthgoZRifvA8n3nCTRNK,26000000,25202370,1031648999999999000000,62,1,2026-08-24 15:23:36,27LKGFFkWBwZxAZajrKMCbfKiUChiM9PuWhVADmqcb93pYMEMF9sFkYiV37T42jnEN1pTUFRJ5Z5yQdtDPhBoVpV,10,2161057669105924124734142143028417732,25154128,25202370,,,1
2026-08-24 15:23:32,49VVrVJt2HpJgF2FHtMy8nNh47wF6Nbd3jBfQ2WGfHVCSDmon4aMDagMhbCFrkub2HoKDd65CjTYpc98EFGvsyai,buy,GS,HbCB8kGqwaQi9Q1K9EvYjfbMnFjaAUMQAeR3k7PDAKin,26DbLxVUgQPmmwwFNpoWbeTuCT7jn8f19cFZeRtzNwyW,3SHySm5Ye2BMe919dJC46eQck3AokqiS5K3D95RvLGuF,50000000,48466096,1031648999999999000000,68,1,2026-08-24 15:23:40,211y1HGCuVLCK84DN4JmnkjXdFPNebVjcxmaRH9Ta3jqEQQEp8nh3QkqXCptMdwJLn96YiKNi76TbBrFf1Sk3dna,8,2161057676554108736115106512164498982,48398558,48466096,,,1
2026-08-24 15:23:38,5bFe44mAZukxAvUXkKtVCGzXnyuUKU5i6UhnCYmPm52EvLCq38WmApPEGDpjSAVgurXvb3VWqW4LAeKHny1v3Cs4,buy,GS,HbCB8kGqwaQi9Q1K9EvYjfbMnFjaAUMQAeR3k7PDAKin,26DbLxVUgQPmmwwFNpoWbeTuCT7jn8f19cFZeRtzNwyW,EgNkkdjQVVRHMRVBYjc8qErKSsvJuUV1ZPsAQwqSJHPf,30000000,29079657,1031648999999999000000,74,1,2026-08-24 15:23:45,3BX4kN4498QceHiraU8HrV7sgxEvK3osV1J1voKEuvJtW8PKukxNmowD8ZfFvBF2SJy8LxgjVR12KzEzaWXRqZcV,7,2161057683865695340661354839061705293,29029416,29079657,,,1
2026-08-24 15:23:44,5s8MeYkJxNBwA1cC7cGSqoA5JJuTQFEwEbz3u23bxN3BQbnDZNyqebW4LfyLksSderAiePWS54yXFw1iM3UgqvUh,sell,NVDA,FkzjAJX584L1LncQb8AKSnGhc5sLvZjPGCgZLGpeHyTH,26DbLxVUgQPmmwwFNpoWbeTuCT7jn8f19cFZeRtzNwyW,5Jy8nxYsNS3umfuPQ2x1eJgwZYeoYq2Ye8HMWGnGvquC,1943162,9287207,209229999999999000000,291,1,2026-08-24 15:23:51,5LfnWw3jgCaNtGJ8Cpz9Q84pkCycmNnp9FLmwNAZwxCv2zbtT18uohCeyW1S7NqbPwdq4msNNarLdf7TKGigVLrH,7,2161057691033425102719166902056358587,,,1942902,1943162,1
2026-08-24 15:23:50,2PB2foKzt4Qum4si8R1hY64bQkLwdF3J8jh69oAwbzDeff8kAGUbW6s7VtAdfhigJ1fLiguvVbR7vobVdDNCrQQW,sell,NVDA,FkzjAJX584L1LncQb8AKSnGhc5sLvZjPGCgZLGpeHyTH,26DbLxVUgQPmmwwFNpoWbeTuCT7jn8f19cFZeRtzNwyW,4WzCLScyZAsMpLDmdcSn6za4WxbbU4od5oNyoUYJ5kJZ,3886324,18574414,209229999999999000000,297,1,2026-08-24 15:23:57,2ZU5QJn2A4UazibXDVH4XRrx2huZFAgeQT6oWPL7whctEuyw7tvVAj3KpXJFwE3D1vyXhK2bC6LdeRGQ5EijiPzX,7,2161057698041550335091852719756752313,,,3884875,3886324,1
2026-08-24 15:23:56,5mZ3vzPs6VJTyZxM7MpgZAzEqgy5zJzcBuj5Fek9LFXNtSAUSRxhwvEeJus5MqAZnRuqAJ5Bc7SY4TngKiSwjxBz,sell,NVDA,FkzjAJX584L1LncQb8AKSnGhc5sLvZjPGCgZLGpeHyTH,26DbLxVUgQPmmwwFNpoWbeTuCT7jn8f19cFZeRtzNwyW,8KgSVvR43dRFrd5jyZZuXBhoGRtedDgguNTP9dk4fQsN,5827285,27861621,209151000000000000000,3,1,2026-08-24 15:24:03,26ioR58AaPKGsuRd97KLMNUoDp14BuG2A2qHhuCacfLJAShStqKT62W2DBcAUYfbFg4JokgFsvipYuqDwa3h46NS,7,2161057705101679537774309320790828410,,,5828428,5827285,1
2026-08-24 15:24:02,4cStHNR1Uhfj1EXFBqTWvGAJDqg16z6DNLiY8yRe9QhNfgs8ViDXmD7wmBSjbMNK41pw16vDgHxdi79nqvKkZ8yi,sell,NVDA,FkzjAJX584L1LncQb8AKSnGhc5sLvZjPGCgZLGpeHyTH,26DbLxVUgQPmmwwFNpoWbeTuCT7jn8f19cFZeRtzNwyW,FnEKSwjWzz5pMWbv7oUEReZgE844EXmGVAq4kc3tqaw6,8740928,41792431,209151000000000000000,9,1,2026-08-24 15:24:06,CMGYstSPFLfNQ5StZF7cf4rZ56HnioDmkbjLNxg8FM6bv3trbPJwhDBsnWbVrxjAvwohJ1oKaFtUMsiwmctbunY,4,2161057712206531337689202008209266759,,,8746403,8740928,1
2026-08-24 15:24:08,DBBqwARJidCzbMWjLYXomuj7m52Xsc3cnUABet2718XJExsfKgkgrNrUPzkh6Btf5yuKiLQRxt8K6biyWZyT8UP,sell,NVDA,FkzjAJX584L1LncQb8AKSnGhc5sLvZjPGCgZLGpeHyTH,26DbLxVUgQPmmwwFNpoWbeTuCT7jn8f19cFZeRtzNwyW,A4Zwo4Ydufwnn1NUAKFTmcqmgV6os946kwkcULP1dpHH,11654571,55723241,209151000000000000000,15,1,2026-08-24 15:24:15,2tTSqf3woLL93vibmzPLxXYjimpa7zMEPtb65HM8eBvgeCsdDj4tHxqqrC35ovRud6wHceUVHx62yM4uziK9PdzU,7,2161057719230419976283746921460217146,,,11658750,11654571,1
2026-08-24 15:24:14,27ybqXUNfYV348gTpsHLUy7yfAFX5qrCJuddx31NUL7qdDcmjpR4N2rUApxme3ykEdGy9xVVUypz8Qv5ZNaCrwFG,sell,NVDA,FkzjAJX584L1LncQb8AKSnGhc5sLvZjPGCgZLGpeHyTH,26DbLxVUgQPmmwwFNpoWbeTuCT7jn8f19cFZeRtzNwyW,7z5UQDZehETGUSZWC8j6Ur2DQVuzYswshnUbc61Lbsid,14568214,69654052,209151000000000000000,21,1,2026-08-24 15:24:21,5fvbymvN7T19GAWcN6172NfS1KjQjVqHYqKuVWJWBehTdgyjb1UXyTHpVWrKuxjZnrwpbo3q9EKzAe63rs6igLjK,7,2161057726691889399368368576756107563,,,14572463,14568214,1
2026-08-24 15:24:19,4XsDzYGWTc6o2sJxG2AbNHjDMsXPKcwcD99oGctT6D91Hw2Tt9tXrZeXVVCVGsGWLQ5KV5Fit42TXxoNBXN9e6G1,sell,NVDA,FkzjAJX584L1LncQb8AKSnGhc5sLvZjPGCgZLGpeHyTH,26DbLxVUgQPmmwwFNpoWbeTuCT7jn8f19cFZeRtzNwyW,4tnbCmm77MsSskev99uRvg65J7BCWewBnFe5dqrhTkE6,17481857,83584862,209151000000000000000,26,1,2026-08-24 15:24:26,61ZbAvTK4eLSoSRnTJEEkbr6VSAfBoxsThFij697ELFsi9Br3Pv9UVyQqegtFHmCaLDhBcd4RQg4hV6U7ChsQsxD,7,2161057733779822238018907451610861077,,,17488126,17481857,1
2026-08-24 15:24:25,TvCrbFhQ3rSm2GW4gHbctJM2df6sWFSKgyomBx4jgSvKkmkVrtnBkEnkFtJiYgx2j7fNqQsuLpg7FHv6T6eAf4c,sell,NVDA,FkzjAJX584L1LncQb8AKSnGhc5sLvZjPGCgZLGpeHyTH,26DbLxVUgQPmmwwFNpoWbeTuCT7jn8f19cFZeRtzNwyW,3quBLhpXkgwJZDRMy9KbfYDKiTeu9RZKz9Bqh7KNRinG,21366714,102159276,209151000000000000000,32,1,2026-08-24 15:24:31,4H46hW5vEHLTM4Q4uZ9LvHvgPJ1pFvEE1PQFAgRGoSmsBUhvndA2fAkqBAV2KLR6L9WxoeboY6jJ7uXjTBq4kZAT,6,2161057740790393783321371229496401672,,,21377237,21366714,1
2026-08-24 15:24:31,N2qedF9cotGrrSZdqwry7EhxSh5UvFM3FcCyJNkYCbq6aA7yrWe9ZfK95oBkCAdxUtathXjxaSWPH6cYDT28w3L,sell,NVDA,FkzjAJX584L1LncQb8AKSnGhc5sLvZjPGCgZLGpeHyTH,26DbLxVUgQPmmwwFNpoWbeTuCT7jn8f19cFZeRtzNwyW,3qzoqVH355yvWQV242U4B6xXCb4sZHt5ArwipbFj5yKs,26222786,125377293,209151000000000000000,38,1,2026-08-24 15:24:37,37kqj66Ubb83cBfS3cpfwcqQeKgDVtxBQJKAzUdHxsRYzDdndPcBNCujonWpsx4C69vBBiGGrng91y8BsdAkeF5F,6,2161057747694557464588842751581780127,,,26240715,26222786,1
2026-08-24 15:24:37,5B9NFBLVhEm18DhsTk62QTYZfcuJgmRxpdAwbSRjBDNjwEoaBTfV6HidtxpaFSifU2LLYubv7z9snYggK2GiCCRZ,sell,NVDA,FkzjAJX584L1LncQb8AKSnGhc5sLvZjPGCgZLGpeHyTH,26DbLxVUgQPmmwwFNpoWbeTuCT7jn8f19cFZeRtzNwyW,HLvYLMvqfgBUwtiUCh4qbyJ7rDe6PMBAqBawdKiJwgyQ,33992500,162526120,209151000000000000000,44,1,2026-08-24 15:24:44,3CM9CgR29YrAeoNKdirKGFrxTgtkKvK94tFExMZ9uKjrAQJTwaCGCBcGPBViWEBT4XRgbUkoWiMqFi7MSK44c3Yu,7,2161057755064183998679706047597119860,,,34021917,33992500,1
2026-08-24 15:51:45,41BP4BZPScRhq5zG7wVsQshH2yH3RFYL2JGdQ7AKMqiNLDQzLpKWBs6e62eBVKpPyMkiDSBezsYehhLK5GMbzdar,sell,AAPL,B3S7TuCmBPsNJW32SzRLBwbmWmgNzFBuHnBG9rdvt6K5,26DbLxVUgQPmmwwFNpoWbeTuCT7jn8f19cFZeRtzNwyW,ACxNEt3AqrGqGUArxQx6Ar3V3UPNL5q2DH77K5ccJtHe,2006070,6430868,311944000000000000000,127,1,2026-08-24 15:51:52,36mo34kuBpD54tpBYvXfj59eUs4cvomfyfPapdh7bv7KPVtwAor47woZjDL7bUBor67k6oomKdtiDdws5y5xKugd,7,2161059723362226867497282155509838176,,,2006392,2006070,1
2026-08-24 15:51:51,2YwjAPSpmMxzHqDBnFVmbQVsbRPsn3iqeRMRj261JGrZxfKnfPvy5RAjUJ5CvxfR8PFwvdV7nBybzsckS6ie5oQ6,sell,AAPL,B3S7TuCmBPsNJW32SzRLBwbmWmgNzFBuHnBG9rdvt6K5,26DbLxVUgQPmmwwFNpoWbeTuCT7jn8f19cFZeRtzNwyW,Ab81z2DGxrwcU4deyjhX9Q2ZQ3EVrz8an5UGtxXTc6e4,4012141,12861736,311944000000000000000,133,1,2026-08-24 15:51:58,B6k8msLJEZi6AreVTqiPhgvugHbYZGh6k12GwKADiHjioSrj93SX3zT5f3Tkvva3qdSHz1YQwpXVewo4dLX76vZ,7,2161059730268822031105994170022294454,,,4012810,4012141,1
2026-08-24 15:51:57,2Y2HBhu7FLRkfd6dNVn22yr5p7sd92CXnGGbKhqwKq1J85nvWEzAgcKQ6jTMHBLY8zJPeMWMVR5R4EBd1WNuvmq9,sell,AAPL,B3S7TuCmBPsNJW32SzRLBwbmWmgNzFBuHnBG9rdvt6K5,26DbLxVUgQPmmwwFNpoWbeTuCT7jn8f19cFZeRtzNwyW,ZRGBrpYPwb8Dh19f4jX67f2dPDex9WmsWatQYHHgu4r,6018212,19292605,311944000000000000000,139,1,2026-08-24 15:52:04,4PnvbzBeLKWXCNdQoNELoybWpoEVUK5JvBVngQEx5ZKG238NtFHCbNHvadzdyVXGZE7TfoE1eWqUL8mY9MFLX2hx,7,2161059737544143276000462058209933230,,,6019640,6018212,1
2026-08-24 15:52:03,28gnHyRE7yBpDYG9A4aEwL3PwiGmasEAMa5pNv12mNsEdEbknRcdiXbrBbyZZ6odBsANJ727XB6ZswBXedTMjvqW,sell,AAPL,B3S7TuCmBPsNJW32SzRLBwbmWmgNzFBuHnBG9rdvt6K5,26DbLxVUgQPmmwwFNpoWbeTuCT7jn8f19cFZeRtzNwyW,HKLXy7T95NJziqn4NMPuMgf6ATxseXP5yf3AGCHEqjYF,9027318,28938907,311944000000000000000,145,1,2026-08-24 15:52:11,39YP8QscZy6U8Xskzqh1Q9Qxd5PSnErG3RTq1jcfhVovnNsdSZCLjohGspk9LTyAxocDXVqCSEvEXDp3kH5o27Pf,8,2161059744688907878228263066112159568,,,9029865,9027318,1
2026-08-24 15:52:09,3hVqKfhaqUd6Cw3kdXnUYTSWirAaHi5vEu98RfR77Gk4wnphmhsuU2UWnKexCJhMcf8Sdqtwm98iC2s7zQpkNyCQ,sell,AAPL,B3S7TuCmBPsNJW32SzRLBwbmWmgNzFBuHnBG9rdvt6K5,26DbLxVUgQPmmwwFNpoWbeTuCT7jn8f19cFZeRtzNwyW,D432X5s7VMRH1fR8P9MvaqEBoxHw1NcY6jfa7ZL1HwRG,12036424,38585209,311944000000000000000,151,1,2026-08-24 15:52:17,3YBbc9BCmMHPF3kozUGAiZzoU5TkiuEfR3vtho623hvNH6rAUgbPEYeVkFMHxuc9VgPVfrSJRWyjSXGY79pj8p2T,8,2161059751706727590226921831014853791,,,12038739,12036424,1
2026-08-24 15:52:15,5BaiLXqATKsoE9TLGTs8gLmL5rVK96HHsXxaY68MfWwd6CZrDk1qmpSQ8pHmsvRREm58df9DyvmWpu5kUgEZc29z,sell,AAPL,B3S7TuCmBPsNJW32SzRLBwbmWmgNzFBuHnBG9rdvt6K5,26DbLxVUgQPmmwwFNpoWbeTuCT7jn8f19cFZeRtzNwyW,EWx8j3F43UQigxsobyRF9AqLvghZ398izLFYxcCrwZWK,15045530,48231511,311944000000000000000,157,1,2026-08-24 15:52:22,2cpJdCyspGQWfGGHb6YdWpXoBuWKpoq45mrfPwz3K5W6YTr5gLmurTPF2uJF2eotKVW95DnZE3mbZfy5AzbwaY1W,7,2161059758695518898767950766881844721,,,15048038,15045530,1
2026-08-24 15:52:20,1ZKU5nDeUL3anYDH9HHqQh4iDHjx7VQvXNJvTEfN99mAcSv6HUXo6V8Virx8XmfFB3vRSoAAdMyxZpWGwiPZ2St,sell,AAPL,B3S7TuCmBPsNJW32SzRLBwbmWmgNzFBuHnBG9rdvt6K5,26DbLxVUgQPmmwwFNpoWbeTuCT7jn8f19cFZeRtzNwyW,6cJd4sN1edmiqga6YiBmXBgjoEqfafqrJvnyAoxrzb5p,18054636,57877814,311944000000000000000,162,1,2026-08-24 15:52:27,3uUUC8KRJWq3y7hC29NEr1fKH5atm6njzwsau22YyeX7RQzxJcn2tcHbGnEktRU5BzYxnVougKnYVaJbD5kKxdb,7,2161059765903123920285438015592872790,,,18055215,18054636,1
2026-08-24 15:52:26,EsTmZDv8EGKnr8M9BEk2X8SeSVHR9U6LH3f35Am9mPoX3szdFbxnQfvWW7poeUeCq8zY6oWhbQ2DsVvMHzuwk8N,sell,AAPL,B3S7TuCmBPsNJW32SzRLBwbmWmgNzFBuHnBG9rdvt6K5,26DbLxVUgQPmmwwFNpoWbeTuCT7jn8f19cFZeRtzNwyW,8c1mfEwRxUX2oX7dTpdjbgtiNBhJHWnhzgf6fSVbt998,22066778,70739550,311944000000000000000,168,1,2026-08-24 15:52:34,5F635ZaFD1UrtuEVfDXcqq6mQWnq9GPTx3wYjcWescRckKHTGJh72STkzJy3JtUL6o5n2vaQBHFtGXnrR3EZDCc7,8,2161059772849620032781244587175137243,,,22066778,22066778,1
2026-08-24 15:52:32,4jT42tVpvf5v47WuZdLeBjbFj4SD71iTR8jUhjvapmj9ccatBpt4F3ebTvLe7Hws84ZuV5PMhPXuWHMjWLNTgMU1,sell,AAPL,B3S7TuCmBPsNJW32SzRLBwbmWmgNzFBuHnBG9rdvt6K5,26DbLxVUgQPmmwwFNpoWbeTuCT7jn8f19cFZeRtzNwyW,41AuhkNRovipq48tzdT32PvK1X2C5aCUBbMZRJf1NDRB,27081954,86816720,311944000000000000000,174,1,2026-08-24 15:52:40,4YJi8sKUvfDdn9rMEnPdAeBTbZPhbSigyKzhSWMG6C9ek53nBZhG23u4a9mBjZp2tAxiEZQq1k4MTpuzXLdwbLZq,8,2161059779932709014245937094211988108,,,27082128,27081954,1
2026-08-24 15:52:38,5S6HH5NPbKCDR93Be9fb4ExjmxPQPPBzmvxBZRgKjasXT7s4Si15dnchanJwUB3YAMYEu9bXDrbejGTutZv5XjMA,sell,AAPL,B3S7TuCmBPsNJW32SzRLBwbmWmgNzFBuHnBG9rdvt6K5,26DbLxVUgQPmmwwFNpoWbeTuCT7jn8f19cFZeRtzNwyW,9Ebmbtxhob1W7jkqT8ALvoZiFe5b6bDsQNqmkpSpeq18,35106237,112540193,311944000000000000000,180,1,2026-08-24 15:52:46,21uTC1rc2dtxKHfdabMzX3D1hDMVDPJNmJVJaXxw5dZKGJexUsW1VvEppxMDvv6cfqdaTavXQKPttugz44iUe8aw,8,2161059787200772535663930557046702204,,,35103086,35106237,1
2026-08-24 15:52:44,5CPuAh2LJESDBJhkubjXxHKoDpGbBPFqM1p7muaqyQ6YhRMo9fSbhuwyMinvywr7pp8iCdTFUgSKfFTX32RsoM8M,sell,GOOG,6a2yZjSpCncEyiPrB3ifnAJdqJVUNymu7vEvLCaySqmp,26DbLxVUgQPmmwwFNpoWbeTuCT7jn8f19cFZeRtzNwyW,4dbNckNKZh72d38LykALgr2EZYTNxTbCaXJbx5GvP4jp,2044957,5882180,347653000000000000000,200,1,2026-08-24 15:52:53,313WsiLqCddkLYuMGpgAW7CrMmJMDvdxpDDW9pdekqjKSqpMED55UuxEFWC3J2QzpLqh78kPredqQB62XjfhULQh,9,2161059794344317160583545418363904175,,,2045869,2044957,1
2026-08-24 15:52:50,3W6HboTgr1tCDMLeeKpTi6oiYRrkC7t9hT7ZhVmdgEPrxvUASZyWV7BrqZ5THAeMsEFkgqovLo8EQMVhTbh36UDb,sell,GOOG,6a2yZjSpCncEyiPrB3ifnAJdqJVUNymu7vEvLCaySqmp,26DbLxVUgQPmmwwFNpoWbeTuCT7jn8f19cFZeRtzNwyW,2gmEbhFZ59pdiKT67dbYUravLDpXoHjc2U5CVVJHuQhb,4089915,11764360,347653000000000000000,206,1,2026-08-24 15:52:58,VzmMSSRBA4oJRHPHNm2muDxZwRGqRCkyXr9bAtCtJUcWzzdnAFjzbMpXUergDd1qMoYrmQXdzzmLv3SBgXbBWu3,8,2161059801533798841064912536431879716,,,4091362,4089915,1
2026-08-24 15:52:56,3Px5DPF1iRfdnv6baypotmypVByteoNa37WMx1i97g9R3q3V7XQJnU4pwTpPCyBZ1BUDLmRGcusSUydcMtX9sqwy,sell,GOOG,6a2yZjSpCncEyiPrB3ifnAJdqJVUNymu7vEvLCaySqmp,26DbLxVUgQPmmwwFNpoWbeTuCT7jn8f19cFZeRtzNwyW,E1ZydSzTSL64s8vcDjrn2B9x4hpYoaDvKT7kTUXutRad,6134872,17646540,347653000000000000000,212,1,2026-08-24 15:53:02,3pnY8hqXtDFT2DWHzXWQzkH2jZanwzrc8u1ZUjB8QvPj4W73ykqgFZSDWDzbiwP2xzJcXp7oJsHj6JYKaXr18hHH,6,2161059808664061494603723458296554672,,,6137043,6134872,1
2026-08-24 15:53:02,4r4pXNkeC9LQ2cNm3JkhWtpc6566VDXcqhkFGwx8S6iYeQB91JDd2ndeuaVgt1YWLMQi4hN4ebmFGSU5oz6A4c8X,sell,GOOG,6a2yZjSpCncEyiPrB3ifnAJdqJVUNymu7vEvLCaySqmp,26DbLxVUgQPmmwwFNpoWbeTuCT7jn8f19cFZeRtzNwyW,7fP3Nr414pLaxRrmZMds3uSUYCzgUcYt17KmfqYW9S3i,9202308,26469810,347653000000000000000,218,1,2026-08-24 15:53:10,5RDbCK7BXiUC1n75GeJoDvMsqPJhaUh48ZZekop6ZqRJnQQMdQQtfDQLWLjRExYgXCjsr5koPu8AF3bYcP1Qjmpn,8,2161059815780994698453723363830510921,,,9205194,9202308,1
2026-08-24 15:53:08,5czwLTbsQ5rX9mFToAKSEEH3tbNRfjAhDrkUZwc4nJ9oS2XE9UMm9aBE2Uxqq7HniT8UD4hbxWCU1cAgMvan7X1v,sell,GOOG,6a2yZjSpCncEyiPrB3ifnAJdqJVUNymu7vEvLCaySqmp,26DbLxVUgQPmmwwFNpoWbeTuCT7jn8f19cFZeRtzNwyW,4e24dREXD2XwZ5EsLVSXeunXxGZBzYwTuD6oZYF51zrG,12269745,35293080,347653000000000000000,224,1,2026-08-24 15:53:15,3hE5VDWKu4UVH9yecV3PA1F5YomeoPnY7PG4XW577NTDmSXCbXp2JKWwWJ99L5oqoFauZ5YVyduhst86MNaZMHN3,7,2161059822929387605575526546212603995,,,12272109,12269745,1
2026-08-24 15:53:14,4QHiTr3DsPi3BtD7a2VkmFtwF3XGjU3sheZXytJG6Lc7kP7kJNXsdBnjLmhJp3SwEPNYW8tWBVYHdybFTmC93yGQ,sell,GOOG,6a2yZjSpCncEyiPrB3ifnAJdqJVUNymu7vEvLCaySqmp,26DbLxVUgQPmmwwFNpoWbeTuCT7jn8f19cFZeRtzNwyW,AsysReNP5LrXCzC5TxnifaCLTNxzHnjcByAY6Fdy3f3H,15337181,44116350,347653000000000000000,230,1,2026-08-24 15:53:19,5DVegbb1XpyWWRYfxwd9mkNNrit9RaSva6ATgjg2s3ij3WPTHaYGh1poTopLhxUeStEBUroiqq7HT9MfUn22vt68,5,2161059830174456578624357171871542100,,,15340931,15337181,1
2026-08-24 15:53:20,64DuUKYxzBx6FUbshL8GeFtcr2EVTgMQ2ycbyyg95mVEf2ms7AnYn9NUAuX6WKKhEiW5VX31sDTUwLceeEKkKU4H,sell,GOOG,6a2yZjSpCncEyiPrB3ifnAJdqJVUNymu7vEvLCaySqmp,26DbLxVUgQPmmwwFNpoWbeTuCT7jn8f19cFZeRtzNwyW,AnfutECH6mDVk5gyFz1gns69jNh5wh2mfVyvh4PcDGRk,18404617,52939619,347653000000000000000,236,1,2026-08-24 15:53:29,29oTEia22p94HhsVsRmW1EMw2ML5eH1Z261wKdPhXxpBECQbh1uq5G77CTCczAR15zQGgnzFR8xnr1dnzmJ3R2qB,9,2161059837338556190428798922470480932,,,18405199,18404617,1
2026-08-24 15:53:26,4Qaj7jcKFruodBSwhG8qRny6RjK3EydKh813ZEmx59RjDA5D9PN72gJCd1MxEeE24PAWXt8T4xCTnDUsqVvC1Tsz,sell,GOOG,6a2yZjSpCncEyiPrB3ifnAJdqJVUNymu7vEvLCaySqmp,26DbLxVUgQPmmwwFNpoWbeTuCT7jn8f19cFZeRtzNwyW,CsTXgMFa9QjAbRq4kYKTALumKv4Wy2W8Ltow7X9eFr3i,22494532,64703979,347653000000000000000,242,1,2026-08-24 15:53:35,4Krx3We1nvPwRhgY33DgBZgtjNbpCgGHHjh34XzUETi5Sy65pYcdM4MC83CHDKuTLNa1CM6krqduZhDPQCgkbU3e,9,2161059844505066381484875977562963206,,,22500161,22494532,1
2026-08-24 15:53:31,4BKnExyL1V2cfp7o4WmHTJNUVEtNjdFmqN2SJZZRX8TS96UuzHjg2o5pfkzvshibNhmPdzX7RRdria25TGd3rmHp,sell,GOOG,6a2yZjSpCncEyiPrB3ifnAJdqJVUNymu7vEvLCaySqmp,26DbLxVUgQPmmwwFNpoWbeTuCT7jn8f19cFZeRtzNwyW,4TPrZg3fbT6iA918pmmYEHTiNa2uM3zXmyL8iY1RzfLQ,27606926,79409429,347653000000000000000,247,1,2026-08-24 15:53:40,4LfpmTDRZLHZTxfJ2UZjLQJ7tqqvx93oLZ4Mxhcn1Z3MtnLTRhNucxRf4UviYr3Q9631wXHUQsDQoAL9wMmEZbH,9,2161059851632906185900389619545664459,,,27611611,27606926,1
2026-08-24 15:53:37,3MCCUTbWTbzTfTVji8DJv246boByUiUGFo3m8t2KFdoCCNHTXmwi2QgCnEYpSeFAVxfgAC4dpWi6bYjmoj5Gn3SQ,sell,GOOG,6a2yZjSpCncEyiPrB3ifnAJdqJVUNymu7vEvLCaySqmp,26DbLxVUgQPmmwwFNpoWbeTuCT7jn8f19cFZeRtzNwyW,Apbi1SgTQTCdupadZdEgp6xrQrTFb7rQUtN5mokDkUEM,35786756,102938149,347653000000000000000,253,1,2026-08-24 15:53:47,4JJtMAcxqs8S58agkyFC8n8WfkPcq6qBzRTZu7GRQV1522Th6AH9T6nW2ErT1DAqWtAprAGXjD3jTmoW3SaEaHTC,10,2161059858532250779820328754341248213,,,35797564,35786756,1
2026-08-24 15:53:43,5SH3BVUjBn1wpyVsFkVVmX56zVGNTvAJsCgf8fne3SNpCNcq4b1vLfAziaqTBcmJUkpKYsMdzn2rRG2czDsequAc,sell,XOM,DwBR6tLSWzQ6ZDMJ7h49p7y6hQtE5gBxwEfQfLUmZuxF,26DbLxVUgQPmmwwFNpoWbeTuCT7jn8f19cFZeRtzNwyW,CcBn3qWvwsp2ekRuMRJgH7afksdiDhPkDChoRYXkvPDZ,1981953,12193635,162539999999999000000,33,1,2026-08-24 15:53:52,5DTWwqd6bLeqKq5rXZChUwtYVD1heX2DwThVxU98iBMZh84jXadw9davTzWfMZtgXt7dmhER6XxypNrXBs9yfPqY,9,2161059865472684983934122281632944848,,,1982221,1981953,1
2026-08-24 15:53:49,63KFspAT57hxs4bzytfrEH3HdjZ1mhyopuzxepwyZ1zMu2NNeLwUHczFzkLBeKEwxUHNNb9atHymcoZ3WsWcn93U,sell,XOM,DwBR6tLSWzQ6ZDMJ7h49p7y6hQtE5gBxwEfQfLUmZuxF,26DbLxVUgQPmmwwFNpoWbeTuCT7jn8f19cFZeRtzNwyW,BCN9EFXtTjaT65gGrv6oLz5cjzj384uZn4RA8LvfV6ft,3963906,24387270,162539999999999000000,39,1,2026-08-24 15:53:59,5xSrKon88nf6gvat444o4LyxhGrCVxTGYFzJW3YkBRzHr2kCBPJVS2YEw8QbKQoGsZRYQfz7dtcattytRiJNBXgw,10,2161059872534014975436827911877376126,,,3964394,3963906,1
2026-08-24 15:53:55,4NbkRCDQ2HwovWaHV43HFiehMkLYBTM76WogqFHYpHqnfBUpia5egjkHjR7im3EBMvFbfPxigS9aeF2e5wctXqEM,sell,XOM,DwBR6tLSWzQ6ZDMJ7h49p7y6hQtE5gBxwEfQfLUmZuxF,26DbLxVUgQPmmwwFNpoWbeTuCT7jn8f19cFZeRtzNwyW,9bddVYCVqzESCTTxJb4FXR4fyLFKxPfCaWv3sB12Qm2B,5945860,36580905,162539999999999000000,45,1,2026-08-24 15:54:05,aJZ8fe5j7pBvGsLbFcn6BMLp92mtCudshKToV8RuKzrvbjQWGS4A13aRFzJRhLw62RwFRUC8sXZfEUuxqJ6uakV,10,2161059879737997019240880555756073798,,,5947323,5945860,1
2026-08-24 15:54:00,4qgDC1cjaKCPDoHJwL4N7jg8YkBDAsRCH9ivhHgxiaskZ8WtvE4J1PPKxJUJCjt2upT1osw1QbFiD1LAsXR15gnt,sell,XOM,DwBR6tLSWzQ6ZDMJ7h49p7y6hQtE5gBxwEfQfLUmZuxF,26DbLxVUgQPmmwwFNpoWbeTuCT7jn8f19cFZeRtzNwyW,A7Do9pVumfxC57mgDz6hUk8YEfg3244JZpz6Pubg81Ze,8918790,54871357,162539999999999000000,50,1,2026-08-24 15:54:11,4h2gpmwSaoZtnrvd1GVPND8Nn6fGyydTDvjSnCNPoPod7dAth4FizzZcwoj73RZqpM4kcoTHgTjTXM53bEVNpkRW,11,2161059886753415665777623426447435073,,,8920985,8918790,1
2026-08-24 15:54:06,4UdL62sJ3jpgbcGBC45J7PnNVP5or63YKEn8hGsYYtyckoQt2HDzv9fS3HLAAEEpjADFTGW9puE1oWUPLq1ubm4N,sell,XOM,DwBR6tLSWzQ6ZDMJ7h49p7y6hQtE5gBxwEfQfLUmZuxF,26DbLxVUgQPmmwwFNpoWbeTuCT7jn8f19cFZeRtzNwyW,D6boMCABTaLJuq8fd5XvjFCq3DyfWVfQnY6vFayVxEwC,11891720,73161810,162539999999999000000,56,1,2026-08-24 15:54:17,45KgkK2uMbrzVa3egjdgBRPx96obQ3RKkMRzeDxhCA3mGq7bDUKr3xansiQWzMjETjFhBTcZqXNUMZ9o6TM4BbTS,11,2161059893899345419795276359548364759,,,11894647,11891720,1
2026-08-24 15:54:12,4qTEiv93YnehYpaK1sunmoPyr1Q4RXGG92qyJ4GKud3QmDqq1BMm5jXSV4P3bnr5FxRxJVph1gyYdMkJxvEEkNam,sell,XOM,DwBR6tLSWzQ6ZDMJ7h49p7y6hQtE5gBxwEfQfLUmZuxF,26DbLxVUgQPmmwwFNpoWbeTuCT7jn8f19cFZeRtzNwyW,14M26BqNQDAeAPes5GjcD6XJX1yNpjYX5ucAafSG5cVR,14864650,91452262,162539999999999000000,62,1,2026-08-24 15:54:22,2u34CHywv5MGmXu1TTw9w3S3MainHRc7ksFTNmmRaLEF6hVfq267qnGNPPfZithuNF7pKCWpDMcwztyYBiej89XC,10,2161059900921991555688808594401206095,,,14867211,14864650,1
2026-08-24 15:54:18,4pvAgG9q52upgvHUtiRrqVntR2WeFZ5gBbsw7d2wWsoZNsvbRm5iSbSLMJoxHg1zpPV3WJUQM6GsRedyzq5UdVSW,sell,XOM,DwBR6tLSWzQ6ZDMJ7h49p7y6hQtE5gBxwEfQfLUmZuxF,26DbLxVUgQPmmwwFNpoWbeTuCT7jn8f19cFZeRtzNwyW,Bn5j3MtXyupQF8diBGQk5HRq3KeXYvrhWLoU9gtqY7DZ,17837580,109742714,162539999999999000000,68,1,2026-08-24 15:54:28,44aU3UURN4NQ8ZqRWcqvDmqW63gvpWW6a6Stdcx49izcBUS4GXTiXoK4vqoQeF9ELkNEmco3oCvawVU5VBtKWSRF,10,2161059908029301703400932582011826741,,,17840653,17837580,1
2026-08-24 15:54:24,5ZfoLkzmsbGFLo7UFLx6ryMZtJ3QPMXDcWxP88ez9M3PTZtPHjf3hZYWwYM5XU7kR67kLFwLVmAxnWTEPRM3Km2k,sell,XOM,DwBR6tLSWzQ6ZDMJ7h49p7y6hQtE5gBxwEfQfLUmZuxF,26DbLxVUgQPmmwwFNpoWbeTuCT7jn8f19cFZeRtzNwyW,W1kNYw1R3vX5bhUHXY4VJ4JBVy5KGJhNBQZS3BfGgUB,21801487,134129984,162539999999999000000,74,1,2026-08-24 15:54:33,2VocYiGmoMaPQei5S4HJ8Wa6acVMNf2GsmcVu7sMLot1Jq6HCoGfHQnGttcNHUwJmJTnUn3h98CRefxkwkxbtpF6,9,2161059915041036479168751289428197967,,,21804170,21801487,1
2026-08-24 15:54:30,Vd5FTy8v3t4U9azPSLXnKfiasxJWvAE14NPaYfqobS2PGfYLLpUL1gdsKhovBynuvYnT19nL5uAsSohNrgucTeb,sell,XOM,DwBR6tLSWzQ6ZDMJ7h49p7y6hQtE5gBxwEfQfLUmZuxF,26DbLxVUgQPmmwwFNpoWbeTuCT7jn8f19cFZeRtzNwyW,8S6E9KYf2ywZ4KUA9qhARscaRuP9bvQAkNnthHJMhdWm,26756371,164614071,162539999999999000000,80,1,2026-08-24 15:54:40,63NfCyN8GXqG7VXEkiDqqytxPavYPSxYmTbCeCit2jpa6WJkkKQaz82xdSrVBAsYRiZEoUD2tyXtGKSeQBoeeQ5K,10,2161059922199122155668197682925085386,,,26747811,26756371,1
2026-08-24 15:54:36,5G4U7x78B2oUp88wQNNAwBXTSAuhMTMyE72pMXXw6sQWNWHXLEMppw4vMqCufq9XbkhiGco9zwhgA7vv1FTUuZJa,sell,XOM,DwBR6tLSWzQ6ZDMJ7h49p7y6hQtE5gBxwEfQfLUmZuxF,26DbLxVUgQPmmwwFNpoWbeTuCT7jn8f19cFZeRtzNwyW,46w3GENjmRp7yZkqXWWC4URHeuv6SujUXKEondVrLLfF,34684184,213388611,162539999999999000000,86,1,2026-08-24 15:54:45,HXwaj3bX3w4XpwdEHTvBwyFCbyA2kPPxHuEZdRUkZs14sxanWySYB9HPTFVAcnbnRXJMUqLS1oYhBh8yiJGUVPN,9,2161059929365602798269504017863378471,,,34673088,34684184,1
2026-08-24 15:54:42,5zX3BdSwJ7Su3NSwCECbjG3iEATth1ba5sZ4veymdJwtLSwaNjE6JyfgS7wT3L74XUYPTBqFbLhpNCPA9WR1gAsL,sell,GS,HbCB8kGqwaQi9Q1K9EvYjfbMnFjaAUMQAeR3k7PDAKin,26DbLxVUgQPmmwwFNpoWbeTuCT7jn8f19cFZeRtzNwyW,Awnid1fp58BYPRd7Zej37hcccPrCRs4z6uumGJNfph64,1989843,1922522,1035017100000000000000,137,1,2026-08-24 15:54:50,5mWaqzuhcXdhwfxeVr91w19z1xjczpQx9iK1DfPABdXKbRKobRfxP7b9TDaYmpkUmcWnnJDhdz5GKtef6rWJS6sp,8,2161059936547842750694016946123873940,,,1989210,1989843,1
2026-08-24 15:54:47,bWWoBGnhGaCDwsmZApQhNw53FyoF6NnDcfoHQyVShKk1MtwKbwWgvRJUCtb4ozTY1uzvdgXgntuiNDPRr2ezW9F,sell,GS,HbCB8kGqwaQi9Q1K9EvYjfbMnFjaAUMQAeR3k7PDAKin,26DbLxVUgQPmmwwFNpoWbeTuCT7jn8f19cFZeRtzNwyW,HiRMWAntuHQdrRMQj6cNGSvK827WBLRE4wchXaWLcXwE,3979687,3845045,1035017100000000000000,142,1,2026-08-24 15:54:56,5cZtxUP5ZX39xChsCz6oJGRvxtqDmDiMRSZPsdxVX3oCYwMQQaLJ2mUHK8YDYXZvPHTJ2ZpkYqE149EvTDr14TdR,9,2161059943548724259204039379033961436,,,3976745,3979687,1
2026-08-24 15:54:53,4vkaBBFCLgdkWfq8s5P2SN9nBxEGdKqrQTRMHLBS33gpYVQ3bWviNQ1xA3jjYKYwDqvnsNHeB5cQ2eqLDGuD4doT,sell,GS,HbCB8kGqwaQi9Q1K9EvYjfbMnFjaAUMQAeR3k7PDAKin,26DbLxVUgQPmmwwFNpoWbeTuCT7jn8f19cFZeRtzNwyW,5AX7MbqtjssdWqjL3MV9PJQFdGHE4Q3YoCBkqUHaZR7U,5969530,5767567,1035017100000000000000,148,1,2026-08-24 15:55:02,4vyVV1PYR68ksbGq4oAKrDopfHpbyZRGxJ9MbwJGiEMQKmTEZiqM9dkVNfT1zZS2bqMw731pkLWdzBdAN6ZJCTpz,9,2161059950902612215899454406459992101,,,5965117,5969530,1
2026-08-24 15:54:59,4zjzMMVD71qutPyfWhUtCZ8Hr2vgL73zotXKjxdYmdhJSr6793tPWyPuMAgekqmtewVmJnzefLHqtfMR76LhnEGa,sell,GS,HbCB8kGqwaQi9Q1K9EvYjfbMnFjaAUMQAeR3k7PDAKin,26DbLxVUgQPmmwwFNpoWbeTuCT7jn8f19cFZeRtzNwyW,8xHXydoLBirX85qiPeaHupksgEivX9SsyafVuSvzA6Di,8954296,8651351,1035017100000000000000,154,1,2026-08-24 15:55:08,DFymbqrgH6sCcdgpUBJTQpBpRgo15SvYpKweBDcJA6XpkUS6o5uAnoykX29KKazYohVom7AMNhJuB55m5RL6cAT,9,2161059957970000507639758631947473229,,,8947746,8954296,1
2026-08-24 15:55:05,5zHz7VsTRhzcfbwbDMf2VvbW374H8Ymjgtjb9MT9K64RFSMoCzekRsZq4JKQjrvQ5ZPZ4fr2Ad48EdBGSZhVcZyX,sell,GS,HbCB8kGqwaQi9Q1K9EvYjfbMnFjaAUMQAeR3k7PDAKin,26DbLxVUgQPmmwwFNpoWbeTuCT7jn8f19cFZeRtzNwyW,4qS42NmXdcn7QNAitMsAB6yPhMic538e6dkmrUHbAm9b,11939060,11535134,1035017100000000000000,160,1,2026-08-24 15:55:15,2kZKkDiQ5E8dc9bJKcWeppBRCAd6XdRXYmf4kU3KZUWixfQpFNQLSscbbgdk5UAXSNQkGEbcneLqmaATmDLCJprV,10,2161059965113542898156923058818663950,,,11930396,11939060,1
2026-08-24 15:55:11,5fME5LV7qG3wzsJQLCrQ6tFUNJeeFgZ9PAhvBEguNmpMbo9xoStXhvgymqwqn6k4NorNQfXbHEjnnfsrMMTCesZ2,sell,GS,HbCB8kGqwaQi9Q1K9EvYjfbMnFjaAUMQAeR3k7PDAKin,26DbLxVUgQPmmwwFNpoWbeTuCT7jn8f19cFZeRtzNwyW,A5qtbC8RJx1ssy4gtDVWTmhPHyKz4PaqKZhKeA9Vc1R5,14923826,14418918,1035017100000000000000,166,1,2026-08-24 15:55:19,3r8iMEfSBwbiVowPsrniqMzva1mQ3QzYPQdV4xDt5GQDobH5CZKQDmsWpWpmReTekdjfhZgWLyT92SciJctmgpwq,8,2161059972161582328741806982231388589,,,14913832,14923826,1
2026-08-24 15:55:17,5AabhfJjTCUHoU43FcNQoKgFiwWfMR9eTnw6RMsJXCkBBMMZSgAq9N8vSUMHCzSjtgZnM1rukCqYvwik9UoK2KyA,sell,GS,HbCB8kGqwaQi9Q1K9EvYjfbMnFjaAUMQAeR3k7PDAKin,26DbLxVUgQPmmwwFNpoWbeTuCT7jn8f19cFZeRtzNwyW,CLKSuVZCkVnBJa7joF7QvWc4duyY9YAsZP88ZpX4DHkx,17908591,17302701,1035017100000000000000,172,1,2026-08-24 15:55:24,HURxFvqgKBisPaqWX9MfKQ4tq5gWo87FLJokYBytjp5FU6pyQYFt8wiqo2BH2JncSXrwAVZcD97fb47pAgBqYiW,7,2161059979528784056945803546908068247,,,17894557,17908591,1
2026-08-24 15:55:23,8jSY9GTPVWs7jEy64pTeRVRfu7GnsK89tqyER3FXWznGvL5xSPgsLR8QT2cWSWVqSydrAngdXc7La1URKRZHo7y,sell,GS,HbCB8kGqwaQi9Q1K9EvYjfbMnFjaAUMQAeR3k7PDAKin,26DbLxVUgQPmmwwFNpoWbeTuCT7jn8f19cFZeRtzNwyW,H2BuSV4XyMmPsZ5ajeLWLx1nsBZ4nFtdTSU4p2Y9TAgB,21888278,21147746,1035017100000000000000,178,1,2026-08-24 15:55:28,7Fcmqa4WEHj1xuRUT1u4XHSqM9Zo6z8v8Nd26bDzHNxmHUf4BFHEWBVHyPpQnf1pxrNbpULE97qayDrjGQQbSS2,5,2161059986550219846271649889238221621,,,21871083,21888278,1
2026-08-24 15:55:29,62KydSMCwvT9eZmVSuSUzea5XhFVMM6fJjukeD8s9uzDMBPS4CxX73SQUeHGTmX3rcMyYroDDZs2o5cBgeScobGN,sell,GS,HbCB8kGqwaQi9Q1K9EvYjfbMnFjaAUMQAeR3k7PDAKin,26DbLxVUgQPmmwwFNpoWbeTuCT7jn8f19cFZeRtzNwyW,AyZn9ZcQPG98uJ3ZRTfeV5g5Q3ggP7Dbh3rRbqrvZr3P,26862887,25954052,1035017100000000000000,184,1,2026-08-24 15:55:33,4QixMgWCRrzurrsSu9mVJpbcTkCuwTPuucrGf1UpKVtYR3vRyV9UCzRcbJmexdaaVPCJRh1A27eSD4oUDVaVggYA,4,2161059993512418422133736936358185327,,,26826263,26862887,1
2026-08-24 15:55:35,54htzCr5uspRwCeMk97hhqNUWM8koiwswZyyQQpMWviMyFM2MMrD8Q4ubByuL9qdosVuXgXkwD5FdeowZsh7poUz,sell,GS,HbCB8kGqwaQi9Q1K9EvYjfbMnFjaAUMQAeR3k7PDAKin,26DbLxVUgQPmmwwFNpoWbeTuCT7jn8f19cFZeRtzNwyW,7vLcqowPy9dQk5LH5FmDprJTqUaWuMia3xY8KStDBLgf,34822261,33644141,1035017100000000000000,190,1,2026-08-24 15:55:41,2HQNS8gE2rCuJNw47BwuKuinhXQpWxT5Ebcz4TKSZ5hjiMrhoHq3qF8366bWcqpNxFN2ko8L7Kmk5ggbhUorQdX9,6,2161060000471012982840449793707835176,,,34774786,34822261,1
2026-08-24 15:55:41,5MCRcMr8SqAAScbjjPFZ19w9ANAZp6k5mAXDmsth5YRGRb1bkgQxijMF2mj4a1JMXp3pQM6vv62UAkSDyTp7tHt2,buy,NVDA,FkzjAJX584L1LncQb8AKSnGhc5sLvZjPGCgZLGpeHyTH,26DbLxVUgQPmmwwFNpoWbeTuCT7jn8f19cFZeRtzNwyW,FGojuvdiftFkphcKYjLeusXYUjRjMzb5VnkkaWQFZKxH,2000000,9498150,210567299999999000000,108,1,2026-08-24 15:55:47,5Brg1SXc7SS3yCLCnzKCGKHHCtEvaGijWgiWRGYYao5bCfWSXatmG4nVGSmvn14PZD2eAHDYjxZ6ar5AAzkkDcDz,6,2161060007606085700896793740278492912,9462762,9498150,,,1
2026-08-24 15:55:46,Bi8gQ8CprpaYpKvjqLRCqaGn9DZDmQzNfG433a1opAioQLYhVjw6rVByaQ67uCwUiKjEB9Qte54bdUgC3myfZom,buy,NVDA,FkzjAJX584L1LncQb8AKSnGhc5sLvZjPGCgZLGpeHyTH,26DbLxVUgQPmmwwFNpoWbeTuCT7jn8f19cFZeRtzNwyW,2v9dhZ6G8j7o8AcNyHFhcCD1EyEKJ3u3rNCqKxNG3kGs,3000000,14247226,210567299999999000000,113,1,2026-08-24 15:55:51,cokrxnJUrJzZu7bFrhbsk24KtwEr6sqbej1HMoNi7vfygcxa9gHWBhKfqmUHhxXMJz7rE64NG19SWn2N75wX7WF,5,2161060014886247501049323746797913814,14216702,14247226,,,1
2026-08-24 15:55:52,3GWLT4yuJetEy3wA3r82J92fJSkuZ9WDxHLtLaLA69YggiweyA3d1CpRvH6dx4MbD4xEikGHGAZaznrSqu3m76VL,buy,NVDA,FkzjAJX584L1LncQb8AKSnGhc5sLvZjPGCgZLGpeHyTH,26DbLxVUgQPmmwwFNpoWbeTuCT7jn8f19cFZeRtzNwyW,EX7DCj9wLNqfFQcqPsPqs3rHSL4fY91yinRgbY5Qohvk,4000000,18996301,210567299999999000000,119,1,2026-08-24 15:55:58,4LGJND4eKY7987eDFXJbZ3anwbk29faAvKcPzJFavtNLXv7KyjrSgTzngCbV4bps9BLWsxxm2nqroW9HznN1rcsz,6,2161060022029794742552812614914291744,18972354,18996301,,,1
2026-08-24 15:55:58,SReFH4NZ3q43PRqXHWmaaSd2833aphzGVcHnZNE4qakZzgFkKQ8YzaCEHLvZ6fdS9g7XKfpD3ES9LHS62VF5Jkm,buy,NVDA,FkzjAJX584L1LncQb8AKSnGhc5sLvZjPGCgZLGpeHyTH,26DbLxVUgQPmmwwFNpoWbeTuCT7jn8f19cFZeRtzNwyW,AahLSeZVvwRxCyhB3JXyVqVnQnnsGvhACeTGmw3SHGoQ,6000000,28494452,210567299999999000000,125,1,2026-08-24 15:56:06,323bDYeUqHPPx4waNTwrTmw5EwPi9FUSQrVdxV1BFiiZZJmjuYZBaVifmXpdvE3TLpqHa5VHAhvLwYi4SNaeR4vp,8,2161060029075411043767220474093722977,28481223,28494452,,,1
2026-08-24 15:56:04,2JcwBDjmprbsprb3BkJoABPagdz3utux38GHeFxa3WioLvK2XNXBM23EbJJWoC7ccsZuP2q57VVGarCMXC7ThEHm,buy,NVDA,FkzjAJX584L1LncQb8AKSnGhc5sLvZjPGCgZLGpeHyTH,26DbLxVUgQPmmwwFNpoWbeTuCT7jn8f19cFZeRtzNwyW,2KkuaLzSq4zSrJWgK2C5si1xS1dEnef6dNbs6bBQpwuh,10000000,47490754,210567299999999000000,131,1,2026-08-24 15:56:12,27Xeb2AXxwgp3w4mPwembkzfC6UfiBCLUsTbDYy8F9TXtNmwTT45yQVd4MXXktXbCCaYNMhVFREuVd19NxHi6ExZ,8,2161060036301139989877998485172674024,47499500,47490754,,,1
2026-08-24 15:56:10,5tpjaZTn2Zd38at9BV6wqjvaGHbjumETLy4c4Z5SoF5o7rbL9Y8Gk3DwoXq4Csg3arFa1HFnkcoo9h9gzLYvpFN2,buy,NVDA,FkzjAJX584L1LncQb8AKSnGhc5sLvZjPGCgZLGpeHyTH,26DbLxVUgQPmmwwFNpoWbeTuCT7jn8f19cFZeRtzNwyW,MmfNsgC2h9AYPAG46W7eXsVvR4dqXpUerifEKQzgYuQ,14000000,66487056,210567299999999000000,137,1,2026-08-24 15:56:18,5ADXPUjN5yrmVUP51dsPQ9JAFEQVad2WSonMSi7uCKe8GLUGYLxVwfeu5SNLnpFvthKB7E61dNKEvYC6bHdRhLr3,8,2161060043435023905880617138090475262,66544264,66487056,,,1
2026-08-24 15:56:17,4LYYCfNDSmkYGAtGguM5Wdno8h2MtHXrrfzsAgc6dt2gfW5biNnNDTtTN866upkLVBRjA2gewYNHnNma853g9Pee,buy,NVDA,FkzjAJX584L1LncQb8AKSnGhc5sLvZjPGCgZLGpeHyTH,26DbLxVUgQPmmwwFNpoWbeTuCT7jn8f19cFZeRtzNwyW,BtxQ3fiAzFcrxgN9zdBkoKZMvh4VLaV48Xc1r1E65iCt,20000000,94981509,210567299999999000000,144,1,2026-08-24 15:56:22,2g4YMJvXqx136jm7tZJfRH2i7nkzdN7Et26ENw5CPayEuPwRiPiK4r8FCXtBSm7kG5tnHv8XSz72QwTJLp7jZyj3,5,2161060050969045591641824536691642447,95079097,94981509,,,1
2026-08-24 15:56:22,3YWx79YWsbc4bAtuTm3cTNhoftaN8wXHM7Qz87zzBW1WwXmGK3VHhmg9tJBP8w31KWzWaFv5WaeTbhvNmEJ1iUz5,buy,NVDA,FkzjAJX584L1LncQb8AKSnGhc5sLvZjPGCgZLGpeHyTH,26DbLxVUgQPmmwwFNpoWbeTuCT7jn8f19cFZeRtzNwyW,CcYpgYhKHxwtt6QvNvJoqJAhTpZ48e95P4DNTJ43rscc,26000000,123475962,210567299999999000000,149,1,2026-08-24 15:56:32,2yVKa1mvjUCNyWTcHUsEfc9Pj2Rx8rGsKTphPRyWDif2czDc5bE8WTKCRZczJBev1cdAfrbTJQK8LhSCy43SBJj5,10,2161060058119849375891140910019030997,123621800,123475962,,,1
2026-08-24 15:56:28,2aTBNZ6AiLLo7AqdbceZxqeyphr6xmYtueHHwm3JGE2DoNS3k71ch2bqBymsuVY34PjYZbQag4afunouLNCrR1Gy,buy,NVDA,FkzjAJX584L1LncQb8AKSnGhc5sLvZjPGCgZLGpeHyTH,26DbLxVUgQPmmwwFNpoWbeTuCT7jn8f19cFZeRtzNwyW,DjQcdcCmfMuAHGPBQgjfCrFPQeNUJKTgmZZRruvyrev7,50000000,237453773,210567299999999000000,155,1,2026-08-24 15:56:36,LUsaoiQoFAaK2xL2xfFivQjuqmd5r2QyCZWwcC6N8n3yQJYZJvTwwHyzP47j9R2m2P9NubLpaioUfaxZBS4kqUi,8,2161060065248889713919319766546742902,237791709,237453773,,,1
2026-08-24 15:56:34,4uL72f9XBPxdgDHQZ57Be7MmneYqZfVAnohRBcFgqpMSGhWqcauw9PYF9zdeCyDuM7tDSsXcQ1VafD6bXY4f4ZTp,buy,NVDA,FkzjAJX584L1LncQb8AKSnGhc5sLvZjPGCgZLGpeHyTH,26DbLxVUgQPmmwwFNpoWbeTuCT7jn8f19cFZeRtzNwyW,C4SVZpiuof7zGAbydEy7dcreR2Pp9nogaK3zAVgn8FMn,30000000,142472264,210567299999999000000,161,1,2026-08-24 15:56:41,34bqLxU9ZegrG2K5xxAi6uHQK48KePAA2xtFpwXshLfELtD3fo5h7sPfvEaZmk37pZ7qxhGECZ381QUGk8NPPuss,7,2161060072399659687035707223575245580,142654641,142472264,,,1
2026-08-24 15:56:41,5k5m4J4nk6K6HYR572ffm1zCwSoFvFPp6gsREgugDMEPoXk3WhJtRxrPZndYwmg2ZnpRaB8S6jMhvqyjoEd1tJTB,buy,NVDA,FkzjAJX584L1LncQb8AKSnGhc5sLvZjPGCgZLGpeHyTH,26DbLxVUgQPmmwwFNpoWbeTuCT7jn8f19cFZeRtzNwyW,BSeCGbe2ZDbUtJCg45WwZzrso939jzmfrtMCSs5pNGta,2000000,9498150,210567299999999000000,168,1,2026-08-24 15:56:50,LVwY2Ve77DbXQMe1jBSpKGUqXbpsbVSjjFfo2VzZ9BVtWQa2Z2Tpp8LLCT23fBRH9mLVcp83gKBVu5kPQcN5n6A,9,2161060080044917197451442637200950225,9467804,9498150,,,1
2026-08-24 15:56:47,4acyT1nx6V9f4VWVaz188sqtiKyFq69sTX1tmSNtYiY4SqnV7agjYcUTjLSQfnRNizZuNBQTfJS75GRLLiHZe7Ci,buy,NVDA,FkzjAJX584L1LncQb8AKSnGhc5sLvZjPGCgZLGpeHyTH,26DbLxVUgQPmmwwFNpoWbeTuCT7jn8f19cFZeRtzNwyW,F18jcMcfNsjAtGPW2JXeBtFpnr25CnCYSqSR4g8q96pp,3000000,14247226,210567299999999000000,174,1,2026-08-24 15:56:56,4TQtmb3VjiJCVGSvG4DERAQDh49mDonjuqgBCxoVNvvCFoiWs6tYJCn6D5BR8noU7cJTwV2ykXbGsLsEhRsHPfzW,9,2161060088635537338897918366296718437,14224006,14247226,,,1
2026-08-24 15:56:53,5d1k5PjrwUTbbh2YH6KS3oRQGVoWeVJGeRZDUo1kvGSFsMC3ockSWM5BVcpLA4ZcLgqBzY99dqovs3MMKiBd3Tna,buy,NVDA,FkzjAJX584L1LncQb8AKSnGhc5sLvZjPGCgZLGpeHyTH,26DbLxVUgQPmmwwFNpoWbeTuCT7jn8f19cFZeRtzNwyW,DbBKsKkvDw2e5msGDB8scmZHwJWUBGVPDKJ5ebbhRnMh,4000000,18996301,210567299999999000000,180,1,2026-08-24 15:57:03,X1vKGBgmzZmozKEQwJvTNf1VnTtVsW43hndguc4occ4GKFoGoEFi4iJXXVSUnVLtjWgVEUsnxuv4fUejGCpb4k2,10,2161060095753684702973018110037528161,18982283,18996301,,,1
2026-08-24 15:57:00,dtzLWV5dcf4ha6MbrEktBt5h9x4wbgUjkD6dmGd6jkBqvAkVwWpbWADvPPD8fubWYSpbxPT3JcAQqz2GA7waRey,buy,NVDA,FkzjAJX584L1LncQb8AKSnGhc5sLvZjPGCgZLGpeHyTH,26DbLxVUgQPmmwwFNpoWbeTuCT7jn8f19cFZeRtzNwyW,9df3R6itr6Nq4KXJwZGeYKrTcbd329kxVGEgzaK6Q1iW,6000000,28494452,210567299999999000000,187,1,2026-08-24 15:57:08,4ymB42b238qnQoRrjXrA5y2hY59owgDkF8rKL2maJnBm2KWUKyAcFjSs1qMHQhzYnmdQR6b1bLkJEZk1CjStPgnT,8,2161060103076148524959239937916389062,28496940,28494452,,,1
2026-08-24 15:57:05,2knXbfXQbqska7nFZevdKNbsLKoGqyHkjCuoDQeJEvrFN7u9hF9ZRhFfNoZ3zRcVqMn7UbE6jFSrhyWE4F6VvjcA,buy,NVDA,FkzjAJX584L1LncQb8AKSnGhc5sLvZjPGCgZLGpeHyTH,26DbLxVUgQPmmwwFNpoWbeTuCT7jn8f19cFZeRtzNwyW,FdaW5wMAtLS6gP9A2M7Q38qKkX7shPVkJh7zQRGiRH7u,10000000,47490754,210567299999999000000,192,1,2026-08-24 15:57:12,4pA8GTX41DG6Rx51zfQeR23n9bLqnvs9CbsxxeQQSKQtf2P7CrULAvPXygnSMmxcSJceokhrRs9SHrqTKgcSuiNz,7,2161060110292243951028894980182449970,47533401,47490754,,,1
2026-08-24 15:57:12,4Jb2fTqXKTdrnTN6GbQSNy7Jot2maiBnDL34WeAg7JBp55GZ9Vgushu8cGVyxf1Gto7fMZ8aFARtf6jcwJmQ1feQ,buy,NVDA,FkzjAJX584L1LncQb8AKSnGhc5sLvZjPGCgZLGpeHyTH,26DbLxVUgQPmmwwFNpoWbeTuCT7jn8f19cFZeRtzNwyW,6QqNNE83VBmn9cyz1bUwXtJpxiJrY7xAmVGyga7xXKkK,14000000,66487056,210567299999999000000,199,1,2026-08-24 15:57:19,3UmZF3VySeVoqmWo913j2UGeGtKo83D3u9DvCyCCF4pbUuGPRR6BWH5CrY3vo9dzWLLmcE3wXR3ui5i9NbWBNhFp,7,2161060117585685672913326993854134570,66560094,66487056,,,1
2026-08-24 15:57:18,3Rqw1gvs53K74vBgUJ5zyxwHkrPsT8WsvD5yBmeMHRB4ZrLHeve2fjaJdbRB8pGkbGdqAfU82GFfSVLa5Ff4zCPk,buy,NVDA,FkzjAJX584L1LncQb8AKSnGhc5sLvZjPGCgZLGpeHyTH,26DbLxVUgQPmmwwFNpoWbeTuCT7jn8f19cFZeRtzNwyW,FEb1hrFqqXiK9k2hTVJALEzCkCZ7Y8STkvMmUedg2Jac,20000000,94981509,210567299999999000000,205,1,2026-08-24 15:57:24,4A3zrSsRwVa9NjpYXgsEd7SANN78yrcEfxQtrNY2EFnEKTzjP6gopHAugimTpW4fsx8M9CW3zc2uwkjHS1DsNTqJ,6,2161060125093136320931976491513654561,95118910,94981509,,,1
2026-08-24 15:57:24,38pWEPa5Zgy3mwJ3SrSMdv1MhFe5B3nCJcRreE8sJCYNzrzjU6Gu1vYsPDVY7DECFtKnMwdgDUMXsaGqB8JRCK9V,buy,NVDA,FkzjAJX584L1LncQb8AKSnGhc5sLvZjPGCgZLGpeHyTH,26DbLxVUgQPmmwwFNpoWbeTuCT7jn8f19cFZeRtzNwyW,AvNwWEEvduEhXnxy7me5vfvjnfmfyLh2qc24w9zvb8pr,26000000,123475962,210567299999999000000,211,1,2026-08-24 15:57:28,3o4hzBgDqCFUQyCKKsRZumCAfmuxGhraJVbi9ZpsLbtfQRnvdH4LbVDUQjkjtkNQa7DM3pjFQScpi6RKMicrXq78,4,2161060132448223962570045645562290387,123670035,123475962,,,1
2026-08-24 15:57:30,5xBRg3gGktFUScFzai7iiedEfpqwsKgT4CzoD9bXo8jLf2jCap5Chrts346FVeR4qkxbrofr4p7Ft7PzpMuag8Sy,buy,NVDA,FkzjAJX584L1LncQb8AKSnGhc5sLvZjPGCgZLGpeHyTH,26DbLxVUgQPmmwwFNpoWbeTuCT7jn8f19cFZeRtzNwyW,8afYeZah9rLKuy8xrv9ZkdoZhexNNfjuVpH6iRg8Fot4,50000000,237453773,210567299999999000000,217,1,2026-08-24 15:57:37,46cLs6J29zfjmMo8bmzUpEiBEEA5cEMgXb2QXJAQhp3UaovfubGUKzyK2Gy4mc681oi6JAXVaDGUnUoHmCq3sh44,7,2161060139503520578377218720852816779,237859596,237453773,,,1
2026-08-24 15:57:36,NZZXsWi2poxXtfkzWS9iAdK3cnLGKC5SD72syg2eZddk2Ae21rHnQbTT1euVHDJsRjwUzUk2nHQ3kaY5vmFdowE,buy,NVDA,FkzjAJX584L1LncQb8AKSnGhc5sLvZjPGCgZLGpeHyTH,26DbLxVUgQPmmwwFNpoWbeTuCT7jn8f19cFZeRtzNwyW,Bg672xHou46BN9wCyvSsf8p1W8bbqnZQYhti22iHwqnn,30000000,142472264,210567299999999000000,223,1,2026-08-24 15:57:42,AeP2Rcmd6vBHRy8JsLG5G6xCVWpMcQys4hA6RmWfXQcCMbovnxv4oJArkrsA9x9EVSm7iauRv1Lx4srdgAkw36e,6,2161060146892460612906851987332168086,142745628,142472264,,,1
2026-08-24 15:57:42,2tsyLVAKUwuma4wiV41t8dFfwMeUjtYv6epRUv3g2rB5dfwJ4g1ZruqnLNvZA98F12kRirUCapRMBRd2hYPfK7oT,buy,AAPL,B3S7TuCmBPsNJW32SzRLBwbmWmgNzFBuHnBG9rdvt6K5,26DbLxVUgQPmmwwFNpoWbeTuCT7jn8f19cFZeRtzNwyW,C2CFi3RyK95eRKrTdJhpSuwKXnT1aAgi4543uHCbZHvf,2000000,6413236,311855000000000000000,184,1,2026-08-24 15:57:46,XdAjtzEGLwCKeDJDNdodU3pmKKyWz8QEvxRAZ8z9Ejce1oACLGhyHMtbLe7Hj3JcvfRf9spc5thQ8tvY93yNvzT,4,2161060154118210403909217787352893256,6382992,6413236,,,1
2026-08-24 15:57:48,5zQ3CgfxikRbdMgrgDmeFxXrtym3BSJdFiw78MVwY1dZoQCKHKYbr1vKruH8ppj4R6N8T4QS5Tv5dW3X8pXL6Uhv,buy,AAPL,B3S7TuCmBPsNJW32SzRLBwbmWmgNzFBuHnBG9rdvt6K5,26DbLxVUgQPmmwwFNpoWbeTuCT7jn8f19cFZeRtzNwyW,C2SfYMtg79HYQDXd41ZRcSHH6BKkLvuEsb4Ez7VjTe1T,3000000,9619855,311855000000000000000,190,1,2026-08-24 15:57:57,2UfEyvbYDUvsgoGJAz6m34vxZKN9vEzWUxJnxBgH1SQz31iwyNRaevU2NFnTgNSCoaG1ypexhd2TkweWgeKYRHmW,9,2161060161219461293000814044804610754,9591756,9619855,,,1
2026-08-24 15:57:54,4ufqn7yK3YdmvZEjFFLEf6PgZu5mVaCBGTuECGxvGMQFLyEdE5MmiEjiMzzeHdXDGEYvPXS3bdf5dNP6UN8DHy4W,buy,AAPL,B3S7TuCmBPsNJW32SzRLBwbmWmgNzFBuHnBG9rdvt6K5,26DbLxVUgQPmmwwFNpoWbeTuCT7jn8f19cFZeRtzNwyW,Bm89xJcdBUZDABxpEb2KnTT8KzaEsQVWGiJYM8suUoLE,4000000,12826473,311855000000000000000,196,1,2026-08-24 15:58:01,4etV6efQR7CX38jwjByvkCPeVFjrS6Pwe1MfKFx3J1vyhhVBBTmrej5GXB2mdSQBkZXsGFvps9g2v2EBxxJBVWh4,7,2161060168451247723760520614660877917,12798552,12826473,,,1
2026-08-24 15:58:00,4Avhdd848ZPTPRvNHbhqKgibxh4ddD7kbyZKsUGg65vmrdebo14569aiZwCeFP1XVtPQNNsXkMSfFuHa9gFE9K9g,buy,AAPL,B3S7TuCmBPsNJW32SzRLBwbmWmgNzFBuHnBG9rdvt6K5,26DbLxVUgQPmmwwFNpoWbeTuCT7jn8f19cFZeRtzNwyW,Gr3zkmbHYmvEcgRCYFT36wGkgfydoT3KWqPC9Jf68V54,6000000,19239710,311855000000000000000,202,1,2026-08-24 15:58:08,3SZ4JhNKWGMndrkGCdMQjPKrKUUHkijwB4YEPCXyKBjRyAjXXZHMpyPFWWWA2oc6fDucFEyr7js5xqYUzydCXWaW,8,2161060175703585581888358734969283575,19215100,19239710,,,1
2026-08-24 15:58:05,yy1CEsjxigVCRqjAVrUy7R3UctPmES1bwD9bAadL8qwcQMqVyZ3GyjM53PDPnRefYCxLzxDsDKwb8yn868t8cHH,buy,AAPL,B3S7TuCmBPsNJW32SzRLBwbmWmgNzFBuHnBG9rdvt6K5,26DbLxVUgQPmmwwFNpoWbeTuCT7jn8f19cFZeRtzNwyW,5r2LHLBjH1F4hNN5YMsC6p6nBbrcS6jps4Cz35JbAePC,10000000,32066184,311855000000000000000,207,1,2026-08-24 15:58:13,5z3cyRf9aPAC8z4v54SzJWRjujFwaB6m1592DYWza828iCc5sMBrRUGSaVyDUmeeGH2AAsm4EfuSqSiPTGDg11BM,8,2161060182968020201683487654596449551,32040591,32066184,,,1
2026-08-24 15:58:12,3wpQbqnPb7NrkggoDKb3zckk8SBxA5eYkCm4s8wJrtdcjX6gDD7TNd1siPyTZzhNNhJUsQpZJxyWTKXaLND7CAia,buy,AAPL,B3S7TuCmBPsNJW32SzRLBwbmWmgNzFBuHnBG9rdvt6K5,26DbLxVUgQPmmwwFNpoWbeTuCT7jn8f19cFZeRtzNwyW,91RHPEf4tvrVGFRrbGFNVCWKxpez2QqbuoWgWrqbXn8R,14000000,44892658,311855000000000000000,214,1,2026-08-24 15:58:19,4aKhdhv9rCwk7DYkaYxBvXBpe2yGrhap8nvHV4ZZULooRWUMGrBZCrcnGfkDrUYiMcG9r3KgLJ25FwVK6pC2fexw,7,2161060190254237204215719097861644765,44866203,44892658,,,1
2026-08-24 15:58:17,2cSuRmerSWhnzhHXrSAhcqW1Vduc6MPUwavw7LX1iSJ4362nRJKQEJ8RR4K9Y9Pa5Tq3GygRwPA9tvrUhm49gdLz,buy,AAPL,B3S7TuCmBPsNJW32SzRLBwbmWmgNzFBuHnBG9rdvt6K5,26DbLxVUgQPmmwwFNpoWbeTuCT7jn8f19cFZeRtzNwyW,8AyzqcpmoZsHKhHewjQWqXnJtgoN3c2un9bayTFznXuf,20000000,64132369,311855000000000000000,219,1,2026-08-24 15:58:23,GTDFiWGV5tUpJdNjYnN9zmVkv1eQAbK1g68JJp3LUj7tBwxF1XY5Dfnny9UztRK2sMEdQ3qR81RrwAPraV7Bowd,6,2161060197470289779593042211290577066,64116956,64132369,,,1
2026-08-24 15:58:23,5eufGhXs3277YtPHWvZ6XjTpJ2jmfeLDL9VcpyuUd3QeHwtVQh4qyyXLgQNcBfQ3RTYNs8bVxFRPHGYPsuioRDzn,buy,AAPL,B3S7TuCmBPsNJW32SzRLBwbmWmgNzFBuHnBG9rdvt6K5,26DbLxVUgQPmmwwFNpoWbeTuCT7jn8f19cFZeRtzNwyW,TJTd5vim6bPLUKzJDY2L2WseBXjnuv8KCRWkNP6fCGB,26000000,83372079,311855000000000000000,225,1,2026-08-24 15:58:29,V7Au58nt8t97qxkCPNEFUzxza5Ga8Up6BX64DVZPy1QetYcqJUT6Pgt65DbLqwjk45PAGKnxW8DHEF4aoLc5hWj,6,2161060204628367725695544199759913144,83362200,83372079,,,1
2026-08-24 15:58:29,5pQZB7QTuG5RHoS3eu47zCUQ1UoFqzhh5k9uBVPGeWNL5LB6CWKNzg6ZwCtiyGUD95KNvxDWi8pEtLsNrHAPTtB9,buy,AAPL,B3S7TuCmBPsNJW32SzRLBwbmWmgNzFBuHnBG9rdvt6K5,26DbLxVUgQPmmwwFNpoWbeTuCT7jn8f19cFZeRtzNwyW,exDfeuivyAxXiS2SMXVxFjoweLngXvCs4HmTWC8ML1D,50000000,160330923,311855000000000000000,231,1,2026-08-24 15:58:38,5axCEMdtBX5ppZPXwUK8AQmTZN3mQct1huccbARcWmnW26hSTdTY5hxpsTQNjzyRc2Fd4P7Jhj4wyRGcNsJG6Q36,9,2161060211810566264543547810934038311,160350789,160330923,,,1
2026-08-24 15:58:35,2P1d46chnhqrhEktFq4Kb7wwXJEvMjeWo77o1SQYn15pio7eBDhfb4GETapYLdt5XEYweSgLZJH77ggoJpXH9BiL,buy,AAPL,B3S7TuCmBPsNJW32SzRLBwbmWmgNzFBuHnBG9rdvt6K5,26DbLxVUgQPmmwwFNpoWbeTuCT7jn8f19cFZeRtzNwyW,2HPScmihRMJjPgbCz7n5CwuBU74CsQPpQc6vpZDrAouo,30000000,96198553,311855000000000000000,237,1,2026-08-24 15:58:43,5GwN3PpWvZHKUgtaRRCV3aR6ax7v47yG88rRHr8y4n8DbVLTzrAB7EDkDQRs86CkDktVHP2Sv8rrGNP581dwijZP,8,2161060219133037204076045638176933493,96192089,96198553,,,1
2026-08-24 15:58:42,5eF8e4WwJyVJ6ridAP11DhhZ9RhCgZwNrPBacKQqZfdsuDb8PVYqFxyDQc27tPbZoLkzDS7pyFdizq264j1re7sA,buy,AAPL,B3S7TuCmBPsNJW32SzRLBwbmWmgNzFBuHnBG9rdvt6K5,26DbLxVUgQPmmwwFNpoWbeTuCT7jn8f19cFZeRtzNwyW,CXKntHhcpLPu1admrjmrTg89m6s6fQUZGtnRakwD99ry,2000000,6413236,311855000000000000000,244,1,2026-08-24 15:58:47,4EaXutYE7yHtqm8fEpLkkCbSxvkPjcxMWJr3nF6iSTgKdb4Nf1jQLSkDnmShzRvKAcEhA3nsXur9FqE7pErvxFMy,5,2161060226448255380510695560018764891,6383033,6413236,,,1
2026-08-24 15:58:47,3ShoP6LTxX64Ccfc6vgyhANBVxhnFG6JvfMTDYYGHc6S8jmqEc7tLhTmsdbdgj29cfcS5y9t4Bss9DX9AkKFLhvD,buy,AAPL,B3S7TuCmBPsNJW32SzRLBwbmWmgNzFBuHnBG9rdvt6K5,26DbLxVUgQPmmwwFNpoWbeTuCT7jn8f19cFZeRtzNwyW,CkFW8arRJHycz41WCDm7tv1CEzStcdBqF9uWC9WqY739,3000000,9619855,311855000000000000000,249,1,2026-08-24 15:58:56,2q6WDmJfJgHfY48SqEhn93QH6CWiXoP7JabC1KGgkUd88Lv8n3bx7AqvCa1jn9qafcR9Cs3VEqhB29CTrb3BtrwF,9,2161060233664351049664012168656802458,9590895,9619855,,,1
2026-08-24 15:58:54,41A6FN6tNvzguJCcLi8yMtn6H3dbFihiCqSeUgXaBohHybYBCeZ69YExnDn8P9Mzkq95pgpxUv7zLBWyTpsXshjn,buy,AAPL,B3S7TuCmBPsNJW32SzRLBwbmWmgNzFBuHnBG9rdvt6K5,26DbLxVUgQPmmwwFNpoWbeTuCT7jn8f19cFZeRtzNwyW,8YbW7dj9tDPQrm4ZK4x5vhTG6AMVwmaJ75NASnKmMR8K,4000000,12826473,311855000000000000000,256,1,2026-08-24 15:59:02,hd3gP7zmbxz9CNvDMf3gb7G5DSEgp5BGtbC6xqWKm2kfm4TBGudfHpkFDS9iB6YgRLKH2uuK97NQrwYdseCAK4S,8,2161060240867115696236811206722035728,12800112,12826473,,,1
2026-08-24 15:59:00,2r3zfzjQjQXqdvfkeiuDBkRhmm6JFAE9qsjbxDMYnd2MHTjjrG1d5iQDzRU3Fik3ovHPiDGpMnW7M8PuofCcWs9U,buy,AAPL,B3S7TuCmBPsNJW32SzRLBwbmWmgNzFBuHnBG9rdvt6K5,26DbLxVUgQPmmwwFNpoWbeTuCT7jn8f19cFZeRtzNwyW,7rbdgi5RHiQNGr2JCwmQUutNznDmLcCsmqsPrKG6yvcF,6000000,19239710,311855000000000000000,262,1,2026-08-24 15:59:08,4cjnLMYJCFBL1fMmEyQaSNDgK9DhdQSTm7hREeXqf8ekCiUVWxJLbVrnmDxqTPiqVzcnKeYJCqjpkxgYCcTNcFyP,8,2161060248113414701980383990868973729,19216826,19239710,,,1
2026-08-24 15:59:06,J8czhjD9ew9zNefeFrSr8UcayPSDf2K8VFQZdbwPxhgs3VxyGDZyKy7WMJZyMouoonzz1xKSV3wTYU99bugXACX,buy,AAPL,B3S7TuCmBPsNJW32SzRLBwbmWmgNzFBuHnBG9rdvt6K5,26DbLxVUgQPmmwwFNpoWbeTuCT7jn8f19cFZeRtzNwyW,AD5efYjfT5JqGxd9JAhZiCB1bq4u7U1KeBAn8c8n6m9i,10000000,32066184,311855000000000000000,268,1,2026-08-24 15:59:13,2S5xK78NEhDDHabdEM2HTVG3s4sqUCLM4if2LqtSScp2XsASipwVP4KQnFgiDu9NLQ1xiyLuFU9xMcNCpcp2QT1S,7,2161060255365779711534996522818067853,32052516,32066184,,,1
2026-08-24 15:59:12,5b5NLhcHovn7GzasEdqPS2Dc7Ny4XpYtTEvu1TwggLDm3cXpJaDZ9oh5NbuuB5C9fJ1qazshkBPfca5gpJSFnqP9,buy,AAPL,B3S7TuCmBPsNJW32SzRLBwbmWmgNzFBuHnBG9rdvt6K5,26DbLxVUgQPmmwwFNpoWbeTuCT7jn8f19cFZeRtzNwyW,F4dDQQQnRZBh24NSwB8eU189cpovxzkzpKQfSL2SbvTG,14000000,44892658,311855000000000000000,274,1,2026-08-24 15:59:20,36wVt6WBycfVi8vqixuMTrGu49U4sMoL3bw9hQhKRxqey6JUHCegEnyjw4m1iq4R4RTY2GJtd1dojPgxcE6VcUPn,8,2161060262986836252488219624364924242,44884916,44892658,,,1
2026-08-24 15:59:18,5vDWmrdWBYG4XY2BYazN1RdyddAUHWKn3hA9oJYjqaepwpEWH9dLinst7HHZwmH1oNNZcsDD1QUhbmLAnXmyW2Uw,buy,AAPL,B3S7TuCmBPsNJW32SzRLBwbmWmgNzFBuHnBG9rdvt6K5,26DbLxVUgQPmmwwFNpoWbeTuCT7jn8f19cFZeRtzNwyW,CuPhh6v3bTK7hd9sWxjo3XNC1wFvK3yDA4BM7cmjBhzN,20000000,64132369,311855000000000000000,280,1,2026-08-24 15:59:24,2JTSSrbcjQjVHFoYopHpECSAid2ntEcUrnFFWfcoJxxxQnFrSMCzdAau1tRdexNiSu4W6cS4NLy2UczheQD5JzsB,6,2161060270256111502260002681782565635,64131355,64132369,,,1
2026-08-24 15:59:24,3kowmgw7GbAMsfY2wFzLNYWzxpY5ZAo6FtBhZFPgkt96om5Gqt3iEzk2nSM4xnDCqpkvy6L6ZJUm1Yh97LijK6aA,buy,AAPL,B3S7TuCmBPsNJW32SzRLBwbmWmgNzFBuHnBG9rdvt6K5,26DbLxVUgQPmmwwFNpoWbeTuCT7jn8f19cFZeRtzNwyW,AXQpsm5SXkTQifZdbDwxpA4BHVQEFx2NZmFUmMjSV12R,26000000,83372079,311855000000000000000,286,1,2026-08-24 15:59:32,3wvfY5i59Xqrh76sWQqja8nwqHW7iDLcoo9W8rjfDvVSiWuZadahfTnszaSjLJpJotCSKc3kXWVWmCseJa7QQYr3,8,2161060277574920948358757163474428919,83376641,83372079,,,1
2026-08-24 15:59:30,4wDgwcdHMXyYAbQqfrAKqRQkYFvQXRqZ6gW3kqdc9fovkQRoXmfdjNjvGd1kTniGvJitotRBQBr7A4rpCKwP1XHJ,buy,AAPL,B3S7TuCmBPsNJW32SzRLBwbmWmgNzFBuHnBG9rdvt6K5,26DbLxVUgQPmmwwFNpoWbeTuCT7jn8f19cFZeRtzNwyW,395Xcq9zirJFCAe6VJ6FFGEzGLcN591tgjrTHxZ1JzTq,50000000,160330923,311855000000000000000,292,1,2026-08-24 15:59:39,38QetzTBFmsec7vbuXVcTVpLhojfveVktWJEAgnaVEdLWHUwRvUcfNHc4uYupzeacvGBDqEN3KAEyaeN2JCa5yXC,9,2161060285059389366670652931985072352,160362105,160330923,,,1
2026-08-24 15:59:36,jZjGUB6So5tSLputECGj5MEg9CDastEw4n9NL2mjFPitWTKcBCnGPvZP5q7cAmERGCst1CBqYb8hdLvS3pq8iyW,buy,AAPL,B3S7TuCmBPsNJW32SzRLBwbmWmgNzFBuHnBG9rdvt6K5,26DbLxVUgQPmmwwFNpoWbeTuCT7jn8f19cFZeRtzNwyW,DCEfCt86EAvz2wY7tQqxYjRo3oczMVpk5M3D7vkynybe,30000000,96198553,311855000000000000000,298,1,2026-08-24 15:59:45,4H9e6S3udzLLozfYDRoAfkoZ1dPApdFQV8nvu5x8Bs846YeJ2q7LKLJKVU1bQD16EVyi2m1LY54pPdpqS94as1u1,9,2161060292230742752178613277179465944,96231597,96198553,,,1
2026-08-24 15:59:42,3VxtJPshHYkbF1tKPo3fXcEHLYFkiCCBFA3fRj7TVAHGrMqRcFq4JmKFT9t1d26SEXGsUtEKSBANRZs6BhNMsKBA,buy,GOOG,6a2yZjSpCncEyiPrB3ifnAJdqJVUNymu7vEvLCaySqmp,26DbLxVUgQPmmwwFNpoWbeTuCT7jn8f19cFZeRtzNwyW,5Jdq6KDGQ5d9b8u4AJnJbgSfHpyajb2YBQXsVYhv4qiL,2000000,5758865,347290599999999000000,18,1,2026-08-24 15:59:51,2ZSnvGsDbvcFAyn9s3jwaVJvpM9PBqaAuy8R7ktnxGtktwsM6CDs6cwc8PFPuqoCwKQHmmYrRnnhNPNeuEANbvA4,9,2161060299423850955806749428065547545,5729685,5758865,,,1
2026-08-24 15:59:47,3jhUq2k42vQUQjhjthMWU5dx2QGf4Rp3bchEiNjgQYH7YMrpimwK3gXyPw33sRR5d8nXa516D4M6wMNZmXu1rAvY,buy,GOOG,6a2yZjSpCncEyiPrB3ifnAJdqJVUNymu7vEvLCaySqmp,26DbLxVUgQPmmwwFNpoWbeTuCT7jn8f19cFZeRtzNwyW,A6uNKXCxmiKo9endsLLECByRzsb4PqNtrk2uPwaAkBpk,3000000,8638298,347290599999999000000,23,1,2026-08-24 15:59:56,5X8TCchVrRpczxDEYmWqq8pxgEaDDLeodx4ZGf6huDqhqCKBUxwcArRD6joELWbVR2YdZ89AxuQXjjUMf8EBmQBZ,9,2161060306514200444962689266838306581,8607288,8638298,,,1
2026-08-24 15:59:54,35CttoH9XCskF7gi1pQXURMH2sSqwMptLtQhdNfXZzbeHhegKk22ZcQRSDbkvrpHdqvJQuRhn8uXzENixQZqDYxR,buy,GOOG,6a2yZjSpCncEyiPrB3ifnAJdqJVUNymu7vEvLCaySqmp,26DbLxVUgQPmmwwFNpoWbeTuCT7jn8f19cFZeRtzNwyW,3Q8sbQgfySKVdjojVRrHH7PEyo5txJcmKKLrL6dnjzFZ,4000000,11517731,347290599999999000000,30,1,2026-08-24 16:00:02,4BeYFYhtRHJADXvD7Aqcffpn89kV9jQWzUGho1jCBTzUoxPt4vSs7uhPPEDeqreG3FMnpjcPdfwDZ25yxGkpC2Eq,8,2161060313542910008983111146502599625,11486708,11517731,,,1
2026-08-24 16:00:00,5WuERiPMJEu3nLkGB36jeZUQtEcxBW9Qxj4vt4xCnPxWPFFLJ4v3DiTHJTRppUBoBaZiix9Gh84VDSeubAahPyUu,buy,GOOG,6a2yZjSpCncEyiPrB3ifnAJdqJVUNymu7vEvLCaySqmp,26DbLxVUgQPmmwwFNpoWbeTuCT7jn8f19cFZeRtzNwyW,2FMbZJdGgf9dfDdfHhC2jK1DjXdSHqGsn75TtbMQeyAv,6000000,17276597,347290599999999000000,36,1,2026-08-24 16:00:06,5icDwsBaoTNMLGceRwbrWk1VFoLtXMe6PQsTsdGwKA4UWxbC3xMo5XWZoBiXJiAxYX9yzQFvGohc1UmmoGaBCoDg,6,2161060320927033880226003054185154176,17246939,17276597,,,1
2026-08-24 16:00:06,5bEuZz61U3eTAXfwjwL1SupkyeA7z2EYwX4y5FUAcq7ffXy2yDdLCMNuAw5g3tTFPCWBDsphoCtBJpS5V1UGMyhk,buy,GOOG,6a2yZjSpCncEyiPrB3ifnAJdqJVUNymu7vEvLCaySqmp,26DbLxVUgQPmmwwFNpoWbeTuCT7jn8f19cFZeRtzNwyW,6TyLbdxq924BdqMrEasCkNA6CpP1CQDmauS2WxBheUDQ,10000000,28794329,347290599999999000000,42,1,2026-08-24 16:00:16,48FN1joLaLCLv4DvR6LwQWpDjsuqpsHKdgMgydEva4a9zh2PPSC8NhvdbTJhvc1YrqMqeMRuCFjUxFqxnfswuCWi,10,2161060328332881517461661591674393940,28757470,28794329,,,1
2026-08-24 16:00:12,ydvA86H6UYbApdyc1PG2TA753NX2GdE3aecV82gXGrMSYDxgEwKsiZcvrWmz7A4n9CpBmZyu6JNkWqfs1FLPXiY,buy,GOOG,6a2yZjSpCncEyiPrB3ifnAJdqJVUNymu7vEvLCaySqmp,26DbLxVUgQPmmwwFNpoWbeTuCT7jn8f19cFZeRtzNwyW,HmX59GEBTNPChD34kfKpwxNdYx3LF8o16TpvMGwvQAEC,14000000,40312061,347290599999999000000,48,1,2026-08-24 16:00:20,5j1W4LUmxeNfqz18quEWYD6hXkzYbUAPFxVxh6S1Lm5ktx19evKt4rzjSToGf53nLwHVXqa4n9ATtjfdbBaERrQy,8,2161060335587662810757567139616282613,40268495,40312061,,,1
2026-08-24 16:00:18,3LkTrfE8Kg1cuaP1nL85AQkUw3QcwJuSoLCAiGiWDUiwN3d4LYNCUtEEc8SEuzpYz8X3geLZv7AHubRuTiwrG7bP,buy,GOOG,6a2yZjSpCncEyiPrB3ifnAJdqJVUNymu7vEvLCaySqmp,26DbLxVUgQPmmwwFNpoWbeTuCT7jn8f19cFZeRtzNwyW,EUUcc8kKwB82T4ecYeSh18wZb9HaCtKMfnXZoCfvStsR,20000000,57588659,347290599999999000000,54,1,2026-08-24 16:00:27,3m3HTBXUr5EBEpSAT7CW8AJWEgDCpeDh5D6towUpgyGhuxCBJWKyUeQdGb8PGoPmTRVh6KDGaZU2QFxWNpFBjep6,9,2161060342910122701644294999457274751,57534451,57588659,,,1
2026-08-24 16:00:24,5K4Jkvdze6B6MFcoSCatCYBhx3qD2DpkGfiPx2v7DbLrbwKoHVyr27CPa4MtgtV9SubnFzv2M3xTHM346gQWXRoc,buy,GOOG,6a2yZjSpCncEyiPrB3ifnAJdqJVUNymu7vEvLCaySqmp,26DbLxVUgQPmmwwFNpoWbeTuCT7jn8f19cFZeRtzNwyW,BtAgVwTdJYbbFTLofHGJUFoxsmdRU1saF3kSg13dQfJp,26000000,74865256,347290599999999000000,60,1,2026-08-24 16:00:33,VPW2fzhnpC9geZUahuHbWRtaDfJeZYGBwfXemVo82HeKBgYroB84mUvgPCczvDS8saqbxKFoGkvSx7JAssxJd3h,9,2161060350116527076736781487235937515,74800838,74865256,,,1
2026-08-24 16:00:30,4E8ddXjAiF1VAwJ2sz8svmfoeXZ1ijUWVx2MSVpRsr37Yf4CQkha1W278MniJxCQhwU22hiYUoUJNEi5qMfi3jVh,buy,GOOG,6a2yZjSpCncEyiPrB3ifnAJdqJVUNymu7vEvLCaySqmp,26DbLxVUgQPmmwwFNpoWbeTuCT7jn8f19cFZeRtzNwyW,DBZ35UZmVW6UbhAZ5Lm2cLZtSS1gasbFsU5Q5an8HqDV,50000000,143971647,347290599999999000000,66,1,2026-08-24 16:00:40,3C2cAeZXGscyNGdPt5xsetKpds6YfaGGszkf4mDKN9WHCMXJd33rVbc28hvjPAit8K5n3sZMxP1iQSGSsxyuHPG8,10,2161060357727938370907956118956378056,143885927,143971647,,,1
2026-08-24 16:00:36,4L9fgcGdpbbzAkXLpJ7GXTZ7zD7Viieehus2W4GY1jZSQjiNVNW9PyfrFVcHEYsb1V2tn7atpUaCmyb9Yde4dC5W,buy,GOOG,6a2yZjSpCncEyiPrB3ifnAJdqJVUNymu7vEvLCaySqmp,26DbLxVUgQPmmwwFNpoWbeTuCT7jn8f19cFZeRtzNwyW,uC5MnSrMESuEqJeek6jxVftTyWw8gF8AbKtToZrPtoX,30000000,86382988,347290599999999000000,72,1,2026-08-24 16:00:46,8744i5KVsGjLao5ez8nmbb8x2xc97jDNCQkJ6DgC7RLmExAreUHuQZabiSwK4i6fZBtD7kWcQinLmTYQLRVvVkL,10,2161060364988750845997765823275962356,86322527,86382988,,,1
2026-08-24 16:00:42,i8UGF5FXsmTfKQ66ULtJyquhExQw9cYhzrUmYTUj4jFxRLJ3zHfeM8ZjhfAzUHtGD6R1NqTBYqdsRb2aogPgxoB,buy,GOOG,6a2yZjSpCncEyiPrB3ifnAJdqJVUNymu7vEvLCaySqmp,26DbLxVUgQPmmwwFNpoWbeTuCT7jn8f19cFZeRtzNwyW,Ebj8iiBr3A8qXcpcTr8E3bp4QC4xUVW7g5yMYBEUXepc,2000000,5758865,347290599999999000000,78,1,2026-08-24 16:00:52,2dSNUw9uuUzLH7th1Reenceub4fv2rUaFkdRnW2twksKWzUR5k5USmEt5E7gvWmrUQsUQV69p4iEEBdwj7Pfj61Z,10,2161060372036792541904996395464617402,5726124,5758865,,,1
2026-08-24 16:00:48,5cmZEQ7SqgMdbVHy5YX8kBxGfy8yWFWRrCZh4sAUkzqQBUPiQhpvswF5mwzVs4dCjnvid4EiBffPVLNSjjFjLToT,buy,GOOG,6a2yZjSpCncEyiPrB3ifnAJdqJVUNymu7vEvLCaySqmp,26DbLxVUgQPmmwwFNpoWbeTuCT7jn8f19cFZeRtzNwyW,2RxJAuih7496Y4r9XfW5r68We2S4FCGdrR1Xiy4ktLry,3000000,8638298,347290599999999000000,84,1,2026-08-24 16:00:59,4sbnf9WwC2Zfy5kzR883d1Lnm2vnXhtPJT9HrsNDPN5GTroWzGYbMRJx8WqjwBZBQXckEVGGBhWsyyt8dbAgJTPs,11,2161060379182716815744105372580899769,8604366,8638298,,,1
2026-08-24 16:00:54,3wiGxeqDbNC1sLm4AzskoieUBmpiuxPwZN8eRn9tJRR64JHJ1SWZ5ehzzns4FekKBkmQJEJ6UKLSPe3E72dWRow6,buy,GOOG,6a2yZjSpCncEyiPrB3ifnAJdqJVUNymu7vEvLCaySqmp,26DbLxVUgQPmmwwFNpoWbeTuCT7jn8f19cFZeRtzNwyW,4B29uxeyhJBUDABpVymrASxpCLvLbo1veAe8ZbVrk6ct,4000000,11517731,347290599999999000000,90,1,2026-08-24 16:01:04,4XKfU9pJiEXZ3QBDqoqB74u4yoQ1AVgCR6zmRJdhXmNtdY9Z71x4ntTHbTtfrWjM5jYsXDHCMNfbY4EXLk32iPz8,10,2161060386693805695160112048960417782,11485716,11517731,,,1
2026-08-24 16:01:00,2JRw7bPf6dHqpUycXkjZb7h8fM74kDcLYxgv5ag4iu36Pmnvun2cPNi3JBiG223R7PQfjC8K4Fz6mnraGSb38ACM,buy,GOOG,6a2yZjSpCncEyiPrB3ifnAJdqJVUNymu7vEvLCaySqmp,26DbLxVUgQPmmwwFNpoWbeTuCT7jn8f19cFZeRtzNwyW,CQEHXyM3tGej8LpC6hQu6UToZPrTE6deD3eCYo4QVEAR,6000000,17276597,347290599999999000000,96,1,2026-08-24 16:01:09,5zz5JzdRxak8p4QieQFx8FxRwo796Jti4VUJfjyjbS1qSZswhTDgiXz62ACUkwoTKpPLqsnQLH8KBXWN9jB6LhZV,9,2161060394018670431356066627221347937,17239592,17276597,,,1
2026-08-24 16:01:06,1232zEaXNBSdkFwPTWAbo5KqhE17c4mKhFEuyjtTt3jyZV5uf4UCoxLCyxmZV19yCLmYMpoehQ4phayY2nY4Q6Zj,buy,GOOG,6a2yZjSpCncEyiPrB3ifnAJdqJVUNymu7vEvLCaySqmp,26DbLxVUgQPmmwwFNpoWbeTuCT7jn8f19cFZeRtzNwyW,A2g2S1yEDHcLJsL775Kymc4xvxQCAsVUgbXuemLfVKQY,10000000,28794329,347290599999999000000,102,1,2026-08-24 16:01:15,3B6HvAtATQDz4F7ruiNMT6fcmvLdr39sre2n3GmJyEi4NGgddjQnSN5J4PJf9Bp3eQeBxkdpdB2fYKZsyJCUNva6,9,2161060401345982198498114030030207491,28747539,28794329,,,1
2026-08-24 16:01:13,4PaPNfWCrnNLmGSA5PH8mW3Y6Ck7mZeMLrtD9mFbxYLw1xrGC9eYG1oS3kg3yzoXc5Sc7t3VppYwqaondtFqnuUM,buy,GOOG,6a2yZjSpCncEyiPrB3ifnAJdqJVUNymu7vEvLCaySqmp,26DbLxVUgQPmmwwFNpoWbeTuCT7jn8f19cFZeRtzNwyW,BoS8J7oXxhJS5wocjQ8V4yKt9cL5wXsPHR7pKgqXQLcu,14000000,40312061,347290599999999000000,109,1,2026-08-24 16:01:20,qE2oJo5qLvgAdmgNj4VGHB27u6pP7Qbs4Fkccvig5JVtzLqcfad3hk17nuERenkpUkSwcPAhA4csqShX5V1jZZu,7,2161060408976699504580976524341017818,40247179,40312061,,,1
2026-08-24 16:01:19,4fjL7CmryzqnBHho4k8Zd2VrPq3HyYgUGsU2ZG7hCtqErELpfApr5w8yJhYjrbFW3vRSgF2TVuA9x6Lw4pcgaQJv,buy,GOOG,6a2yZjSpCncEyiPrB3ifnAJdqJVUNymu7vEvLCaySqmp,26DbLxVUgQPmmwwFNpoWbeTuCT7jn8f19cFZeRtzNwyW,HdHz1LqcPCBQjpKHehovPFSjjLHwnjxUBpYrQBVeMWFx,20000000,57588659,347290599999999000000,115,1,2026-08-24 16:01:24,2Jnwmv9UJUHBoiveLjU1wwv9Ld59u87kk2ehSCR1V5Y9W3zFnaXYPxd4m5zj38BQDuCpYzCGzgYh9uJsKpWUbHJD,5,2161060416125079094885477541861996438,57500028,57588659,,,1
2026-08-24 16:01:25,5CohaW6Zc3Gs3Rc88WRWhcr5ccUCGzKaQHj5hzqTXjTuqXT4QomJiPKV43Yfowy619nnKwduY2UBAJGGhxp3vQnJ,buy,GOOG,6a2yZjSpCncEyiPrB3ifnAJdqJVUNymu7vEvLCaySqmp,26DbLxVUgQPmmwwFNpoWbeTuCT7jn8f19cFZeRtzNwyW,DsfuVkYBHzFZpb2JBVwU2WYsKPHLYPKhw6srXHGJTKiA,26000000,74865256,347290599999999000000,121,1,2026-08-24 16:01:34,4EWNndmngan5XEfnSqw8AFgWMgAYwNsJszbtpHogKibnWmQViKMDDfTXpB92GKmYoRTmdJgZy4Jpc4FxK2kLQind,9,2161060423557575342251021202719927133,74760817,74865256,,,1
2026-08-24 16:01:31,5FMP7ndXnEUF5THWCPbwrm4NMKe9g2svtsHZP16VsbVjc3ZKDe2v4nMoLHSZC1ubfSMZNDDshh8VCLwj2cPURU8r,buy,GOOG,6a2yZjSpCncEyiPrB3ifnAJdqJVUNymu7vEvLCaySqmp,26DbLxVUgQPmmwwFNpoWbeTuCT7jn8f19cFZeRtzNwyW,7drg6VeagSTX8GDKQUWrgFAh6iDsdpBnwpDyNXxApTFh,50000000,143971647,347290599999999000000,127,1,2026-08-24 16:01:39,3onNQi67o9iR7wGC7pPazGKfR6eBw2DmirnXNgUBso5yYhbVtLsJeBSv1TYeQGx9GmgfF2Wjer7P5cy8Y27GuyVy,8,2161060431017847222587558578339061603,143788255,143971647,,,1
2026-08-24 16:01:37,3W4zyeLi3sNpSSShTb1AUyrH9h31x6Kr9U78StvWhzRWSqF6RGqsSyuGi7oDwBGy6eM9hB5efArtNqByREcC7HcU,buy,GOOG,6a2yZjSpCncEyiPrB3ifnAJdqJVUNymu7vEvLCaySqmp,26DbLxVUgQPmmwwFNpoWbeTuCT7jn8f19cFZeRtzNwyW,8wGkKAQMjALmgjZhabuWmAPX9X5m4w12rKYo1F3rLKiE,30000000,86382988,347290599999999000000,133,1,2026-08-24 16:01:43,4dAFsR2HxLaTZyYtnX4Epq4zm8qrCuTVxV85JeKV3fJ8hmYw1o9SBo8v8xHQSBgumB79zoz14MopjUkx8PWksYTg,6,2161060438462410042585339118236299834,86278323,86382988,,,1
2026-08-24 16:01:43,5f6DFStGNHgs9K8c9nWU9JpLmCyiAvCz11BTCqt2N4fWbGAHJeYm2H8cQeURMF5AGjBtPgMwbv3UaV2xmcsN91o7,buy,XOM,DwBR6tLSWzQ6ZDMJ7h49p7y6hQtE5gBxwEfQfLUmZuxF,26DbLxVUgQPmmwwFNpoWbeTuCT7jn8f19cFZeRtzNwyW,2wUrnAZ115nWHgEJBKhDBBXfPj8SDF7cD1rCqwQBkYtL,2000000,12288031,162759999999999000000,213,1,2026-08-24 16:01:50,JGBStBEyR8duQJSWhrUF4k8pmbKLUHB8yMQ66bQdZrvDnhMPLtHhFEE7UwyfoqMphZcVVZGH4GrAgZwK3zVaT73,7,2161060445868294555105334332900050888,12234709,12288031,,,1
2026-08-24 16:01:49,iGfVzk3zTQ7Tys7vRCQrW3CizmLq3JmMVdksU9NLT62136qWGgyRc7L5D9uEMwRihoVic8wArSoXVoBDRxyagLp,buy,XOM,DwBR6tLSWzQ6ZDMJ7h49p7y6hQtE5gBxwEfQfLUmZuxF,26DbLxVUgQPmmwwFNpoWbeTuCT7jn8f19cFZeRtzNwyW,J9ABvvigooeKgppVSAondNW3xNnLrCg9KFs9C1LHwWJ7,3000000,18432047,162759999999999000000,219,1,2026-08-24 16:01:54,U9TEiyqQUfEhUa9sqpEkN9Mkz5MRtxHhaYDoAFqi3vr23xBpSx57SzHtv668u26FrP3Vwe14B9ZS1N9mVQHdUhs,5,2161060452944143356916009045465447837,18382578,18432047,,,1
2026-08-24 16:01:55,5osss5mnpN6UqgiiSqWmSSjbn9uGWPPhkKC1E6kPwv1JNdjpJ6bWUjztE9vb4ePkXWWJ5UfjrkkckmXxqGavk5cf,buy,XOM,DwBR6tLSWzQ6ZDMJ7h49p7y6hQtE5gBxwEfQfLUmZuxF,26DbLxVUgQPmmwwFNpoWbeTuCT7jn8f19cFZeRtzNwyW,HNqFMLnL8Jxf2z82P5q32d7zW29c8uiPixr7uQTj4t14,4000000,24576062,162759999999999000000,225,1,2026-08-24 16:02:02,4sQVV1VnrvcstCw8anNQtcQQzsT37FDuhiHbNic5VvBrjkWTfrp9erNU8cDUW5fsGvzG5eVNLo6xJ7QcGDNum1da,7,2161060460298046180903001059383083888,24526376,24576062,,,1
2026-08-24 16:02:01,35zJPAzURxFuvBkSF8fWkxGRJrcNi7UbQmX469beJHtB7fcWUrWkXdBBHMaYTSbnfB4Trzak4y6iE52jQjhWRom7,buy,XOM,DwBR6tLSWzQ6ZDMJ7h49p7y6hQtE5gBxwEfQfLUmZuxF,26DbLxVUgQPmmwwFNpoWbeTuCT7jn8f19cFZeRtzNwyW,BEBFyKDf3brrtfbMHoRTw4nZbjhLcUmojxvdBuxqTcz3,6000000,36864094,162759999999999000000,231,1,2026-08-24 16:02:06,5okhAJ88E8CG5VUNuKbb2tBy3hUCoePwyqnqd9vVT67dtE5oFLyA7RK676LmWCbZdGPUkZxREChSC1dxgvo98eHS,5,2161060467591478513614927375378264681,36823468,36864094,,,1
2026-08-24 16:02:07,TrbqiuxCEUuJiNf1ELSGY8HHSnwTsdJ2wLPwYYydSUm3h1XKhPPcbz8Y7aJ7tq4nXpcv6ybeJqKfgjuUv8X8PDU,buy,XOM,DwBR6tLSWzQ6ZDMJ7h49p7y6hQtE5gBxwEfQfLUmZuxF,26DbLxVUgQPmmwwFNpoWbeTuCT7jn8f19cFZeRtzNwyW,AA4xMhijtQMxXpZ8ZueCwPuuna16q1bd8rG8P8qv7miz,10000000,61440157,162759999999999000000,237,1,2026-08-24 16:02:12,SwgUnCTjXQMbZPLnq6fCGvjrm7h6UMPbkUS8UgL6d9CmZWZWqys3fis4doaLtsV2W1S7U4eMVeNQzhjWhGwsT6r,5,2161060475084402385011214386678567162,61416451,61440157,,,1
2026-08-24 16:02:14,2zJZLxHTcwN9t4Qr8eTsY9DP2tdprEwF7X54cs81GrpRDXumsybssE21qghWHgBtrJuMwJsPxFFzUXKNnvjuHV6p,buy,XOM,DwBR6tLSWzQ6ZDMJ7h49p7y6hQtE5gBxwEfQfLUmZuxF,26DbLxVUgQPmmwwFNpoWbeTuCT7jn8f19cFZeRtzNwyW,E2c2xuC1qw6WTyrmSMFWYfJYi4oyBTnj1gfQgEwucuif,14000000,86016220,162759999999999000000,244,1,2026-08-24 16:02:20,63VmJ2L1owxibP584JE9dWncMWCS54SDC6jZ44ZYi71EeHxRmKK85ekLfhs2zd4ds33Yv4zpHPinVHdMX5g8FtgB,6,2161060482123975180631510410992922779,86008680,86016220,,,1
2026-08-24 16:02:19,4ykEEuBiypBhV55yhon2snRHpebCE1wtWqnhfSo7U93VK4CkVef8AQNrS3VDLH6EJVy2kCUJtUYNkNkvnjgwV2k3,buy,XOM,DwBR6tLSWzQ6ZDMJ7h49p7y6hQtE5gBxwEfQfLUmZuxF,26DbLxVUgQPmmwwFNpoWbeTuCT7jn8f19cFZeRtzNwyW,AdKukZdS1qMzjYSVRG2MK26K5xPMGSkrZUDXpqUktRb3,20000000,122880314,162759999999999000000,249,1,2026-08-24 16:02:25,4Z9ZEuc3Ck91HHpVYC3LowxncjbgUpEkmFPqj6veuHnbvP15Z5mWcsYYmjjGAh1RC1twkA62gocUYGtFUQgSA4TX,6,2161060489679771019734125253401028791,122895891,122880314,,,1
2026-08-24 16:02:25,5F3BPESgnJAjLyz5w3dothQkYFLDyiD7BPLApdgJax2DwJGzcvbiBtX6tjKgw89SCQZcvxZiW5mQQMninRDpYuDy,buy,XOM,DwBR6tLSWzQ6ZDMJ7h49p7y6hQtE5gBxwEfQfLUmZuxF,26DbLxVUgQPmmwwFNpoWbeTuCT7jn8f19cFZeRtzNwyW,B8RDKWEkv1n88T2eWJnJfm5bCgcmrjTHcp36WAV1wAEk,26000000,159744408,162759999999999000000,255,1,2026-08-24 16:02:34,VcAnakSsCwTh7iBqZZ3vatzYvLYHJLxzPLFpVycqkPpdyox1tpok8y33ctYZsAxy9eyitFmg6Pmq1TmXmaEyMJp,9,2161060497059040461548394671348120229,159765423,159744408,,,1
2026-08-24 16:02:31,5jmcqgVETGL2qkAUi36jx6F5upTaRgentdusk1WDaNRp9uXe33F7JwkcKRuJNmV5VGGMDWjQ7xBrpqmZk65jiYsP,buy,XOM,DwBR6tLSWzQ6ZDMJ7h49p7y6hQtE5gBxwEfQfLUmZuxF,26DbLxVUgQPmmwwFNpoWbeTuCT7jn8f19cFZeRtzNwyW,iPXW5yZmcS5LqLs9rLoUZw1VU2S5sntDZ1dnefu8TMu,50000000,307200786,162759999999999000000,261,1,2026-08-24 16:02:38,25F1AbMGCC3ahdf7q7dUGoqencXFD7xemdSsXaTcy6BYNpx1nJFfC5geNQyfYdCZkoHMFiUgBVCYmyAnLd7so2LE,7,2161060504250939863621699057117186694,307275275,307200786,,,1
2026-08-24 16:02:37,G2XiEUVhXdPzxtumjguaGuAYqfZYzwhRfhorJPCyaJdQygyMWb2wzhqspBE9ijiTz771cN6x6cPM9YctjEwcwoB,buy,XOM,DwBR6tLSWzQ6ZDMJ7h49p7y6hQtE5gBxwEfQfLUmZuxF,26DbLxVUgQPmmwwFNpoWbeTuCT7jn8f19cFZeRtzNwyW,AQ5kN1N2aA9WMyCANwKVuFsc31MCHYqWFX7oMRXxU8c3,30000000,184320471,162759999999999000000,267,1,2026-08-24 16:02:44,2ZZhNQx2AVAptkEPDJdFZhe9rWxD2Fp4PJWX1edW1XVCnWb7ftcNdpVPe31UeC6TQzPuogi26X6M5hgbi6ha8Rb7,7,2161060511309853445081418244196304535,184383645,184320471,,,1
2026-08-24 16:02:43,37LBe9BqS9DTGq1EQVzgTBARcydis3GPZmnz4YYBZudP8ARw5U91Zpv4iLXLJRjrC5BChZw2fDddPEnMgYwsjvyx,buy,XOM,DwBR6tLSWzQ6ZDMJ7h49p7y6hQtE5gBxwEfQfLUmZuxF,26DbLxVUgQPmmwwFNpoWbeTuCT7jn8f19cFZeRtzNwyW,G3cNacyW4c6P8BozQfCXN2cuvU8qyS3GTiCDwDDQR7Fn,2000000,12288031,162759999999999000000,273,1,2026-08-24 16:02:50,3UbrfSzYvovnhAUFzbNH48kayDKjZBMRbwNV7GS3qLJkjo4SWiCLkWapSckdViTHRFHETUvrNt71HcN2qbEsiHCd,7,2161060518553755424686569520286488238,12233205,12288031,,,1
2026-08-24 16:02:49,eSn5DwJ93G7qScCjC7KuqXPLdUXuoFr3oEFyQUsd5oNmJSNfWCpM6djVkFdmsSBj1kEoB8L1rtitbLtmxUT5VKd,buy,XOM,DwBR6tLSWzQ6ZDMJ7h49p7y6hQtE5gBxwEfQfLUmZuxF,26DbLxVUgQPmmwwFNpoWbeTuCT7jn8f19cFZeRtzNwyW,Cmo2Da6EnLNiS1n7PekwCgivew8YSVa7hSLsmQtaYpDp,3000000,18432047,162759999999999000000,279,1,2026-08-24 16:02:57,5wHMXPQt9vUafr5xYZQqSrPDXtkwTvSp5mZHtLcSKVdXc28rP3WHmzh3aSiZccskPt9UBHRZHwDG5LsSKJYZuYgL,8,2161060525825440908332519147392696265,18380770,18432047,,,1
2026-08-24 16:02:55,3As4uPdBCbP5z9AtkY9bkgmbDEj57FVhW2JrXa1EpjyXn19uWDBsPY7rnnnhYxi2uSFN7tnicpqR91sMT6NCafLd,buy,XOM,DwBR6tLSWzQ6ZDMJ7h49p7y6hQtE5gBxwEfQfLUmZuxF,26DbLxVUgQPmmwwFNpoWbeTuCT7jn8f19cFZeRtzNwyW,3pNxzJTmZqbP5rwbGsEp7a1V1K4yhYrRnoJDdw8Y4FcL,4000000,24576062,162759999999999000000,285,1,2026-08-24 16:03:03,5NXiuXUXk34uBNbGGUvKe3fNnfU4o59tUfGG4yFdQemVogFxQ519XJ9DV9QJSzrZsHoFZ2yyHHrsRK3AmjH65LXR,8,2161060532927867832717372374721204055,24524567,24576062,,,1
2026-08-24 16:03:01,2DFVaZvhHCQpJuoS8qDQf9zejdUYRUGP9zPg25KJt6acQsSKvx3jJ8Peaom45U4otRpuF2uSm8LdLuvkGrXzzyKU,buy,XOM,DwBR6tLSWzQ6ZDMJ7h49p7y6hQtE5gBxwEfQfLUmZuxF,26DbLxVUgQPmmwwFNpoWbeTuCT7jn8f19cFZeRtzNwyW,35n24r5WzsrEwmGKHa6vVbhPQ45jQEv1EsqgLk4975YH,6000000,36864094,162759999999999000000,291,1,2026-08-24 16:03:09,3ofx3gx9B4y6iyeKYZVxtuFKXFcmVFNF1trhYKdhMUnZq5tmVSbVmN1c9QHLEgFVGhCexLwWC4G8nABSKwShhCon,8,2161060540135491058480478801982485498,36811701,36864094,,,1
2026-08-24 16:03:07,2dCtgrMfG4bndvhY2Hz8Rk2CMX8dzfxQGu4SrZK95pd4aGdcXQB5Ns8AZd8MhCMZX3p8yef2pUHm3QDmEr6NAgks,buy,XOM,DwBR6tLSWzQ6ZDMJ7h49p7y6hQtE5gBxwEfQfLUmZuxF,26DbLxVUgQPmmwwFNpoWbeTuCT7jn8f19cFZeRtzNwyW,F6Dp8kCyn8hDaqTE1i69uXzMKLsup5NzXsVWRsMoPfM7,10000000,61440157,162759999999999000000,297,1,2026-08-24 16:03:16,38Gs9nZWdHLdou4JrKmhhS8dY2t4bBp4pYfBN1Ribhgfp1z8w9DwD3AHtypAknBL5mMSmKGJjmWC5gw75ezNvmZT,9,2161060547362431675700269256239884549,61390787,61440157,,,1
2026-08-24 16:03:13,3p3xHTrA8uaPezayXowyFUNueqX5hyRWT2rncewTZbc8Pbc1iRYJxDH815aqa7GDwLKptNohURYmCN3qme1DXnP6,buy,XOM,DwBR6tLSWzQ6ZDMJ7h49p7y6hQtE5gBxwEfQfLUmZuxF,26DbLxVUgQPmmwwFNpoWbeTuCT7jn8f19cFZeRtzNwyW,5CovWDmTKTS3mLFWbkwmXxPbfJuoJQWJ1K7Q9WzdJp5R,14000000,86047940,162699999999999000000,3,1,2026-08-24 16:03:21,5GdWGGFMyyAWe5iaZ19Rbm1239agjZB5HEBdyzSwPv2EL3y2PeSbMZcyCkHQQnUX8195yUdAUbnrffJqid5bw4mN,8,2161060554554339088982592244981839550,85990706,86047940,,,1
2026-08-24 16:03:19,2BozXpsfkENgrEFH8dGpBKbEXGhfU5beEaTMZXrS57bfAtvHinSGLy7KNcEAkgetZdmUrMJEorS5YUSRM3T9YccM,buy,XOM,DwBR6tLSWzQ6ZDMJ7h49p7y6hQtE5gBxwEfQfLUmZuxF,26DbLxVUgQPmmwwFNpoWbeTuCT7jn8f19cFZeRtzNwyW,BmQnc5AmYJoacxUhvPrsB8yBSaBfJvyCXnNdcLcK9WrR,20000000,122925629,162699999999999000000,9,1,2026-08-24 16:03:25,4cEmXM3j3KkVwKv4YWfwZ9bSBKfxfr8z9tZa2V297CYKsiyDQzztXR3sXWpdmw22cHyge7mMtVFpNadViUc8gQvc,6,2161060561821187801009207472985844991,122895891,122925629,,,1
2026-08-24 16:03:25,7eUec4eo8PVQqqyJUGDM4h2dWXuD9fzRw64mre61qJxHapVGD2111ED8GMGscMJMXPpZqtBmwvk4MsaXVJF8VxA,buy,XOM,DwBR6tLSWzQ6ZDMJ7h49p7y6hQtE5gBxwEfQfLUmZuxF,26DbLxVUgQPmmwwFNpoWbeTuCT7jn8f19cFZeRtzNwyW,6H2nThrEG86FH8RGViffTNpzYpYWopPkUvBc8wGFJFsP,26000000,159803318,162699999999999000000,15,1,2026-08-24 16:03:32,3JfuCMVBQEKbPpempFGpVwv5ryAMj6GpjiSgLN3uFAHEF8oMzg92aPMsXFR9NDHJAbuxgD72vmavnG46pMstrE3d,7,2161060569207735846315134241847533118,159802752,159803318,,,1
2026-08-24 16:03:31,2k2NvTpkVxMrMz9La7bKadBkR31FaGmtSkTtRN1ubJssdekSYj2ptAVdwSh4mVwdpbsh49Be5gVJST7ZezVL31B9,buy,XOM,DwBR6tLSWzQ6ZDMJ7h49p7y6hQtE5gBxwEfQfLUmZuxF,26DbLxVUgQPmmwwFNpoWbeTuCT7jn8f19cFZeRtzNwyW,3Etgf8npUw7qVdCtt1GrNsXEJggJxPbnWBibdbzxuByf,50000000,307314074,162699999999999000000,21,1,2026-08-24 16:03:38,dsj8stccYqCAx1jBcAhdidFfcKkhKUaouNhwkCZXbX4yGxtMCdij79F1VdcxNSTYqDfmiegPut96SKmefzGmM8x,7,2161060576342837928294591868104714577,307392421,307314074,,,1
2026-08-24 16:03:37,mZv3jJSSXsigSX3rwm6Ns7K8yWuJ6HYLPW4xZrhQY4J5xQHeFGo5LuA1p7gCTLPy3e91Mq1SipsYCZtrmyqAUne,buy,XOM,DwBR6tLSWzQ6ZDMJ7h49p7y6hQtE5gBxwEfQfLUmZuxF,26DbLxVUgQPmmwwFNpoWbeTuCT7jn8f19cFZeRtzNwyW,3HHdcZuwkoQD6bQNhLxhVj3SLgQjXNcHDDaCXGnHYh1T,30000000,184388444,162699999999999000000,27,1,2026-08-24 16:03:43,5Zi7aApDWY5QxDreUKmqFJZc3Mfoz7FDSrrBigtdYTPSR8PJEKAwDXpZdPmN92vDhpThUA23wSsL2JAjmqZdYk9M,6,2161060583606056193055919831788426130,184424465,184388444,,,1
2026-08-24 16:03:43,49FJtNzURyToAESC9g2Kiz4ooDtMSSjqx7N3X34dbT9JJ4gqLVWSHUx8GrQsfx9ZT3pqSE1U8BynEpHDtUJd5t5t,buy,GS,HbCB8kGqwaQi9Q1K9EvYjfbMnFjaAUMQAeR3k7PDAKin,26DbLxVUgQPmmwwFNpoWbeTuCT7jn8f19cFZeRtzNwyW,E8f95AgDQQg6qWYd8pmoL5YSWPNq6NxGJGMuwj1vCaju,2000000,1932665,1034839999999999000000,78,1,2026-08-24 16:03:49,2oEW3ZhsUXw3wThYtmn2bFLMY3tGoXBFJK3NRNd7EcuFNQyHVjdQ3dC7M2HSWzebRxwGx1Rs1PRDvVzWAKSTsnt,6,2161060591205361569329071679566632727,1921906,1932665,,,1
2026-08-24 16:03:49,39e7749E4K6d3mm7PSHZQBmSojzStwMhLoJqgVrKNG4yRPU1Nfms8Ln3yXCNkiJw6kJgmf6etEAKzEM18xHCKqoU,buy,GS,HbCB8kGqwaQi9Q1K9EvYjfbMnFjaAUMQAeR3k7PDAKin,26DbLxVUgQPmmwwFNpoWbeTuCT7jn8f19cFZeRtzNwyW,6XHwjnzFtE98bDSmCWMNchGCb1S4fLCfuxbLNC9Y72D,3000000,2898998,1034839999999999000000,84,1,2026-08-24 16:03:57,54moCmVPyqNhgjWKVK7jyRHdZ3iucViWre3S3XjnJtCgYXt4aga6hMKt2HmQATyJ6c5p6Dxgf69UqXz7V9jrdK7o,8,2161060598755104566729251389526229920,2887856,2898998,,,1
2026-08-24 16:03:55,5DH7UBDNcP7LYhQjiAuDgfvM74QCyiVojNV5vepCPqesvzxD7Uwg8dWXboy6wDWpDw2Mofn9fLhPgTeHMeqWKoy7,buy,GS,HbCB8kGqwaQi9Q1K9EvYjfbMnFjaAUMQAeR3k7PDAKin,26DbLxVUgQPmmwwFNpoWbeTuCT7jn8f19cFZeRtzNwyW,A7Duexwgz2ZZPvLBqtpsJFTe7T5CyqPbnGX24Y5SYHs1,4000000,3865331,1034839999999999000000,90,1,2026-08-24 16:04:02,2TMYCZmQ2v3qPx6H6KdxwwWZ7UVh5j2Q1fNGFnMGvqdn3YZQHqcp5zqbWPSz52wGUerPCTCKEawqdP4MkYjMYcoM,7,2161060605861146609696856285137853686,3853694,3865331,,,1
2026-08-24 16:04:02,4XfUjZEiVqAF5cR9ftLFQNxFiS3eW74VuViWa5e5StLFAMUPYskCaG3pgmc9yH5mYDD1hrCCn12xYjcKbXT4sRz2,buy,GS,HbCB8kGqwaQi9Q1K9EvYjfbMnFjaAUMQAeR3k7PDAKin,26DbLxVUgQPmmwwFNpoWbeTuCT7jn8f19cFZeRtzNwyW,KxkKr9Ug6anb2S3C963YRm79jbJHZF42iknxAEt2d6Q,6000000,5797997,1034839999999999000000,97,1,2026-08-24 16:04:12,2gWwGZ9sJreram7CqFitr9TohqWF3GVw1p7H2Pk6aoU9TUqnaJG8mybnUvX2q97ufnfsxfrVdwWygaekdCxSxuBr,10,2161060613396406610831157275535102858,5785371,5797997,,,1
2026-08-24 16:04:08,3pRpyEF4kaxBR5kbP6wjkpodhgDGGKgSmqP8bRAoren1hMK3deU4F4bk84pghugJhJyDnb32GfK8P6Kgma8eogeE,buy,GS,HbCB8kGqwaQi9Q1K9EvYjfbMnFjaAUMQAeR3k7PDAKin,26DbLxVUgQPmmwwFNpoWbeTuCT7jn8f19cFZeRtzNwyW,CoWcJ1hfds8a7mgn7cZqQuPhVKEheSYboPcQzqx5DXgj,10000000,9663329,1034839999999999000000,103,1,2026-08-24 16:04:15,3P8cc3JC67DB8tKj1ojMrmA7ZAJyPr4zSixZhRn9YKGAjpwDfmqhBr3RGsvNmFHCKFcpzhYyKKpV9rMZrdoFzUvt,7,2161060620678955530540449910960660877,9648873,9663329,,,1
2026-08-24 16:04:14,4xin78iusCBvn4hndCujmMPN2evHkV2MAMge3GdeR31chjCYsKdZoyisjtKpnu2T52SmARUQ3H4SYwtcwjMDKmdZ,buy,GS,HbCB8kGqwaQi9Q1K9EvYjfbMnFjaAUMQAeR3k7PDAKin,26DbLxVUgQPmmwwFNpoWbeTuCT7jn8f19cFZeRtzNwyW,CJ2urKuUR5TJFBGLVvJnLS9y6SCm8nF9wroQnoXY1eWV,14000000,13528661,1034839999999999000000,109,1,2026-08-24 16:04:18,3Y3xdLcwANSKniwfQD53SUbXCPj2e5k6CnwbjXmUAw8jJZ2tLVp7VvToFj3REkzQo3gSgtokskbyf8ScjtHKeYXq,4,2161060627910743638849566400496646204,13512286,13528661,,,1
2026-08-24 16:04:20,26gpCM9YtpNZgorHJkmx7Gv12ua3hdXeRKjE5b6JWzPsWwU3FBVasLfdPSQkycGtjAWX8CxWAaUy4vxrbmDPF5sQ,buy,GS,HbCB8kGqwaQi9Q1K9EvYjfbMnFjaAUMQAeR3k7PDAKin,26DbLxVUgQPmmwwFNpoWbeTuCT7jn8f19cFZeRtzNwyW,58BPRmbJ3yc8m8fWuznDDLGM4K2dtv1A9WyXkDjkhSeK,20000000,19326659,1034839999999999000000,115,1,2026-08-24 16:04:25,4K7sCir6UzdKJfDLUTtLakobQFucGAwXQB5uas61DSw89xehcNHJvT5FPifS7B3ZvkB5TXuoe7QjrJ5L9kbSnnhF,5,2161060635144977804226164700655977748,19311882,19326659,,,1
2026-08-24 16:04:26,gKtC4dqu232fopBEXd2wvMxoMUpjKytuFAxnQWTuD34zWHGQq7G2tZzur7Eid538e8eYewFGALfeVXSgZWY4CeM,buy,GS,HbCB8kGqwaQi9Q1K9EvYjfbMnFjaAUMQAeR3k7PDAKin,26DbLxVUgQPmmwwFNpoWbeTuCT7jn8f19cFZeRtzNwyW,2RMCgFx3mkXQbQTabbxLDycZdDQaVFghdJgLMuJxRSw8,26000000,25124656,1034839999999999000000,121,1,2026-08-24 16:04:32,3KNSAyQyW2gppadk2UmVu96bRivLAEZjzuAJ4CMZ6BuHpcycpAVoUBmtus4XTMjtB7MwkMsqnaqui5WQAVkEvG2v,6,2161060642357425300008609355266770211,25108588,25124656,,,1
2026-08-24 16:04:32,3mVjhxdriduebAVNJZ72M8QqyxiQGJKxMq9v38U8pebLVkHZfpUsxpkgWW4WFHeU67uzdDno3qoktGvriv4LH9Rf,buy,GS,HbCB8kGqwaQi9Q1K9EvYjfbMnFjaAUMQAeR3k7PDAKin,26DbLxVUgQPmmwwFNpoWbeTuCT7jn8f19cFZeRtzNwyW,iF3prinLK3jUf92ZkfqLgRSxv4ePZDYdBS6XmoSKAz2,50000000,48316647,1034839999999999000000,127,1,2026-08-24 16:04:38,3SRhRskggneXL8HMSduPj6VYzgoKtAQKrjsFMjcAwemvYz4RmDY16FPzot33otPDzqEsZZwJSBSd4Mcz5xoqzfwK,6,2161060650110259643262940040687973509,48249263,48316647,,,1
2026-08-24 16:04:38,4Kh3xAcGquyeQ81XSi9a7FCvfbYA6n9xT9Z6uT9PMPqD33sf2QAK65jciD7WV9SktdAQrYmSJikErP3WYeHLTaBg,buy,GS,HbCB8kGqwaQi9Q1K9EvYjfbMnFjaAUMQAeR3k7PDAKin,26DbLxVUgQPmmwwFNpoWbeTuCT7jn8f19cFZeRtzNwyW,CRqo54jFdYzoTbssccatapJm1t5LwPTkLVWdRqtvXBzw,30000000,28989988,1034839999999999000000,133,1,2026-08-24 16:04:44,3KGks3GaWAwRz2wfZxybKn4cjL3mc9eRN7KgA2k4GbCM37sPm9SXQZNzc9jy2mmhXxy6RyyqLBhnUgJj1Y3YDxxC,6,2161060657277975018472894535842931324,28956429,28989988,,,1
2026-08-24 16:04:44,2jStTC1f2endTa76hZGQHKPGRNc3314GVHpnwB6LWhkCzVD8BUvXWGa3F5Nk9D23LzybUZMcX2FwuvQNny4XMCAP,buy,GS,HbCB8kGqwaQi9Q1K9EvYjfbMnFjaAUMQAeR3k7PDAKin,26DbLxVUgQPmmwwFNpoWbeTuCT7jn8f19cFZeRtzNwyW,BTJbQArR1LNpinwTvU2binVsVHGo4D6TyaxiaAXcqRDo,2000000,1932665,1034839999999999000000,139,1,2026-08-24 16:04:50,4NL1W3gU4njQLTEdfE3ae6MnKfn8kxpEst28iYh5R1JYwcCfsqrWsdRqPf63Qr2SLg7tt7LxZPxzXgbvVBWDyFgS,6,2161060664410645986486758720379782795,1921416,1932665,,,1
2026-08-24 16:04:50,ZCdmTzkjPAgmes2GSJgFeCdFt61zPVPCQz59HebqbPw925UMEMdeUT11JLqmYe52SgJB4fG1yMZxjyZghjm28e9,buy,GS,HbCB8kGqwaQi9Q1K9EvYjfbMnFjaAUMQAeR3k7PDAKin,26DbLxVUgQPmmwwFNpoWbeTuCT7jn8f19cFZeRtzNwyW,DVLTRMnUEcAPpzyL99rEveBuGniRG6e3jfN8eCwJxZKw,3000000,2898998,1034839999999999000000,145,1,2026-08-24 16:05:00,29fbzx2hmCT8JZ4FMhF6Z5jFaJXGAKSW1YPtVDceTFiJZEV2qxgD6RXikB8FYWEujxdCwmL616RiwNh4zKbeTdQU,10,2161060671612200804320542998417600286,2886189,2898998,,,1
2026-08-24 16:04:56,wWJQd76Epq1m6GYySDn66xvT7AqkkV3XdnxY2Jtvy9kLiuJF7TDby8dxtz314kPza6SmQ7pgifF4b1fUYYugc63,buy,GS,HbCB8kGqwaQi9Q1K9EvYjfbMnFjaAUMQAeR3k7PDAKin,26DbLxVUgQPmmwwFNpoWbeTuCT7jn8f19cFZeRtzNwyW,F7U9cpWnf2rPdKfzGmJoowhjuXrrwuwRTfikzFSzh9QZ,4000000,3865331,1034839999999999000000,151,1,2026-08-24 16:05:06,616B1zLhoPr3ks1LqPavQi4o6HjJNJfoaM8tUzdDF5k7D8ryhTqAeiQU9JpVq2ZbLEAXrW3vKbVjz9oBe7MJTCg2,10,2161060679149873084896295503560283518,3851053,3865331,,,1
2026-08-24 16:05:02,UYL4r1vdLD14viDqtkyTgyjxtrWzd7R5EtPHDT7i3nVKXgMcQeG5ctW6qoDZAopaTaQVY2HDz3fpocqanZDHbho,buy,GS,HbCB8kGqwaQi9Q1K9EvYjfbMnFjaAUMQAeR3k7PDAKin,26DbLxVUgQPmmwwFNpoWbeTuCT7jn8f19cFZeRtzNwyW,5zKpqxLFLwxQy8M1sLgVFSNnZCHJY2x7RwERhmE1X6N4,6000000,5797997,1034839999999999000000,157,1,2026-08-24 16:05:11,4uCA8VDkjFruPYs8uekyMBbWvsHUcDT6QMHe5VmZtHN9gdyeYZFnnMeqoarTvRFmdtdEzT29aBsxvf2ZfPzfBLUj,9,2161060686651240733039789960529877008,5781406,5797997,,,1
2026-08-24 16:05:08,28kZdwC2LVrLgB54wzCP7TfbcfDfVCvxbRkYXy2kwNBReAuDwZUHukaRPk7gd5v954TDU5qPDAmH8dGhV8PsncoG,buy,GS,HbCB8kGqwaQi9Q1K9EvYjfbMnFjaAUMQAeR3k7PDAKin,26DbLxVUgQPmmwwFNpoWbeTuCT7jn8f19cFZeRtzNwyW,H1RfJKXF9PQ9RJwhhnxRNySUPkc5YvikKfohmp4B4EQD,10000000,9663329,1034839999999999000000,163,1,2026-08-24 16:05:16,2dEBFc1Woqedjv2s5YsNiwCtNC2KS1NdFvAQ7XYr7gbhsr17QciTpdvGXJJifodP33Frz6ZpySyjFPrHCnQBCpXf,8,2161060693951952610585813340261830563,9646022,9663329,,,1
2026-08-24 16:05:14,2QB4RBKVN3nuByB9qoQ29grn8rxonhM42s94gUu513hAMHR84fywQQnrHDLQCMBXaL3JpBb2xFhXS58C4hufDaUB,buy,GS,HbCB8kGqwaQi9Q1K9EvYjfbMnFjaAUMQAeR3k7PDAKin,26DbLxVUgQPmmwwFNpoWbeTuCT7jn8f19cFZeRtzNwyW,CLxSNPyBi8jLGv6CbASXR5nyZydJ2b2osyHu8z9M5t7R,14000000,13528661,1034839999999999000000,169,1,2026-08-24 16:05:22,e7cQZheNoUcmD2HUfq5u73EYVQFSNiovf9DrMm8kNNsLU4pbtGuJyMjKnVkcV98dzBz2z47iJLyuZSE96uTAT3V,8,2161060700974598599502676836281147704,13508163,13528661,,,1
2026-08-24 16:05:21,4QYFg1gSQVn7zJNfxSDo6j33wjzc7SE5MHXB2U8d7zJZ8VQHoD3ZTf1pqBHzja3eKtLmjbNtizpNSt9BJpVPNKvL,buy,GS,HbCB8kGqwaQi9Q1K9EvYjfbMnFjaAUMQAeR3k7PDAKin,26DbLxVUgQPmmwwFNpoWbeTuCT7jn8f19cFZeRtzNwyW,CEtApBejfHLsEbHtzKSqThH7jWeAXfEJCTtXdBW3KgS4,20000000,19326659,1034839999999999000000,176,1,2026-08-24 16:05:26,PT3uZcikgxgRqqmpav16zxqPKTHcMxztBk1S83aeqU2tPmy75kkf3n5cRD9ifzem1MDqoZBR3NgmBDZuh4iYNuA,5,2161060708177394736312949324610532315,19301477,19326659,,,1
2026-08-24 16:05:27,5qUxpHuWrQuY8UDckVVUQcnFpF5jmGzywu1shZQTjpgNtqckkkxB9a64AUNHzkUAM8EiGWPBzAzADvyWc8LhefnQ,buy,GS,HbCB8kGqwaQi9Q1K9EvYjfbMnFjaAUMQAeR3k7PDAKin,26DbLxVUgQPmmwwFNpoWbeTuCT7jn8f19cFZeRtzNwyW,Ck8zA7DcphfC4cS6Xebu3ARefsrabQPFtcBdEmS5jW3T,26000000,25124656,1034839999999999000000,182,1,2026-08-24 16:05:34,4eS5vcRzNGAuZQhwGJou5UkQtyDhTxy3de8wfr9o1AoHZaE4ZUTSRqJF1ox5yLD1mP85GCSMsJDCaxALX8ZDGgSF,7,2161060715990673881240545370512035362,25094866,25124656,,,1
2026-08-24 16:05:33,39ZNARG2cA32J1TiDpKZvNSW42PA5hCPAABRZU22yiUAz99yGikYQRBxwdSXD1wWAxBwRJdX2eYjE1MBBYfxdL8z,buy,GS,HbCB8kGqwaQi9Q1K9EvYjfbMnFjaAUMQAeR3k7PDAKin,26DbLxVUgQPmmwwFNpoWbeTuCT7jn8f19cFZeRtzNwyW,7eFssWhEDjvVV7TG5wPF8d46gibCbPtnjFxwitnCgxsa,50000000,48316647,1034839999999999000000,188,1,2026-08-24 16:05:39,3jjxwTJhEBt5KHNDr3LajYQv81Ce9HJrc78n7xuh97rUsG3hZ1gKDXMX2au18j35hmbcg5xUPdmdRchZB1t61ZiD,6,2161060723573054260667910419278479465,48265847,48316647,,,1
2026-08-24 16:05:39,2mnYHNPsyxdBcbsYgVFX2rpw7mL76GrtrRsoHRXTxFnk418Dt5Qybrt2Jtciwa4r9YeG8nkTwYkq9t2jyr8uwC1o,buy,GS,HbCB8kGqwaQi9Q1K9EvYjfbMnFjaAUMQAeR3k7PDAKin,26DbLxVUgQPmmwwFNpoWbeTuCT7jn8f19cFZeRtzNwyW,66EAXxUZGX9GX23AfgPAcARDEL3pDo7Emyn3ykCsDXdg,30000000,28989988,1034839999999999000000,194,1,2026-08-24 16:05:46,co8W2SsXAsEm28HvJoZLD8qRoArypkUQmh1Nr8CQL9qp2dfFrcvi7vkeovT44Lr1HpiULYzw8rQMtCPYxg9xWhp,7,2161060730890675127180291438182501168,28955646,28989988,,,1
2026-08-24 16:05:45,65JTgdHEwZyiMsqCANh16UfBXfG4J78SNXbVNGzpzBZ3gzmNDib7ihcPLARCuECTRDFfTuqRdNAvEBG6ocgNTiDK,sell,NVDA,FkzjAJX584L1LncQb8AKSnGhc5sLvZjPGCgZLGpeHyTH,26DbLxVUgQPmmwwFNpoWbeTuCT7jn8f19cFZeRtzNwyW,FWK2k24PwSWu1oTjTwYGXAF7gQRQ9kLxCQk1hgv5GBqF,1953842,9287207,210379999999999000000,112,1,2026-08-24 16:05:52,4WWnMn6sarhBDan9QR9rbF7A8Czwwv2J7fofLmvUppWgKoamLH8jX4uzK47jNHwAd7rQLMUXV4iGMbmbSkj9Eanp,7,2161060737914542602165975159494405838,,,1953025,1953842,1
2026-08-24 16:05:50,5KUxmHtDErNCS5QxLQcDwjFch9rNNghSn4C8Bedtj4YWZyWf2Tbzq3ebYNbjfjvXujRN9pCr6mXTzXGUB6i2vSZ6,sell,NVDA,FkzjAJX584L1LncQb8AKSnGhc5sLvZjPGCgZLGpeHyTH,26DbLxVUgQPmmwwFNpoWbeTuCT7jn8f19cFZeRtzNwyW,CFUo589Kzth2mqDWDHEDbrbLK9H9Q4KCrLKg3vWJwKdv,3907685,18574414,210379999999999000000,117,1,2026-08-24 16:05:58,27e5taVnd9XEMczPLJxdNFwBQrFKq5DQvmo3uiFptuNJnAqqJmeCs3FpamQNmaRL7SJTWDrUWNfAXPnaiB8dJKhc,8,2161060745059314583829704052263425295,,,3903858,3907685,1
2026-08-24 16:05:56,4FaC4R8S2aLsCxqT5MJvWLLhKRDTmhd8m7Vm5wGHXHFuCjb4zJtTZFpXLerwYMLZbpADiugtsNv9NXpYCG1RkZcW,sell,NVDA,FkzjAJX584L1LncQb8AKSnGhc5sLvZjPGCgZLGpeHyTH,26DbLxVUgQPmmwwFNpoWbeTuCT7jn8f19cFZeRtzNwyW,9j9jJcW8V6ZDZv1SQ5VYKHKmAwPpNHUNmtxTdhnxwUnb,5861527,27861621,210379999999999000000,123,1,2026-08-24 16:06:05,4ggnrriYey3HpJu3HWx1f6ggMNdzAvKDMKar7sPpAmRc5WsgoHSM1GPmbRAitdde1MaKKHeav64AMjdTGDrJBd6K,9,2161060752084377980648872318213371140,,,5855732,5861527,1
2026-08-24 16:06:02,5kM8cF29TD4DnFikDA3exiJuJDshHvyjqbgF3F7KSfkV87vvGdirDS1b2Mpja95ZKJ1dsJrhoprspQbXg5cPbpL7,sell,NVDA,FkzjAJX584L1LncQb8AKSnGhc5sLvZjPGCgZLGpeHyTH,26DbLxVUgQPmmwwFNpoWbeTuCT7jn8f19cFZeRtzNwyW,4Hvsk6cG2WyF6kjcUMDsGft7bvnUjfjL4TH3ANZxMFso,8792291,41792431,210379999999999000000,129,1,2026-08-24 16:06:09,3HYeuGEpEFfbJSSZC3KhA1qMiGevxwV56X2v9vuk6pjnw8iXkZqHFYfvJmuKUsDEw1nhPrCH5Jkt2Zxx4F7v8m8W,7,2161060759260537926139312427606459688,,,8781258,8792291,1
2026-08-24 16:06:08,ZCWJVC7rVV3K6iBbrHKhgBdpjnQ8bu75bZw5DwEqMgbaR5znAsnAJ3aXPGg1UUESY7EfnEnGJRLcyfT39ELf6AG,sell,NVDA,FkzjAJX584L1LncQb8AKSnGhc5sLvZjPGCgZLGpeHyTH,26DbLxVUgQPmmwwFNpoWbeTuCT7jn8f19cFZeRtzNwyW,D7ZjCbL3Nd2DXizdLW3pvv8qufCurnrEgBGHSv1M3cVA,11723055,55723241,210379999999999000000,135,1,2026-08-24 16:06:17,5o3VcTN31MbLYD1bC7fnoYtGpANhG4HPakMJ9ZiitjdkYnm3rW58c5mU3ekB1MpvC7S2VMpxHAN6QZW65Rx4YUyZ,9,2161060766595117472764500657150460715,,,11709236,11723055,1
2026-08-24 16:06:14,4aGaTpkoBrYSbUQZqKbH5RR3BxQ5pctdf1ApXeDYamj2WtzZzBrb1pcj4yUuUAmZUByXxzvcWgfno9iDuMSn9RTL,sell,NVDA,FkzjAJX584L1LncQb8AKSnGhc5sLvZjPGCgZLGpeHyTH,26DbLxVUgQPmmwwFNpoWbeTuCT7jn8f19cFZeRtzNwyW,6Y4LkYG4g5TFEZzmtQHpAyczSqnsLPbPuBTso5wQ6Gk7,14653819,69654052,210379999999999000000,141,1,2026-08-24 16:06:22,3z2wR4D4sXtjbuyKAtVpPp8SGLFqPsp6hPKSMTEmoTd5922mG7G1tqBjmYiJUiz87quUmgmmtvyEuuNoN5EC7iXu,8,2161060773929646531169733520078040299,,,14634594,14653819,1
2026-08-24 16:06:20,4yeFC1gLgNGzfi47Y4SRajgjLPWZhRdzT5DjFAZnU7z4FQMKrWyAi8e6d6FREkpCmp9R7ETFxHrHEfKbXgo1qRU,sell,NVDA,FkzjAJX584L1LncQb8AKSnGhc5sLvZjPGCgZLGpeHyTH,26DbLxVUgQPmmwwFNpoWbeTuCT7jn8f19cFZeRtzNwyW,DGK4E1D7C2RAQFohotyKuqYvWMMm6bJBgN9adbDbniwX,17584583,83584862,210379999999999000000,147,1,2026-08-24 16:06:26,29a7xRVUiaUfHuCdsKRaFmZkhpLR2w8YzwaegXnugY8wLk52yiPjFEayvpG3iHAWvb3e7Yhfq8g2EA3kQRjsocPP,6,2161060781151768455577915044675579554,,,17565860,17584583,1
2026-08-24 16:06:26,652nPW83XhVQdmyX5soe4Xf5hJCn9tfWwQ9Mj9oaky4sJAZJwEbXYUqjkUVTkEUaCWyYS6fmNPgCqMrgtzgUv9Wy,sell,NVDA,FkzjAJX584L1LncQb8AKSnGhc5sLvZjPGCgZLGpeHyTH,26DbLxVUgQPmmwwFNpoWbeTuCT7jn8f19cFZeRtzNwyW,BqGaXR8Ps5VQjGfnf3Vfz9YGdhGeegJ7UhyTZFCVmsA4,21492268,102159276,210379999999999000000,153,1,2026-08-24 16:06:34,46yEt6ugyKqULceGvUnGVxgzMP8W2qhviCu1eAx6xs2hxLaiwfZGXgNNxJJfJxnLGktGCQNBqBfdSWWUjkFMBrHs,8,2161060788365458171895968290604561366,,,21475310,21492268,1
2026-08-24 16:06:32,23kwy7LMpV7kd1SQZydG323E6VPErFCEFZCdpMWQxdQprXsAStjnTaYXJqCLF5woL2JcuEcCjaftkdG6NSLadWf1,sell,NVDA,FkzjAJX584L1LncQb8AKSnGhc5sLvZjPGCgZLGpeHyTH,26DbLxVUgQPmmwwFNpoWbeTuCT7jn8f19cFZeRtzNwyW,3KZRKxn3GSLekmcsna4ejRcCQoKExjnGQPxmYm2HqGFT,26376874,125377293,210379999999999000000,159,1,2026-08-24 16:06:42,65zD8spqymSF3cWxXXQ6HEnbpWeH5uvCk8crJw6hAzR37fHt3Fp1rpQ64v8LWkgJiqhWWpGkebF5TEFuDSkmatyY,10,2161060795530737908374334925519393391,,,26347285,26376874,1
2026-08-24 16:06:38,zkwZeyZDxg1q1WQkbJ4ik9xsXf8gn1iJcuoRxECFngnNziCBY56i9QWWQPX1ZjeGPzS4v6SW6D7GbrqMhvUhGuG,sell,NVDA,FkzjAJX584L1LncQb8AKSnGhc5sLvZjPGCgZLGpeHyTH,26DbLxVUgQPmmwwFNpoWbeTuCT7jn8f19cFZeRtzNwyW,FFmeRiYd58QxzRFAdubYftkxiVsv5TeGAkcQMGeuBPSf,34192245,162526120,210379999999999000000,165,1,2026-08-24 16:06:48,2e2fpPvDxZ52cqG8zo6WwfASPTA9MFwSuU8FF4zrKUdjqapNeMEywzWAsn38dLEA4x7UgHhQmUWSShq2bCPAuwAs,10,2161060802586041704737993978118129554,,,34160390,34192245,1
2026-08-24 16:06:44,4PsqGh4Hwyp2ujV8vERsVTt6gzbNWKt4MiAyR1pHU87bAnCHE5zkTkTtMhg53gegVAP69xTfHoSFhyxejLJKdtSD,sell,AAPL,B3S7TuCmBPsNJW32SzRLBwbmWmgNzFBuHnBG9rdvt6K5,26DbLxVUgQPmmwwFNpoWbeTuCT7jn8f19cFZeRtzNwyW,8PghSFte1kaErG6frdgYci36bXdLu5zNSbqyFNWsLVLH,2005208,6430868,311810000000000000000,126,1,2026-08-24 16:06:54,2wRA7kcAg8QsPNKQBnkkLHwofihXMKYK9xbpfePELxVozPYWetZqJBFsPbbtgYhVLMvz8hJZAvd7wcKoTUQgY3iD,10,2161060809653402048779661171328398474,,,2003524,2005208,1
2026-08-24 16:06:50,3DCosvof7MkAznouiS1eF3CmpHgoQweiVqdrAasg8BP964PUYhgJa9NQmmnRniqeLwn7PFs6MG2624pspXMDyT2n,sell,AAPL,B3S7TuCmBPsNJW32SzRLBwbmWmgNzFBuHnBG9rdvt6K5,26DbLxVUgQPmmwwFNpoWbeTuCT7jn8f19cFZeRtzNwyW,GMw1anL4stxxw43VAYmjcsUa9XfX6crW2aTb9jxGKZ5h,4010417,12861736,311810000000000000000,132,1,2026-08-24 16:07:00,3L8eQEbAeMZv6cqoKKukUFPHpGX4FQdjwZ8mppPh7q3dRJWUdWCMdFqGaX7sVgsv8SHHocW1LkiACNRDR7Vipqwk,10,2161060816811462285055748103141125443,,,4006739,4010417,1
2026-08-24 16:06:56,5AQjMXVDx5ZBdqv9sVTwcxectAuwvFSsokFxMKyT3hFJvGqtwESqGrzrBP6ECMNaBzyCp2wsYsDyMazdGDtV2spS,sell,AAPL,B3S7TuCmBPsNJW32SzRLBwbmWmgNzFBuHnBG9rdvt6K5,26DbLxVUgQPmmwwFNpoWbeTuCT7jn8f19cFZeRtzNwyW,7QWpNaJrUuK71BDP8eadSfCZfD7QyRbLupJp1mf6w3cw,6015627,19292605,311810000000000000000,138,1,2026-08-24 16:07:04,25Hvpg38vQuBX7TAHyg9fzDNqD3PZ2rQ6uM8DDqgdJoikJBAVMcDarNyXztCLWRo7k8FY8nQk2CGqcre1ZcEn2AU,8,2161060823783348535275080690317554559,,,6010688,6015627,1
2026-08-24 16:07:02,5xjPMrU6Fg5DyXNqGVDzS4xvZBiAExa73aZaXgw5LpCxREoZr62kgoTQ6uprbUKjdvEyR7431k1V418cyKHBKNmk,sell,AAPL,B3S7TuCmBPsNJW32SzRLBwbmWmgNzFBuHnBG9rdvt6K5,26DbLxVUgQPmmwwFNpoWbeTuCT7jn8f19cFZeRtzNwyW,7qyFJzmd2XXsZn1x1hbTRYHyATPhDbWE2ucsdCGFVNmv,9023440,28938907,311810000000000000000,144,1,2026-08-24 16:07:09,wnsGFtRdVrMs2yjLMWepobrp7bMY1NVnDCjaLjSo44h7Xth2E9ezoBPU4h3SapoCwtWSqi9c9cjpniW1RzftJ8G,7,2161060830925691021464580976681177012,,,9016205,9023440,1
2026-08-24 16:07:07,4PGsXYFTngQCGT8gfomgrcQJKWFWNWJ1rEc11QX6RVZAyaAqSqrYp29TusKxV6F7zuJiMfjEXp7Lo6CN7n8uJ9wg,sell,AAPL,B3S7TuCmBPsNJW32SzRLBwbmWmgNzFBuHnBG9rdvt6K5,26DbLxVUgQPmmwwFNpoWbeTuCT7jn8f19cFZeRtzNwyW,5axc9SGY9pVFUsTzyaqB4FWTYDxt9HJgPTkMHPR8nU4X,12031254,38585209,311810000000000000000,149,1,2026-08-24 16:07:13,36stHry2Kiga2jpyka6qCPpmP9nNuQhVkWcSBWtrhvuKocvQL1UTXPgSVfdWkxp71JXsLUZRBiZCe412oL9HqygM,6,2161060837995472575265581108827203392,,,12021839,12031254,1
2026-08-24 16:07:13,3BLhwfCu1Ae4fHv34SZSfWKNuymaxr7wf47mRnRS9eDUgJ11TJgEsDPhS7ReZ4cKnSJyvQRcCEH8tpDzBvF6Vmd8,sell,AAPL,B3S7TuCmBPsNJW32SzRLBwbmWmgNzFBuHnBG9rdvt6K5,26DbLxVUgQPmmwwFNpoWbeTuCT7jn8f19cFZeRtzNwyW,3GP3u4d3RZueAkSHa1Sn3suB9E9Vtaeda3gvcMFT9MHY,15039067,48231511,311810000000000000000,155,1,2026-08-24 16:07:19,2paDCzayPj7THrK8z4pozXQUkiwvUEbfGgXH4A7PC5Vzi1GC9GxfdLbD7g2D4Z3zX9K4HTLQoxvW9Dtt5K7QoUZX,6,2161060844923811340562165683964267712,,,15024405,15039067,1
2026-08-24 16:07:19,2uCy8ucKCDQitiq7SwM2SwxLJC4GiacGqxvi5x7utnKnboaex8xHmCRwScTkrXBjTyoMtqi7n9chL768v8ffiH5X,sell,AAPL,B3S7TuCmBPsNJW32SzRLBwbmWmgNzFBuHnBG9rdvt6K5,26DbLxVUgQPmmwwFNpoWbeTuCT7jn8f19cFZeRtzNwyW,Afh7eCkyJ4bErvhCzjyxyRUk7rXGGxCvAZVwSYEb35op,18046881,57877814,311810000000000000000,161,1,2026-08-24 16:07:27,5mxS8rDCtHdujyfVBCYKUnGbXN8yfQAt24xDjFKugjhmzcLdCa95779ozXBbApbtSrb42qSWNGm8Nuh4CaDGDbYd,8,2161060852058888043223674714916027754,,,18029286,18046881,1
2026-08-24 16:07:25,3zDFNnWta1Qapsth5RrhmDX2QmeyPXzhmGi1sVEjZLMMi96Lguc7nrVkWEHG8gdfSbmKbD8uEfdjESCArxAA7ZKE,sell,AAPL,B3S7TuCmBPsNJW32SzRLBwbmWmgNzFBuHnBG9rdvt6K5,26DbLxVUgQPmmwwFNpoWbeTuCT7jn8f19cFZeRtzNwyW,MQLH8z3DRjBCVdtHStBTJa9NtU2jPfJzP6YTPeP59UF,22057299,70739550,311810000000000000000,167,1,2026-08-24 16:07:35,5oxQUAayUyN12RQMtGtvCwqUKJrFobvmxFusyfNvemwvymNJXVq3tp8piucGzBuY5oBXRahEHEkUaJZnxFTGBE7W,10,2161060859097283639923936559688964138,,,22036643,22057299,1
2026-08-24 16:07:31,ryGkC5BxSGTc4QVSSuZjGj7zecrbajfTvcYqFkFLDPDdGwsEURwaFuuPu8ud4G1UstyVRYo7vc7eKiCs7hGba3k,sell,AAPL,B3S7TuCmBPsNJW32SzRLBwbmWmgNzFBuHnBG9rdvt6K5,26DbLxVUgQPmmwwFNpoWbeTuCT7jn8f19cFZeRtzNwyW,BRgSfBLQ3uVhugysUK92PdddiYfCVxLfpUmNiRc8Qv9M,27070321,86816720,311810000000000000000,173,1,2026-08-24 16:07:39,pG4DtbrNNPTBFTyNU2v6yK5Cd6FnhZXNZ5jUWEJhYPrEn15FrpJEqgQ2hWRmQAFpVr9GrZs9wYCJLj9WWLFXCBE,8,2161060866231156674353620542069742732,,,27046360,27070321,1
2026-08-24 16:07:37,2KGtke2J3EJd1DNNzCX7rJjvo7H4oad8mBVHYugejMUFWL2tqc18ATGQKrZ5hDFes3CQQHZr24ZQgbkTGFVQhxhG,sell,AAPL,B3S7TuCmBPsNJW32SzRLBwbmWmgNzFBuHnBG9rdvt6K5,26DbLxVUgQPmmwwFNpoWbeTuCT7jn8f19cFZeRtzNwyW,A2rxKJQs5WE3pmQRKiRhbWTRhx6qfuqp3R9RcnfnuhWD,35091157,112540193,311810000000000000000,179,1,2026-08-24 16:07:40,2U1yaZyejW48FDsZjuCkBrvwbsg87FegYkPqTJbeCLXkCrq7Vk88cpKoN11YJiQrFC6DaQFJ1PyQY4GMwQnPmqPj,3,2161060873470181772907143121401190522,,,35060096,35091157,1
2026-08-24 16:07:42,5pQkwVN57ejxy7aDE4tc2aaBZ17wdr8TSvS96QE7jofcSWCNzZreey8GmPwPTRo4eD8MeLyGqyB5mw9GPUJ5nZpw,sell,GOOG,6a2yZjSpCncEyiPrB3ifnAJdqJVUNymu7vEvLCaySqmp,26DbLxVUgQPmmwwFNpoWbeTuCT7jn8f19cFZeRtzNwyW,7h27pu6EhKJnPq8L9eugaXNpJAToCYVwN4kPtX46NpHQ,2043832,5882180,347461799999999000000,198,1,2026-08-24 16:07:49,23C81nAsjT93YE1XLuJFHVCTHgU6NsbTrMrA9de6DN4zjBjU6dww5kpBSzn89pMFEMVHGoqHfduxzjaC6xYNqvrE,7,2161060880465045085621944426255067052,,,2043916,2043832,1
2026-08-24 16:07:48,46UaMQPZWG3mK8eXnvTD1BDRJbujtPYWayH3P5pfBY5EYh6aaCZLBZH7TciqUPiQGhf5s7Fs5GBRw5peK1LLoeCK,sell,GOOG,6a2yZjSpCncEyiPrB3ifnAJdqJVUNymu7vEvLCaySqmp,26DbLxVUgQPmmwwFNpoWbeTuCT7jn8f19cFZeRtzNwyW,ApbbeC5wM2S1Z7e7XSgPEuE1DnBzL38HrLh37xbrXe6E,4087665,11764360,347461799999999000000,204,1,2026-08-24 16:07:56,5Dd6fVNEMF1rZiShBgeYYHBoZbxekDtSsdVqdAyN8yZuj94JsW8nZK6weZQbrexMA4HvBgcKucKNWyDagfhgVF1z,8,2161060887728253482392400143091664585,,,4087926,4087665,1
2026-08-24 16:07:54,2nvimSAkHss5HCoFW5cAo1yMVTXhUa9EDroMNgTzkiv9i5Qb9RGp5FHNogcrH4peRTy4PNRsEdrroj69L5fdPWY2,sell,GOOG,6a2yZjSpCncEyiPrB3ifnAJdqJVUNymu7vEvLCaySqmp,26DbLxVUgQPmmwwFNpoWbeTuCT7jn8f19cFZeRtzNwyW,8FziUeWBCNLQY92TGDDsjBoSs4caB8BJrR4quyM7L9Xp,6131498,17646540,347461799999999000000,210,1,2026-08-24 16:08:01,4TfNN2ESJDsdykQs2wafhPWd33nnX5vSKFT5NkryPhNoNUohqVD9PEawBxNwWn6htDmzA12FufiHuUHsYmosAzdJ,7,2161060894749697498839047470180018794,,,6130690,6131498,1
2026-08-24 16:08:00,3LLS1mf6oHj8QFUJRDuE8JDEHYtuNjrVcwAn9a1zA2oNfVSj1WE6VXcPnodYpvZayXaR11zGWxQth9bguxH6NNpR,sell,GOOG,6a2yZjSpCncEyiPrB3ifnAJdqJVUNymu7vEvLCaySqmp,26DbLxVUgQPmmwwFNpoWbeTuCT7jn8f19cFZeRtzNwyW,6dhTRXzNjRWdZKHEUHVxifqdoq3zdyTiPgjQSjs8GPSa,9197247,26469810,347461799999999000000,216,1,2026-08-24 16:08:07,ajTpCSTHxkxDuGBpscRR1QvbRLC6Y6u6uMN72C61uidCp9W7fTUGkyQDMt32VDx4jDEsDhhQNyhbMto4vbTSYmj,7,2161060901778398614827863077754942577,,,9194182,9197247,1
2026-08-24 16:08:06,2BLB6PEi9TTZnZxr1z4PaWykMtMFeZ5BmLUau7zcF5x7MBNU1C7GMuAEvLF3gnrwZoxwhEsx2r8csogXxi5bEctY,sell,GOOG,6a2yZjSpCncEyiPrB3ifnAJdqJVUNymu7vEvLCaySqmp,26DbLxVUgQPmmwwFNpoWbeTuCT7jn8f19cFZeRtzNwyW,DPg2kctrxwVSBBU32zutK6LpAjV2Xn7FMSkBWUkojFh8,12262997,35293080,347461799999999000000,222,1,2026-08-24 16:08:12,37GsvFho5Qy1WWHUD3BAtncZJsxhS5KDBDT1xYXZfMN6Ft2WUy6ksAErPhKhith37X2TqF6pzH3sXkH1GuXhiyqb,6,2161060908882041882595810188018723213,,,12256933,12262997,1
2026-08-24 16:08:12,5obM5mFwbnUbXAjwBUFFdtkacPso9b6AsJHgqYe7ZuK4UsuZn7FWxRKMMJeRtShjKW9Dcc5wt6xb1a2JzLVuZQDD,sell,GOOG,6a2yZjSpCncEyiPrB3ifnAJdqJVUNymu7vEvLCaySqmp,26DbLxVUgQPmmwwFNpoWbeTuCT7jn8f19cFZeRtzNwyW,7rznjABeBCkSVKMPTCVbBW8S75R6KBiF2BJz43AMTwok,15328746,44116350,347461799999999000000,228,1,2026-08-24 16:08:21,3vmYUTPqR8ZrdtYyc379GKUDGXoQJairVs9fJJyhap57Kgv9ejsXdnW2vvDfMPoSNnoP8RnoakbXzRqdyW8NorEC,9,2161060916099336938634618239469197850,,,15323990,15328746,1
2026-08-24 16:08:18,264LkdtXtQXB4qjthGWPHxc7QcZYx6pcYLNqwZK4V35ZYuk56vyRFgy1G8JiD3nCXYrGR4yxg4hhxuwieM1xszQC,sell,GOOG,6a2yZjSpCncEyiPrB3ifnAJdqJVUNymu7vEvLCaySqmp,26DbLxVUgQPmmwwFNpoWbeTuCT7jn8f19cFZeRtzNwyW,6PrPBoUcEH4MT1yuj9AfdbvRTdCv8jjMzjv5MPKrkNiU,18394495,52939619,347461799999999000000,234,1,2026-08-24 16:08:27,57ooP4g7BsS9Tm3nGpDgZodefGSaauytrKgyLtwPjiqHRAY9wFyESwm4jpCH93evDhWeLC4KLZWRtuVc3VSKQ3o1,9,2161060923352886578020169580609542273,,,18385082,18394495,1
2026-08-24 16:08:24,YsCE1uRBj9e8vAmES7oRDNkK6NWCb6iqsgK2DUhFLk9yZeeqHUnDrQNEATMRUNxY9ibM95VmhbbqSvZS3952DNu,sell,GOOG,6a2yZjSpCncEyiPrB3ifnAJdqJVUNymu7vEvLCaySqmp,26DbLxVUgQPmmwwFNpoWbeTuCT7jn8f19cFZeRtzNwyW,5sNkLR4k68odRVu8YCdCYiCHyvtAXh6Ffz2WfnS2MSmU,22482161,64703979,347461799999999000000,240,1,2026-08-24 16:08:30,5QaxHTfRfe5HHZdQM2fAjqo9MEa72qgX2ev5JkBAYiDyNvBNagJf55e412mRXo5y2bd6QueNaqp1dz2L6PsNmgU3,6,2161060930606436865185066306197481119,,,22472597,22482161,1
2026-08-24 16:08:30,cvhURZWRvYm2nmx6QGqDp3kCE7gfhJaLBCoS7WZbKvGkLmNR3E6WxzbmfEnXbhDLrABNyUuZYkXGP5E5Piw6YsN,sell,GOOG,6a2yZjSpCncEyiPrB3ifnAJdqJVUNymu7vEvLCaySqmp,26DbLxVUgQPmmwwFNpoWbeTuCT7jn8f19cFZeRtzNwyW,6s49oRmt9oFRovo9m4tumh4ag8fFar17WpzjhGa5CJ81,27591743,79409429,347461799999999000000,246,1,2026-08-24 16:08:34,2QELabYZiSe2WC93dk5hAV3Kemu9LQFukZnDdiMVchjMx6fGhmpLyvsmJNEpf6S4XW6f4VvkKp2mrNrdyNZdJRVi,4,2161060937682287584392648065894145826,,,27580165,27591743,1
2026-08-24 16:08:35,28NxUrCeHgCdVU7NjoHnfcTzKnKeifihskVcPtCNUDXZL31U2EMzKTScQKu7LexVkanujfLtRow4CyJNMR9eCGJH,sell,GOOG,6a2yZjSpCncEyiPrB3ifnAJdqJVUNymu7vEvLCaySqmp,26DbLxVUgQPmmwwFNpoWbeTuCT7jn8f19cFZeRtzNwyW,754wvgm9ZcWVyUc5HkCFQkaFYUoQgp1EZaYcXC3RZhtS,35767074,102938149,347461799999999000000,251,1,2026-08-24 16:08:42,4iJbCBXsKHwQFstB4WsAn9CzxmbGY14SsZr879cXBXBghBeDvugzPdFeecnPzCifnfcW5oEGBhntFULpjDo8BP1q,7,2161060944770227004625460379303899809,,,35749595,35767074,1
2026-08-24 16:08:42,5gJsKf4ZmWYzstRPUNeAJDP2uDdfWS2CaHs2Nakc1Zz3uPkDS3Sr8kPCN7cSGtbGijAzCiiyBMEqHfKHtdC1Fhpp,sell,XOM,DwBR6tLSWzQ6ZDMJ7h49p7y6hQtE5gBxwEfQfLUmZuxF,26DbLxVUgQPmmwwFNpoWbeTuCT7jn8f19cFZeRtzNwyW,7ZF9W2UBe6A2kLKcDciNS6sdFerhfJyFmTPLjWP97YVj,1981953,12193635,162539999999999000000,32,1,2026-08-24 16:08:47,85CWw2ghYkUhty6x9fnzvYg6Lb7mJEB7ofAQPikFNKY1EZgS5MMH8H7UpLYMRj6crg1hKhrH4ajBJQqL2WfvMWV,5,2161060951676819069739532513267599110,,,1981465,1981953,1
2026-08-24 16:08:47,D44nc2TQqDuZ7JbkJ4jAhZDTLKZdPruqmEfbwu74GYdjgJtNuFBUzQWHWS2RTrUPTRwFb2ouS8WDWcxAawPeoJF,sell,XOM,DwBR6tLSWzQ6ZDMJ7h49p7y6hQtE5gBxwEfQfLUmZuxF,26DbLxVUgQPmmwwFNpoWbeTuCT7jn8f19cFZeRtzNwyW,HYyRR7hcMWtXC2t51Sa2gq94VNjEZbw3sQx242aRzZk4,3963906,24387270,162539999999999000000,37,1,2026-08-24 16:08:56,5ZzNPWkrAuCiLWJHpTG9d2wCHmn4Bdp45Po5RArJeDEQxHBQQeuewLTBMBbZJTxXco4TcZUAQqfmhnML13xE8ydq,9,2161060958936428078576692218109089733,,,3963906,3963906,1
2026-08-24 16:08:53,53pqarZHnkDUTAf9eECaxRAogsT5QLJN5gMnzvLa9f7BpnmzH1eNbKvkoL5uG8JaptZEygjCtyPHiADngDBtQmUm,sell,XOM,DwBR6tLSWzQ6ZDMJ7h49p7y6hQtE5gBxwEfQfLUmZuxF,26DbLxVUgQPmmwwFNpoWbeTuCT7jn8f19cFZeRtzNwyW,AfZCFKdrHGRs45yKQ2NaZyDkcKT3E2ZQFtNKWAW66y3w,5945860,36580905,162539999999999000000,43,1,2026-08-24 16:09:01,3awq9Ai2rc3f8QKFa3YQsGEpBcxZxjrzHJtxv1p1PnR2RU4W64Uv7JubuATQSuhZQhqbnYyDqX5Dx7iKB2VuV3iU,8,2161060966071474878068797657494003963,,,5945201,5945860,1
2026-08-24 16:08:59,3wE7ndHHm3EEb2AyDiTXb3c7x2fEDwc2cWoz47TbALxC3VsRgyiLRoAGqhJbpED3Hc7ofFDBmGFogpjrbhckJzkC,sell,XOM,DwBR6tLSWzQ6ZDMJ7h49p7y6hQtE5gBxwEfQfLUmZuxF,26DbLxVUgQPmmwwFNpoWbeTuCT7jn8f19cFZeRtzNwyW,8rPLQTTcsvmnabSKiN5DhiHAL7zc1Aizynuck8Q2PHQE,8918790,54871357,162539999999999000000,49,1,2026-08-24 16:09:06,2uK633sfcnqAinKXY7mCEySzkQiiegEZe9yPrHSDMw1bZHrsNq53Sm37BpcBq2iT1mgJdnwu5CSA7dZhCBcRWgRv,7,2161060973010732952918731172928243539,,,8917692,8918790,1
2026-08-24 16:09:05,3iJCp1TshiWD6XvDLZfip8dcTCy3YehBRU8AdwBybDB33gBXyPoyfo3TUJo5M14oqVDG7eWiYFWovCMTgEZGVEve,sell,XOM,DwBR6tLSWzQ6ZDMJ7h49p7y6hQtE5gBxwEfQfLUmZuxF,26DbLxVUgQPmmwwFNpoWbeTuCT7jn8f19cFZeRtzNwyW,7eoGMV6mXoKpRqE6ehPpNaxwWX5JiANqeUw6RV9HvpPB,11891720,73161810,162539999999999000000,55,1,2026-08-24 16:09:11,5B8gHKZagNJwsMbVZAtyNFzuDYGE6wc2Q9bB7i448yRjzAkSEQfJ1nDZJ962of8Guj5kuMgntFPkASeSKZLqneXR,6,2161060979995882156609440743802597085,,,11890257,11891720,1
2026-08-24 16:09:11,3LeBdWhqnmvx4ugfZd7T5HL5P37pqRgwzoSZzy5GRGeu4J5wCwsruYSUSiFTzihjoBVoGf9t57JtqpFpRJgEFVVS,sell,XOM,DwBR6tLSWzQ6ZDMJ7h49p7y6hQtE5gBxwEfQfLUmZuxF,26DbLxVUgQPmmwwFNpoWbeTuCT7jn8f19cFZeRtzNwyW,F2CP7KhmWwH51EeDsUHqLt14SsauM8t3rVRbhgPaTZNv,14864650,91452262,162539999999999000000,61,1,2026-08-24 16:09:16,hvZpgNj3bwHV2dqbMAsWKLbgbvhuKFgxqSc6bKiNpJTHS94LtE3H2h8KfgZqnXt24yS1tg5PDgxzGLPmcJ5mLDd,5,2161060987100755525159963827780980236,,,14862090,14864650,1
2026-08-24 16:09:16,q3MVxykeqre7NF4DzB767hDCCNfx3QUFks1ZE2xSzGgp8QGrZmXksMaBJVTzZyPRBneJhWBtBKfAhzaJWXjmzP5,sell,XOM,DwBR6tLSWzQ6ZDMJ7h49p7y6hQtE5gBxwEfQfLUmZuxF,26DbLxVUgQPmmwwFNpoWbeTuCT7jn8f19cFZeRtzNwyW,21uWDU1Yt1bxEjGSdLaEayVCRxk8tCUr3Cxcx4Xb7Cq4,17837580,109742714,162539999999999000000,66,1,2026-08-24 16:09:25,2NvqyXC2z6ViAQUkzEUCeg1TYdDgHftSjqstojPPFu3Z7ViKQ6u61syt8r5G5JrXS4BqquH24njwwcMMF9QsHSxH,9,2161060994305953536505412464116133880,,,17838458,17837580,1
2026-08-24 16:09:22,3SE69rxFbJhX6oNAMox8rV4FxTiQpwGyE8VFyNHVpr9Vuyyf9W4j9TWiLCXuih3UmgtxBXxUwJP1AfDLrnU4pVT8,sell,XOM,DwBR6tLSWzQ6ZDMJ7h49p7y6hQtE5gBxwEfQfLUmZuxF,26DbLxVUgQPmmwwFNpoWbeTuCT7jn8f19cFZeRtzNwyW,CKG4Xd2oiGC9x8uppHr1MWp2gSWbuVqzSxUc3JJnbAET,21801487,134129984,162539999999999000000,72,1,2026-08-24 16:09:31,3ozhqDhjW6oap7fyCcsjSLGxWjCe3qejBqZNFwvEQHdLTeNhgz1xrRWNdSsHwB6MB9uTwG6F7Bv34Xn9F1LgGjo8,9,2161061001208926682816934560541362071,,,21804170,21801487,1
2026-08-24 16:09:28,hkFn9RpAtSgCTq5G9jmKRoksAwWvw9uSA6EoPumWRnpifESGak8rGboQDh7qZq5iHrvT3qTQYKU6jc8Hz2fCQSj,sell,XOM,DwBR6tLSWzQ6ZDMJ7h49p7y6hQtE5gBxwEfQfLUmZuxF,26DbLxVUgQPmmwwFNpoWbeTuCT7jn8f19cFZeRtzNwyW,4PArvLkaT2Ut8U8hbJd7kNwpCJn1ix6PuAjee6UGTPGC,26756371,164614071,162539999999999000000,78,1,2026-08-24 16:09:35,2dSq3M5Pqi55ppaLaExRdMNCcfA7j4AWA4KZ1mQ5m6WqXFkcnkBwBdYgMNDFVEZuu5TskNpd2gk4A4JHvmeqZ49m,7,2161061008444334227264877757481044236,,,26760980,26756371,1
2026-08-24 16:09:34,3z8gRABuMSfbLneRFg6GjAmdrErx5iQLyPoiM3ZjxZ4aEoqcwZgks9h5eWGc2s17m2TFmkwD8bErdBBTeS74JBnG,sell,XOM,DwBR6tLSWzQ6ZDMJ7h49p7y6hQtE5gBxwEfQfLUmZuxF,26DbLxVUgQPmmwwFNpoWbeTuCT7jn8f19cFZeRtzNwyW,GMu12kqTnTaA5C34fTquEZgyHVVm61kzuQdk9Ar13dag,34684184,213388611,162539999999999000000,84,1,2026-08-24 16:09:40,4ckgZJrh2CXcAoGRyggzZnMaddUxic1DDkiGWJ7sYMeeVSDrLB2MigtyDqxnzYa3TGF2BkJUjERFrBNWo6BB9MSh,6,2161061015620510256367183390510483923,,,34685891,34684184,1
2026-08-24 16:09:40,4jBhDu4qcWtobeBwQyRFFcX9fW5H1paTmpeR8pazRGZ7ERacciPBxjWBtK6sWxERVsZrMfZF2GRr1uazMbrAZxtK,sell,GS,HbCB8kGqwaQi9Q1K9EvYjfbMnFjaAUMQAeR3k7PDAKin,26DbLxVUgQPmmwwFNpoWbeTuCT7jn8f19cFZeRtzNwyW,4jbKZemJcwKPZMGmtM4AFvFDTVBsKpZ5Sj2AHKvtGP9o,1989014,1922522,1034586000000000000000,135,1,2026-08-24 16:09:50,62Wuk9PXTwWFBDSYf3aXREZ7GMgcnC14efkhCRYoapzVejysgWeZ4MiwY6MwpsZH58ASMqbB7SJdoAj7vu97q1xr,10,2161061022646811337919437199526529050,,,1987922,1989014,1
2026-08-24 16:09:46,2kxVodHLtKMpJQER8Q24gz2g5bshqbRCL2PWfMxV13sSpTaePzhPrps8iKCXr9DhFLUus3MsR4LLGcseNZRttXd4,sell,GS,HbCB8kGqwaQi9Q1K9EvYjfbMnFjaAUMQAeR3k7PDAKin,26DbLxVUgQPmmwwFNpoWbeTuCT7jn8f19cFZeRtzNwyW,FTUvPSNqc4j6CJbEa8DpR5z4EMe3dj6YfZxPjWMhnQX3,3978029,3845045,1034586000000000000000,141,1,2026-08-24 16:09:55,5Ro9fBp398JkDXghx6ogJN4G8vXEkSDCa1J8ArRu7SFLPQ1LHQG35rwzC1g8mLGNMsmJaQ2m6huGCPD6bt99aZhD,9,2161061029656161692573066524797058147,,,3975845,3978029,1
2026-08-24 16:09:52,zE89WuNWrGzcNSLM7mgLNUekQhnT5SDG5N1ncBhJgtGiBvtCywKXznftmJXLhp2CGuQtiQaxUokfw226wfXMQzT,sell,GS,HbCB8kGqwaQi9Q1K9EvYjfbMnFjaAUMQAeR3k7PDAKin,26DbLxVUgQPmmwwFNpoWbeTuCT7jn8f19cFZeRtzNwyW,CkXx1i9gZg6oAG3LddJ4yrj2fvXGp7khgQVGpZSW7tUL,5967044,5767567,1034586000000000000000,147,1,2026-08-24 16:09:59,5LyvVBkeRvYq14hZ4jAuadzc5Py78hoRJPRrsge1SyTw1S9C1XeViyMCNHaS7eUHMBxDU4EwC81asxCKsUPEh8ij,7,2161061036826308050807635325685418766,,,5963814,5967044,1
2026-08-24 16:09:58,4hqexWkU1gLTmQxGxVGB3n6oFvZKQ5D398G4LJHp7jg56Ud4Avm2SAvNgqg1gXsD9Ysjv59hp78VDra8rx89MgBF,sell,GS,HbCB8kGqwaQi9Q1K9EvYjfbMnFjaAUMQAeR3k7PDAKin,26DbLxVUgQPmmwwFNpoWbeTuCT7jn8f19cFZeRtzNwyW,J39P3yYyZcdQEVb6c9cGTeYvR9Z7USRCdAh9kkjt6vB4,8950566,8651351,1034586000000000000000,153,1,2026-08-24 16:10:05,5G7AWpt6TdSmfDAHjxe3Rk8drsVpqfh4VL37XYm5AL7UhZJxY1tijBMEbCT4essyYcVEnb9db21UdhFgK99LbKgh,7,2161061043891235919429149689495845241,,,8945791,8950566,1
2026-08-24 16:10:04,4CDyot8FA7sbXzSQQkowku5VRzNpH7LP1dMFZdYMiYRjCcaTFiqP7qeqvPr5YtgMMrR4JWH8iGT98PmCdWBMM9v1,sell,GS,HbCB8kGqwaQi9Q1K9EvYjfbMnFjaAUMQAeR3k7PDAKin,26DbLxVUgQPmmwwFNpoWbeTuCT7jn8f19cFZeRtzNwyW,Bh6C2TWpV9o5TcXfiw2p95yAwGN3sW7RnjPmCg6Lmtat,11934088,11535134,1034586000000000000000,159,1,2026-08-24 16:10:12,GNLpmB59xycWXnDzwyFjLPuZ3eFH9XkuUiFZyKsW696rKj8LwvGryWJQLBvvyX1rFPTgPYFWE9dZA4WXnBEtphT,8,2161061051321317024232797403714759001,,,11927720,11934088,1
2026-08-24 16:10:10,39QgfBJCtM3cdaw7WFkNAD5vQdzvtoqoUYTEmz3jc7DtFVb2qjjEGDcRYabQjB5KdUqt2KezzNfog6RLU4QDuKqW,sell,GS,HbCB8kGqwaQi9Q1K9EvYjfbMnFjaAUMQAeR3k7PDAKin,26DbLxVUgQPmmwwFNpoWbeTuCT7jn8f19cFZeRtzNwyW,HPtgnD5gKyZFrjJp7tDwUBqmiX2B1aqmgrChQA2JJDRR,14917610,14418918,1034586000000000000000,165,1,2026-08-24 16:10:17,47kRjuSrxBSXDe5gTubUzqLYuPXZsDJYBHUyvyFpKTYZHNHjBi9atXaDXaLMdQYUNP6oR1SQV3AVL3j6ZhWeLDqG,7,2161061058658300535394425265370166971,,,14909536,14917610,1
2026-08-24 16:10:16,G5jQ4i5CnFSJ6nKssVQxxeFz1rsjgc3E85EKPELWnmRToFC8FxEDDPWvSzUZgtMFpwuP8P2pifjLszawEx12ZbJ,sell,GS,HbCB8kGqwaQi9Q1K9EvYjfbMnFjaAUMQAeR3k7PDAKin,26DbLxVUgQPmmwwFNpoWbeTuCT7jn8f19cFZeRtzNwyW,9iMoQ5RByCthWmqCZaf7gGxNSnT4cR1AKuW2kideas8X,17901132,17302701,1034586000000000000000,171,1,2026-08-24 16:10:22,2iTm3eyQpQ3X3GgmiPqNgQEh773Po423yucaSEAR71WNt6MgSFYpwiWKxhertb2henfh2Moiyt2SM5ep2VUxX3Z4,6,2161061065840517925588134472166570836,,,17891304,17901132,1
2026-08-24 16:10:22,4gsQ6nL7y3K6y7JgTGxQhiqryLjoejRm17bzGsmJSVjrviKHNh9R5gLnG4iBkgefxfiWPJ1oQEcJD4B8ARA6RRsW,sell,GS,HbCB8kGqwaQi9Q1K9EvYjfbMnFjaAUMQAeR3k7PDAKin,26DbLxVUgQPmmwwFNpoWbeTuCT7jn8f19cFZeRtzNwyW,2sGV2JeeQ6JciSmWVUuCpy3JuUGyBMgQMAXQtUjorfpa,21879161,21147746,1034586000000000000000,177,1,2026-08-24 16:10:28,3MXio9kfq4FkBssaj4wGMumjPFm1CH3hRfbHmi1xHi2eahAXGT6YuJqYs4zjaJwy5CYNg7Yw9YYkxBzdKhHx2uYU,6,2161061072910303596890063159790880175,,,21865500,21879161,1
2026-08-24 16:10:28,2kNAgzwm9t9xyVHhaQx7GopSGxWs3nzF6pJMdsyLjQ8mXiCfNRLmvWy7dGAjung8Y3RX6kBurQNXf1nM7v6BCPPy,sell,GS,HbCB8kGqwaQi9Q1K9EvYjfbMnFjaAUMQAeR3k7PDAKin,26DbLxVUgQPmmwwFNpoWbeTuCT7jn8f19cFZeRtzNwyW,77pgLWinuxJbTiEFE76EyT2UapuJ6dAStVnC4mhEZcK6,26851698,25954052,1034586000000000000000,183,1,2026-08-24 16:10:35,51A7GhaT4c1xD1QebfpC9VETjn9siMax8kUBtBWtrZrXn9bqnnEwc2VnNhzLpVB3Gqhi81DUSKno4SPkELXkppe6,7,2161061080059891263530783993271456000,,,26829689,26851698,1
2026-08-24 16:10:34,4zbLa1B2HQN3Yt7ghRU1NZjwE9yLZ1VXX9kTKfWMEYQzpuX6Zs4ybzMcfZvCoyVEqR6WYAfwz3PyUe1wb5bserkx,sell,GS,HbCB8kGqwaQi9Q1K9EvYjfbMnFjaAUMQAeR3k7PDAKin,26DbLxVUgQPmmwwFNpoWbeTuCT7jn8f19cFZeRtzNwyW,8R54zkZtMyBaExo5Awn1A5f6WSwwh47xtfoiNk9Gq68D,34807757,33644141,1034586000000000000000,189,1,2026-08-24 16:10:41,2e88ZuqfPzDy5qkhtJUFGXZdp7g8FAhYDhros6bE8B4sm2rFr7URsYpfMfYNemYB1TZW5k8Tsk5wWDYXdeK2GRSF,7,2161061087376299399385480548683896676,,,34779227,34807757,1
2026-08-24 16:10:40,3kJXes1VbkYNkhX5EjMbyvhERJy6UFaVxqbgmBdktaLytyHcuonZp6keUUfn9v4oX1ZRnZG8Dnee3grDhpSREDG5,sell,NVDA,FkzjAJX584L1LncQb8AKSnGhc5sLvZjPGCgZLGpeHyTH,26DbLxVUgQPmmwwFNpoWbeTuCT7jn8f19cFZeRtzNwyW,D42xCWnN6vBScPUapEscjwQMD81B3GRFHdczYq16H5qK,1954167,9287207,210414999999999000000,106,1,2026-08-24 16:10:45,247qrzQjEiwbEv3pc9DtxpD6HPan8biYQYnQPsUCSJZrWEfDiwKVonwbZ6mLdK4ktdJj5MAJmVSjFhij57WAJpjM,5,2161061094576673702757121434533753732,,,1953489,1954167,1
2026-08-24 16:10:46,2uiwc67mSy2LD7wTCcuaZPNdzjs659E5Fq3Hta7KHywJpvztV6ebqS3JQbJHwtZgyenP7yZfqeCKokHFuZt24UuL,sell,NVDA,FkzjAJX584L1LncQb8AKSnGhc5sLvZjPGCgZLGpeHyTH,26DbLxVUgQPmmwwFNpoWbeTuCT7jn8f19cFZeRtzNwyW,5rmWn1h84PrAsCihXpu1eto77w4wpHXYFZ4w3xtwSyvS,3908335,18574414,210414999999999000000,112,1,2026-08-24 16:10:53,4JyWw8uqd97QmDLHAtby3AmCJRdxRpL5MumbJxWsmC2u7XQHuVVG66ivy37nzv3Whqw5qyzore1FisQHPYYMGvg6,7,2161061101854409204955303519207508557,,,3906607,3908335,1
2026-08-24 16:10:51,26PtjcaWjkiUHnhq76CxdadSAJc76PDLzdxDkNG5cZEUahV2djYiSXQNrYjx4NyxsKMEMcGZCb4dT5MG18bAaCyR,sell,NVDA,FkzjAJX584L1LncQb8AKSnGhc5sLvZjPGCgZLGpeHyTH,26DbLxVUgQPmmwwFNpoWbeTuCT7jn8f19cFZeRtzNwyW,6aV6uEgGg1n3gSF17GZLvDvqKbrtEvCdxKPHYngZxHLx,5862502,27861621,210414999999999000000,117,1,2026-08-24 16:10:57,52kKFbTV58zASVuF4hvP8pCEPkTajxQDFXhHvmCTHy5jXZ3mcVLRTVp8xkgeKe799zr3qE5pHidU6fkq3BiQkuLb,6,2161061108879484576845047211608148437,,,5859410,5862502,1
2026-08-24 16:10:57,74KKmeypoNCyvetp34xahhh4i3ziNfeRgsGEAmDAxvfJvM3D9CTNMWL3Z1oYNmYEMLPn3wmp59etmyLkyxf6nH8,sell,NVDA,FkzjAJX584L1LncQb8AKSnGhc5sLvZjPGCgZLGpeHyTH,26DbLxVUgQPmmwwFNpoWbeTuCT7jn8f19cFZeRtzNwyW,ARqrbXR2iJsU16gxz8EheZ1BvxnhARco896NRnpzyAWT,8793754,41792431,210414999999999000000,123,1,2026-08-24 16:11:03,TqmGV82V3V1xoap6BWvfskJ55wtyRNtErphocdiZLBvgT62sGby5VFS1fnxmHywAiDgB82gTGTD5zKXvdCRrwgF,6,2161061115904529160928628393302392472,,,8789951,8793754,1
2026-08-24 16:11:03,4FMvndTgHtFiMroaUkQj6iEyDiuCugGVrjvkmC1SZBDLReBe958DkXhQfaQpcQxgbQGtGF7UMTVRnSo8fXUx8N1d,sell,NVDA,FkzjAJX584L1LncQb8AKSnGhc5sLvZjPGCgZLGpeHyTH,26DbLxVUgQPmmwwFNpoWbeTuCT7jn8f19cFZeRtzNwyW,2UYKxKvhDWKQJcZsLKTM4XQrFCV7vSTKSGcYwmxzfV2x,11725005,55723241,210414999999999000000,129,1,2026-08-24 16:11:11,m21x5CMu2NUk8xyyRWvcX17AfN6bWV85CUGMuCtrJ93WHQT4F7A7oeb15QDHmXBv7eKipNQBJy7gTbUpQD15ZhP,8,2161061122928424512435244576199776562,,,11721495,11725005,1
2026-08-24 16:11:09,P8U1peZEtqaho4ADaaQb41mBGYeRYHxD48FxEy1rS64aFXHLp8W6S4ZfPT9B5t8sKsbMtDsrGowpCxfEn7tpRH1,sell,NVDA,FkzjAJX584L1LncQb8AKSnGhc5sLvZjPGCgZLGpeHyTH,26DbLxVUgQPmmwwFNpoWbeTuCT7jn8f19cFZeRtzNwyW,HW8aMm5k5bG1egVdZxTtY8gaJzXCHxxAJQZ2mx4ZXs31,14656257,69654052,210414999999999000000,135,1,2026-08-24 16:11:16,37g872dRau8BBYJpXaPkiv4iJjcTK4fCK3hCGgK3Uo5i9dDN6JkxuVPaVVHXeZuuLr6fdFKvBpfStZ5ue7nDjp9r,7,2161061129911167244661405817936212173,,,14652704,14656257,1
2026-08-24 16:11:15,NLUd3KAyXX4BGityoRmqiWq1LLEEKmRJQpBooyAWynCR3pF989VtKrppL3Tj343AagA5wyxPmfeQydnD4Q2AmAr,sell,NVDA,FkzjAJX584L1LncQb8AKSnGhc5sLvZjPGCgZLGpeHyTH,26DbLxVUgQPmmwwFNpoWbeTuCT7jn8f19cFZeRtzNwyW,7Zg26MkaEAedEAFDL1pBQytafvN1ndpTwSzY9bunM1w,17587508,83584862,210414999999999000000,141,1,2026-08-24 16:11:21,2TtJEi47QpzVXNnib3HFX1tRMNLjxm48xaUXHnSgP6obnucwWmoXAMSSp5GwJJaE9yqKciLQiF6tKXbub3CgueXV,6,2161061137035352950731513372485103484,,,17582242,17587508,1
2026-08-24 16:11:20,2WmronmVuzErgWapeGsfxW9ShUJQsj69JVo8yaWeTQspRR5kcgzUtnWGG3Gkp9SsMaVuvnR3CG7TevhrYSXupoLe,sell,NVDA,FkzjAJX584L1LncQb8AKSnGhc5sLvZjPGCgZLGpeHyTH,26DbLxVUgQPmmwwFNpoWbeTuCT7jn8f19cFZeRtzNwyW,AjHcHhdFNhmRH9HJZKULBv8uPgySoHA6jHw52X95rpfM,21495844,102159276,210414999999999000000,146,1,2026-08-24 16:11:26,5DDLe6XMbWAPY9LLhr9djHzKU6YSNfjhqg5zNgy5Mapd6PtPME35UzuGkvee6XLrFZRxZUnXL3DRwxd4zC3aJyDs,6,2161061144124502790479916311359325421,,,21488590,21495844,1
2026-08-24 16:11:27,2f9VxDWUW7waGN7p34iGZxEsWyF8Dujs4bT75uVRGSWL7KdTFbZGpoRDE9iuB4FW1Pmsmqmji2VDqsxQkqmrK9PJ,sell,NVDA,FkzjAJX584L1LncQb8AKSnGhc5sLvZjPGCgZLGpeHyTH,26DbLxVUgQPmmwwFNpoWbeTuCT7jn8f19cFZeRtzNwyW,3t9eyZsQzbRGi719bs9oNHSYGCR4AJphFoxKnNnmeG9Y,26381263,125377293,210414999999999000000,153,1,2026-08-24 16:11:37,pxHTdRSieF9i4kSFVokuAZSF2YyanraEFdDptNKH3VmmRjUJg9TMtepctnU15oSJ5x5Shrq8GYKehj7wXhJ494s,10,2161061151502569449075929499608169633,,,26367346,26381263,1
2026-08-24 16:11:32,24mvPfEqc9HLRxkE4yGj8oStfn7J7zvMxf9De8FW6fRohejzaX6CDi1LDmVqwrk7VcLE81R2YrT9Em9C1wuNhAYq,sell,NVDA,FkzjAJX584L1LncQb8AKSnGhc5sLvZjPGCgZLGpeHyTH,26DbLxVUgQPmmwwFNpoWbeTuCT7jn8f19cFZeRtzNwyW,FhhPAFJ3ASBsrudcKLM6aRxqopekNhnNQrHHZiobNVe9,34197933,162526120,210414999999999000000,158,1,2026-08-24 16:11:44,3ZrfKZyXMoHM3PMtzFr3BPyH9RXeB7KkRpKUVasMUXgfXQYNXzDLpKKiXepqxk19PDb5cY7NJrerirtf39FyYaw9,12,2161061158542152579239455646489903066,,,34181518,34197933,1
2026-08-24 16:11:38,3Qu8AYz9SMDmYWHRjLtKphrnV9KJSUpCZRxrSgTKTZftxDTqZ2HRSRnfAnctRBSSyviRX1Ahg7hEYT3CesiQqmAz,sell,AAPL,B3S7TuCmBPsNJW32SzRLBwbmWmgNzFBuHnBG9rdvt6K5,26DbLxVUgQPmmwwFNpoWbeTuCT7jn8f19cFZeRtzNwyW,FH665axJ7Z8oGUh1wcCMdFUMEnQKgxSuX5jqqrHR34mF,2002990,6430868,311464999999999000000,120,1,2026-08-24 16:11:48,5xCsPMSG2UT6uhH3jLDQp5CRBrh5PEFdwtTMgvKNdfRLrFePZQxUWMAjsBmHGFqnSF3uTFs6yAQtFuvqQDVKY7Yk,10,2161061165684488292392861051478397116,,,2002417,2002990,1
2026-08-24 16:11:44,PgMio9WvZ3AH28UwAKE3d7Q7MrqyiNDAC4aw12ukU38at1dYM8tGahCXyLkw5VVtjAo7ajsC21hRTYpqS8cCqSV,sell,AAPL,B3S7TuCmBPsNJW32SzRLBwbmWmgNzFBuHnBG9rdvt6K5,26DbLxVUgQPmmwwFNpoWbeTuCT7jn8f19cFZeRtzNwyW,HjjBofiyZgqEXwAjSZUsHA6Eu11gRniug5apbL2VtYQR,4005980,12861736,311464999999999000000,126,1,2026-08-24 16:11:50,2ioU38A7rebZKFKmUPgpUEmQBvzW9eLT7zUUouAWhYxBiVJyYPqJGbvDXEbGs1RhGvmTeEeqLfnvyEGRjxtXKcpk,6,2161061172819554887466989994426403572,,,4004835,4005980,1
2026-08-24 16:11:50,521kCM6VyQ3Te6UMoZoxJDsEL1CPW1BL1QkpzRkFDCzsrTDKxdQGZ4spD8zKfi7AgPsccU3x8fi1rbniKpPwakT9,sell,AAPL,B3S7TuCmBPsNJW32SzRLBwbmWmgNzFBuHnBG9rdvt6K5,26DbLxVUgQPmmwwFNpoWbeTuCT7jn8f19cFZeRtzNwyW,HwnxbtMCeKQQyKWdrymgWkWYPpcFpjnBQLFhNt69BufK,6008971,19292605,311464999999999000000,132,1,2026-08-24 16:12:01,3w7EjXX5nyyDcHKYzD8jcWTRz4C3UgMfh73vwHpc1RAPwDesGCY4A1H2sxrWTsdL1u6VMinLHHVfwiH8Xh7orBFm,11,2161061179976399150088636889052456140,,,6007022,6008971,1
2026-08-24 16:11:56,613hD3xMKk49Ep6TLQwirLGcvmoSB85yKZJstbwCaumS2tY7jmVHWzGp756egG4zVL7CAwJ3WkZGCoeR1LyiCwnq,sell,AAPL,B3S7TuCmBPsNJW32SzRLBwbmWmgNzFBuHnBG9rdvt6K5,26DbLxVUgQPmmwwFNpoWbeTuCT7jn8f19cFZeRtzNwyW,7dUT5S5mtPyqKjRWeier1GokcuZgJEP7XdH5GjpoVVVC,9013456,28938907,311464999999999000000,138,1,2026-08-24 16:12:04,47yVuM1MkUghktvgM7838RrFFome5zjT8984D6TNnkK3QDW7rNLjoaBfvjYgCBG83VFAfxYqiDACwXtbGo8dEYP4,8,2161061187119941319181453882882035436,,,9013138,9013456,1
2026-08-24 16:12:02,3aQFobrNJTFowL3m81weDBUw4fRKxxaRrh46zVFpoQFqT8Ny3tzFeFt76KvnSLKZG5e9LMFCvLrNS2qTrHR1oNFz,sell,AAPL,B3S7TuCmBPsNJW32SzRLBwbmWmgNzFBuHnBG9rdvt6K5,26DbLxVUgQPmmwwFNpoWbeTuCT7jn8f19cFZeRtzNwyW,CXGVfGtBGpsZNbZz41WbGggFRA4qTyM5qBdM46RT2biu,12017942,38585209,311464999999999000000,144,1,2026-08-24 16:12:06,5hoJchMD6qLttJtivFRxgyfJnLKDPiauCuJuRuka6BSzcpApx5tzhM9ioHE2hubNedioUDnwF329C9noakGZmgJq,4,2161061194084563758291399156318526781,,,12017517,12017942,1
2026-08-24 16:12:07,CSAJiNLDoaqspob7mRJF5coQboeSHBMz6teWohKHegcomEgu5acjgHVmXRravzPqTZ7gqb7tXMA1js1ZnaEHNJB,sell,AAPL,B3S7TuCmBPsNJW32SzRLBwbmWmgNzFBuHnBG9rdvt6K5,26DbLxVUgQPmmwwFNpoWbeTuCT7jn8f19cFZeRtzNwyW,3xBMNoybpBsmJEeGrWvXVWERYN5SJQTu5cADpjE3n4dy,15022427,48231511,311464999999999000000,149,1,2026-08-24 16:12:16,2j3b2azUur8YSduCY5fpLQb98rC5jr1RfwWid8bZuzr4yuE8KnvYWFeXh9m4v4XNqbBCuMHYku8c4Td1ECcQdU5Y,9,2161061201045553464351125955517112501,,,15021511,15022427,1
2026-08-24 16:12:13,2gWeStJR7C6VsvuAg2hAfdRGzRUou22B444ga4kNfxEdFFFFjiMVF5w3EB5XBkcPCoftxHcVjSNwtqoMNBY2w8KH,sell,AAPL,B3S7TuCmBPsNJW32SzRLBwbmWmgNzFBuHnBG9rdvt6K5,26DbLxVUgQPmmwwFNpoWbeTuCT7jn8f19cFZeRtzNwyW,AscWKeH4r2Zed92Jdyufw6S861vZ6ELnvDnySw5tkzD9,18026913,57877814,311464999999999000000,155,1,2026-08-24 16:12:21,2C1nyDAFh7N51FV4qpRDKJP5VBQMMo4qeqGcHGg23ZeegyG3UQFZNJnB3SaSNWH4521BeDVxAi2eZURCjAPcgQx7,8,2161061208068212977764577809863295618,,,18025697,18026913,1
2026-08-24 16:12:19,4g3p1qUo669jrrSAjtAzxr7P3iZBqdhrUuTGV43HijfeNBBzkmn8uA8A9wcBA6o2sDw8vzF9F6JmgaXwfYMSNUU6,sell,AAPL,B3S7TuCmBPsNJW32SzRLBwbmWmgNzFBuHnBG9rdvt6K5,26DbLxVUgQPmmwwFNpoWbeTuCT7jn8f19cFZeRtzNwyW,CfpUSqMkiC6gDAvwNYraGs584rc1oR9B3KX62i7wzJF2,22032893,70739550,311464999999999000000,161,1,2026-08-24 16:12:26,37zTATBTKyXq1cWECEBWjp37e6vR3Cb23T6swHKpNeHKhTqE5BqjySoJ1y2J9wXv9TiRFknVtiXRSgt4pSh6eg48,7,2161061215385860774194439354893358084,,,22031549,22032893,1
2026-08-24 16:12:25,4ShsAAAaL8aeFEbG6ETQPtWNFsa9ACLYKGcUtM8TP3Cgv99iS9zKUhweSxCWZH1oLCB6NRAYiuTJzXf6aHndtbe7,sell,AAPL,B3S7TuCmBPsNJW32SzRLBwbmWmgNzFBuHnBG9rdvt6K5,26DbLxVUgQPmmwwFNpoWbeTuCT7jn8f19cFZeRtzNwyW,8MVdXmQzns17Q7pbadYxDYzLAmp37uQEmh1JnEqecW1T,27040369,86816720,311464999999999000000,167,1,2026-08-24 16:12:33,33VuLb48ugKN8TmuRxRrPnvABAedvBU6iSz7DMT2wT3P8xZF9R2v8co45Vm2uBrqHrJtsRyvsZxdW2zVP68xq6Hd,8,2161061222362561940277160683525377890,,,27039935,27040369,1
2026-08-24 16:12:31,66TeNRuxS9ZfvkCbZkR1N4BnBQf7dbbG2L5WPDLiqbpJRNSN7fdmKJGRmJ2smzzZYvrtr9EEvCr8oLRPyrz1Chpb,sell,AAPL,B3S7TuCmBPsNJW32SzRLBwbmWmgNzFBuHnBG9rdvt6K5,26DbLxVUgQPmmwwFNpoWbeTuCT7jn8f19cFZeRtzNwyW,BNmKB5eyCWhSXYfhfWDi5KvQpv6VoLEgix3j26NJkd6v,35052331,112540193,311464999999999000000,173,1,2026-08-24 16:12:40,5bwCwfSUec5HK1NvkhmykVeJSXrAeyW5wQadccX3DuoFeYetnRd4TGf8yEVEUHvCZxxpm6VPq9zbP2xW5Bb4X9Aw,9,2161061229440801715474689141584715684,,,35051093,35052331,1
2026-08-24 16:12:37,4PZPZJ7yy6dQZeXvXjTc4K7WYPq56KMcbbL5Z132it7EYUqugL6VfCoaHPUH8bT3jmCfgsqZQisMrSfmTCDbYQek,sell,GOOG,6a2yZjSpCncEyiPrB3ifnAJdqJVUNymu7vEvLCaySqmp,26DbLxVUgQPmmwwFNpoWbeTuCT7jn8f19cFZeRtzNwyW,4PybM7R8JcnuXtuaG5jNUNWLkgwirxwNQ6Fbtyjp4Mw9,2042032,5882180,347155799999999000000,193,1,2026-08-24 16:12:45,2UwpDhAt7rVWAAtsGUTXqpuxRu2r2BXRY3eHtDk1rm4Z1k782GXz4M26UwrwGNDRkmtb7Y6GXPojRcqoWUF9voHn,8,2161061236468306560569410005709013831,,,2041987,2042032,1
2026-08-24 16:12:43,5KD9F82aD8BUqrH7r9RRDKJ9tLEeDZ8WmjjoKifBvx9ycJdQaDmuoPi7wYbe8efjMZdpKswCcRB7iRLjNxtfutF9,sell,GOOG,6a2yZjSpCncEyiPrB3ifnAJdqJVUNymu7vEvLCaySqmp,26DbLxVUgQPmmwwFNpoWbeTuCT7jn8f19cFZeRtzNwyW,CJcKGDBqgwYZxibyomWMLQ14AXPMjdV5AejReisBsgXB,4084065,11764360,347155799999999000000,199,1,2026-08-24 16:12:52,3GJ1MofJkLLGMi73gRX4gTbFpsvd4x9K5w7ez7YkM54BxFVpKWMMp6AaJAz9XBEjoXHkqTQZd9zGHGMtk4SxckYj,9,2161061243725477463788894790273573089,,,4083503,4084065,1
2026-08-24 16:12:49,2qERtLThnTRp1RMkLAeTDvcqwPdBnsdr2Kb6BSYT7VYBZnTLNLsGz55iv97jhJMQJKPLfA7x41NGkWj856khA5Zs,sell,GOOG,6a2yZjSpCncEyiPrB3ifnAJdqJVUNymu7vEvLCaySqmp,26DbLxVUgQPmmwwFNpoWbeTuCT7jn8f19cFZeRtzNwyW,22VpUJnAtHuZKnq3ogo5MarLK6ft4PWPegvQNjK6uJ4W,6126098,17646540,347155799999999000000,205,1,2026-08-24 16:12:57,2DsA7g62pvkMonMh7jSHkEDNUkDkirpdM3LB2N8uYDdoFzMzUi2bxdLtmvAYq19AZz5CVhdA44HzEtptJ2BEwkSB,8,2161061250892013535907117018435664220,,,6125466,6126098,1
2026-08-24 16:12:54,4zrQxfZiTqxUH45MGdhhveHzjPgRB1fQLGDEXxxYyqmvEwFABXWQz4ajYuVG7FHmzV15ihMYErHz8uApKsXmQfAJ,sell,GOOG,6a2yZjSpCncEyiPrB3ifnAJdqJVUNymu7vEvLCaySqmp,26DbLxVUgQPmmwwFNpoWbeTuCT7jn8f19cFZeRtzNwyW,BsZ8SyCxgjFypVSEZDmLz84SmdFDac7bzLXqRCeTQcKV,9189148,26469810,347155799999999000000,210,1,2026-08-24 16:13:03,3kEYkbaW4b3wxBNodngDgDeLAcfTmJhYjgx3pRTsGn7nSHqpJR1d2HKVKh6HRCUjmE1sjUPrjKVHwE4ex39AtdsQ,9,2161061257967848443436176727045932582,,,9188253,9189148,1
2026-08-24 16:13:01,4GpCNZDAQomorXV38MgXTksr4rH83didtC2RsG3iwMBrSvpHBbi1fotPMvrSTUKfdskVNc2AzShD57qRqpJ5gmYL,sell,GOOG,6a2yZjSpCncEyiPrB3ifnAJdqJVUNymu7vEvLCaySqmp,26DbLxVUgQPmmwwFNpoWbeTuCT7jn8f19cFZeRtzNwyW,95pfVS2kBcd7wttnRyFBd8TJcrPhH3CfmYrdq5mbk5C2,12252197,35293080,347155799999999000000,217,1,2026-08-24 16:13:08,LdfjPdXsmPYtATbQpGe4pvmp5UBFvBu6F9b4H1QJ1UuF2PswCajUufGYp9UurYEGVa1JrBG6sfuHgmVze2doi7W,7,2161061264955426639082222624177680157,,,12247898,12252197,1
2026-08-24 16:13:06,5EV8bEosaqMnmEdVzrA8qKhVSbgW74Rm1kWPCFTkCcBq13SVLhE4mmSnRtV1iUbGZbTM9oq5AcNqmzdNS6NH3Hes,sell,GOOG,6a2yZjSpCncEyiPrB3ifnAJdqJVUNymu7vEvLCaySqmp,26DbLxVUgQPmmwwFNpoWbeTuCT7jn8f19cFZeRtzNwyW,8UHAMYE7WrRET8rwTJTP2uHzhzdVmPegm1MKHthrt2Ef,15315246,44116350,347155799999999000000,222,1,2026-08-24 16:13:13,opWAz3dxEGN6ohUyZvUA2cGcSLqRNHF4q9hRgNVFAiQfDp9RZaYVZCRAbePis3L6thqKZtaEBBY939y8pp5GUEB,7,2161061272192057039492078976395714471,,,15310226,15315246,1
2026-08-24 16:13:12,2TeVx5j5H4H8rmcLhC86YqRtXy273Bxus7SrHgyWwq2eVuh3ywWnu8aGrkQTKrMseXY3nYzGwzundFUKfdVk5qVV,sell,GOOG,6a2yZjSpCncEyiPrB3ifnAJdqJVUNymu7vEvLCaySqmp,26DbLxVUgQPmmwwFNpoWbeTuCT7jn8f19cFZeRtzNwyW,3dzdgUzc3ab6FtNPnv7QHEZ3osWqEHidqWoN2Z6ssnUr,18378295,52939619,347155799999999000000,228,1,2026-08-24 16:13:18,3VPpQ2t1i4YwFRwXEWXq86fs5sv6AkkRdarMVNfryrH3r2f2oALj24vA7BneYizjcGwmdMvLroUgmKKLhCfXWVd5,6,2161061279128866676689279449137684551,,,18372694,18378295,1
2026-08-24 16:13:18,3pWMQhVFE828tQWEZAwKoE9HZdxSNbkGpbsCYckRjkQx8NaztYvkCZnEbboV4gMyRhJzK9Dj6oWkQpnqAV1xnwa4,sell,GOOG,6a2yZjSpCncEyiPrB3ifnAJdqJVUNymu7vEvLCaySqmp,26DbLxVUgQPmmwwFNpoWbeTuCT7jn8f19cFZeRtzNwyW,7osV54Hi6QRrg4LxUTjhvvcKKFnUgGeAb6KTKodrY1RD,22462361,64703979,347155799999999000000,234,1,2026-08-24 16:13:26,4sYwHTyazdn7KMU3ZTnouaoCap7CMqN94xi9khDRngXWkFLoWzTVxRUHhFgLczHAxA5iGjLCgeYXQ4c3krdUbq5c,8,2161061286182964147580914065587146164,,,22458362,22462361,1
2026-08-24 16:13:24,27PGYeHXPiVeWb6UwwSB3Xjy5jW1NqQFrEDnN9dQmb7oyP3MoSxHQGW1QtWqaQDhFbM6tQv8Kq8chP787Zwg7WHr,sell,GOOG,6a2yZjSpCncEyiPrB3ifnAJdqJVUNymu7vEvLCaySqmp,26DbLxVUgQPmmwwFNpoWbeTuCT7jn8f19cFZeRtzNwyW,Ge7nBHcVxDDrLtLZzU5UgjVP6gskLPE5pZV86trBc9G4,27567443,79409429,347155799999999000000,240,1,2026-08-24 16:13:33,u4Bwyo3R7mAaASLLWH2eAxBVAmA6CGRU8PrS1ZPLqondUB39oseBDuumx3aBoxgZTYwMJtyPAQCPNsctJTHUjqE,9,2161061293210443847233804930572200046,,,27563012,27567443,1
2026-08-24 16:13:30,4Vxe5AWVze7sqT7RWfXKAqLZrCow3EmQUBXN6psZccYGgfqtx1fZkisdvgXYvv8Wb4vnLwgF9CGggk5D11885hcB,sell,GOOG,6a2yZjSpCncEyiPrB3ifnAJdqJVUNymu7vEvLCaySqmp,26DbLxVUgQPmmwwFNpoWbeTuCT7jn8f19cFZeRtzNwyW,7uYAbq6tM4HgTrAcWMZh6c3Rs1mGtwPMWkNWZHmrEstD,35735575,102938149,347155799999999000000,246,1,2026-08-24 16:13:38,5wtrnLUdfERBZkomxgcLU5QXo4S9NGBTx3HGn2o1v3jhrgbYmFVAaSse8mDjT7tAUenF72JPWm8T3958NRqKW2pU,8,2161061300239141790539122997362185168,,,35727566,35735575,1
2026-08-24 16:13:35,48iawdtcykLTL3Wu2kKug9GBToUx7RkNXFYrDH1SeQWZcdsXAspmdv64HNLFQmxQ6TmGbyJbzy1hqn9B8t3oft7t,sell,XOM,DwBR6tLSWzQ6ZDMJ7h49p7y6hQtE5gBxwEfQfLUmZuxF,26DbLxVUgQPmmwwFNpoWbeTuCT7jn8f19cFZeRtzNwyW,edZnhzDwu3ftwPEMExTinB2WdpVy7PQtnSmMXGjZ89k,1980673,12193635,162435000000000000000,25,1,2026-08-24 16:13:42,4nXK8yr26CFz1T3c16QdHCCneseEA17QCuNcvY5PF4PKoTL2nkbZvHVgKtvX7UjGTZ1cVjg5AgRTP16p1qBmxyt1,7,2161061307340365506723429787909326310,,,1980587,1980673,1
2026-08-24 16:13:41,Gp2aTLFqV648fy3KMeW6YxT9RMUpWDKSZRY1dTdstMZmb4yh4GPWEZmD8CUfJtGtrViumCxZfhJxakqP3Sa8mjL,sell,XOM,DwBR6tLSWzQ6ZDMJ7h49p7y6hQtE5gBxwEfQfLUmZuxF,26DbLxVUgQPmmwwFNpoWbeTuCT7jn8f19cFZeRtzNwyW,Fyk4H4qdGNgxDY48dCsUW8XAoPgFdd2iMsPWJ8TrJrqC,3961346,24387270,162435000000000000000,31,1,2026-08-24 16:13:47,39JHCCfajGKhwdhMhDZ5doGHmqNiRMzLqGRAjYWcvZTyYDVZuyzKf8fwnmcem9WWyiC4e85bBvDkkTbVrxgmgSJp,6,2161061314511732172730111397823705876,,,3960980,3961346,1
2026-08-24 16:13:47,cEUBXAJFbiGUqj7NZ7rYxEq3PW5ySx2hCUyfZ5CKCA13c3mUrdJ7R8S9htNH4e72V6gvc6M2M5A17ZDoVaRZtMw,sell,XOM,DwBR6tLSWzQ6ZDMJ7h49p7y6hQtE5gBxwEfQfLUmZuxF,26DbLxVUgQPmmwwFNpoWbeTuCT7jn8f19cFZeRtzNwyW,A3ydWYhRTJcm97rQeZRP3s9YyJk6URK9ZzXY99hJWqLZ,5942019,36580905,162435000000000000000,37,1,2026-08-24 16:13:52,4BAySWca8JnEcT94ZgXgYKjgzcwPzq6gdi68RKpfeipT2Vzg1jLB6NZPvmDYuwQ6sZTcDdBHW8qaRPHJDKBGR4d2,5,2161061321432812312126454912744642080,,,5941470,5942019,1
2026-08-24 16:13:53,3QmiRKEcEyoyGn9eQSpiUSpV1SmzNwuYVu8MnofbYg5rX9P9XLVJxKp6nyttKmmsFbAHXet6Eavor5DRB8g5yqAP,sell,XOM,DwBR6tLSWzQ6ZDMJ7h49p7y6hQtE5gBxwEfQfLUmZuxF,26DbLxVUgQPmmwwFNpoWbeTuCT7jn8f19cFZeRtzNwyW,4C2Zi5KBHCV5JgzzBFwZWrMAkENep3ef5HYWs1Caout2,8913028,54871357,162435000000000000000,43,1,2026-08-24 16:14:03,4mKtBwJAHGN58jCzNHWQ9hyCEmpKazZnYz2gQcAH4AXYjD2nKn8gm7fQJHRPZ2KiERaPDRpqb4LeA1Uwr3inYVHj,10,2161061328579980429466282085430075737,,,8914839,8913028,1
2026-08-24 16:13:59,WPrSs3BBfLWL1dZ3pzRxXwuEEjrYCXgzqvPnskHX9E5nfFj48zqG3cFJwijtekUrGV1H6zB6JQmik7JN6Gr1CUr,sell,XOM,DwBR6tLSWzQ6ZDMJ7h49p7y6hQtE5gBxwEfQfLUmZuxF,26DbLxVUgQPmmwwFNpoWbeTuCT7jn8f19cFZeRtzNwyW,Eemn7oUaDKpthSeZ8mQZguCb6XDBF8uzMWF68QnRBAQx,11884038,73161810,162435000000000000000,49,1,2026-08-24 16:14:08,3Qbnk4H5r3Jozm4skau4g88toJLw3pDX6qeiW7gP3uXvPmVGMvdnY7sL9BZW7Diq3FowrFE52zuxfYRbEMrqHrj5,9,2161061335767062651136235678825947985,,,11887330,11884038,1
2026-08-24 16:14:05,5Xut8cgcbLvLvm2mQie3BLxKzbXzPwCeRpVAitAUDJw2k9swim1eVpCsVFzj1Y6xtAvLviQXGBM7HuniT1iEDD16,sell,XOM,DwBR6tLSWzQ6ZDMJ7h49p7y6hQtE5gBxwEfQfLUmZuxF,26DbLxVUgQPmmwwFNpoWbeTuCT7jn8f19cFZeRtzNwyW,FhcqRg9RoCYCQ8hxrokJSjRRicsWxAX1BK9rxLoroyri,14855048,91452262,162435000000000000000,55,1,2026-08-24 16:14:15,7owqMmDh9tRfqAdn9BpZ8N5D655MxaU8KpuSLBBGoNfM1RLzJkhL2XCjVvaaSLM6ceEyVf7aiaYovE2aHNpR1Wh,10,2161061343142723816132376395023696111,,,14857334,14855048,1
2026-08-24 16:14:11,5nv6muorZP1APW76LjbcpqJgvUzYGgYpy4oKHWgjNS41q9CZLBb6QbJpdZ5EHmVDhp5fZD16HWFUv6ATFKJRaSSD,sell,XOM,DwBR6tLSWzQ6ZDMJ7h49p7y6hQtE5gBxwEfQfLUmZuxF,26DbLxVUgQPmmwwFNpoWbeTuCT7jn8f19cFZeRtzNwyW,64Rwgp7EVDbKrTfLKSu9czSKC14HpJmFCmYTJFbRBvPC,17826057,109742714,162435000000000000000,61,1,2026-08-24 16:14:22,3rGhBbSsPgerE8HSDz3gNzhqPFTcmjVQeQRmXEsrAybfY3tTDo7Uri9dEu8j7rpPNknmCDgNxaxN4o2dJYxuUcza,11,2161061350133942791178819044745193899,,,17825509,17826057,1
2026-08-24 16:14:17,3D8YmYrMFqgV5zJiiorC2sB6DFgD5Md4uBMRBxzV5ZmkAWVA9HFoUPCRGMtxZ42ZT2jKo18WxnnPqVYUkQ98zA1q,sell,XOM,DwBR6tLSWzQ6ZDMJ7h49p7y6hQtE5gBxwEfQfLUmZuxF,26DbLxVUgQPmmwwFNpoWbeTuCT7jn8f19cFZeRtzNwyW,HaC7rJgnt4dFjP5iP4ptruSZ2Y4hfmUZ9ignB6LPKeGL,21787403,134129984,162435000000000000000,67,1,2026-08-24 16:14:27,5hfpoBkMNbR1Jp3TmnkeJoamVuRHHJyis22Wa1oFLPDq7eMDAAtSPJbmcobSNc6BJw6524DHv5PYpH1TvBkdUV8p,10,2161061357191637446029087364397695718,,,21784855,21787403,1
2026-08-24 16:14:23,4W9SX2UjLCqXSErZG6aBDfwLAbqi4yJmuTPamF6a98sqJ3mA8a7D3uqupxj4skjWZcYTShQHrdzEM9yj3uavjyMY,sell,XOM,DwBR6tLSWzQ6ZDMJ7h49p7y6hQtE5gBxwEfQfLUmZuxF,26DbLxVUgQPmmwwFNpoWbeTuCT7jn8f19cFZeRtzNwyW,4SiwnXV4kkZpw83RQXxaS5JRgqQL1NgkM8D54RLFgqvL,26739086,164614071,162435000000000000000,73,1,2026-08-24 16:14:32,3UDzaYiUbBsF7Um5XxkKsLKwqhYZoR4G9ciarSSYnTxu6FFuwG1CDo6KVpbWWrEEH8rgyEuNdBMY7R7vqpjXXSm3,9,2161061364362965005858903582270336877,,,26739580,26739086,1
2026-08-24 16:14:29,iMzb8VLMBaVcTZL1mH7mRqHtzuR9Xe5cRctVdW3TxTgtbh6C9oEfL5x2BpM1uxcPd281FPe7ZtEhokQveh5prkG,sell,XOM,DwBR6tLSWzQ6ZDMJ7h49p7y6hQtE5gBxwEfQfLUmZuxF,26DbLxVUgQPmmwwFNpoWbeTuCT7jn8f19cFZeRtzNwyW,DtxePXmV6j2JQpVE4r7LnDyzcxG8YRSemoyWeF9mxvPm,34661779,213388611,162435000000000000000,79,1,2026-08-24 16:14:37,3rVCFULobFoog9SHKP2AFGzj2sLv4Sx3Cmx8MexEXeUyYTuZwVTwfZnFJ5QA4agVVbXBqzmvK2xd6gw9EVLLynsQ,8,2161061371574208406218101681954579800,,,34662419,34661779,1
2026-08-24 16:14:35,5W28ktNfqpFDdduygzGvehxMxfvAVvn6WtHGj2RcFYc2gnsnorMUpkMxtQZd8iri3mtJstEZxHrxG1gEN1woJWmx,sell,GS,HbCB8kGqwaQi9Q1K9EvYjfbMnFjaAUMQAeR3k7PDAKin,26DbLxVUgQPmmwwFNpoWbeTuCT7jn8f19cFZeRtzNwyW,EJdcfuKXUES7YJZAb2hUQD129k8gfym3QaoQErDLCbmn,1987495,1922522,1033796000000000000000,130,1,2026-08-24 16:14:41,3bB98cRhmNXSHoXJP1VWMH1DMR5iR2hYVe3np8KjTHUaaBUimtrwo2H4TbkWLu98qM6Q5BfbwAYjkVHj6btQF5Xp,6,2161061378837442702744929610372676115,,,1988529,1987495,1
2026-08-24 16:14:41,fuFsJypZ6FuMZzu2Gqr3uHdSUjQq9r3yHy6WALn3uZhPgNjBjW1CAtpzbK1311W4pz446wbcMuze39oQuRFkxKf,sell,GS,HbCB8kGqwaQi9Q1K9EvYjfbMnFjaAUMQAeR3k7PDAKin,26DbLxVUgQPmmwwFNpoWbeTuCT7jn8f19cFZeRtzNwyW,fsYNUS3ZZCmA1hWzrdRZcVcbV2NZbUb3uFUefjJTj2t,3974992,3845045,1033796000000000000000,136,1,2026-08-24 16:14:46,DXuQqKJ2waoTpVNRJcRMPQN5frtqAGQ6Uf6ESnizhhTM1rVPurq6qXWcwWEHBmYMqx7NjMpmBPfNf1PgpHU3xPM,5,2161061386099478288515875256962382374,,,3978183,3974992,1
2026-08-24 16:14:47,4kjYbMw2UkePfX86KEcTVwT9X3ZhAvGAiJKV3FBSzwR85q7reGKMk3zTeiFEUBpfVAy3BzAKUdHLDL9nWxyZbXQ6,sell,GS,HbCB8kGqwaQi9Q1K9EvYjfbMnFjaAUMQAeR3k7PDAKin,26DbLxVUgQPmmwwFNpoWbeTuCT7jn8f19cFZeRtzNwyW,GGLUJP1D8uTFijbYcEbx1PudaWx1Pa5K7yF1pbXz6GMM,5962487,5767567,1033796000000000000000,142,1,2026-08-24 16:14:56,gYddnVkG6A87UdAY2cNN5uFwQAShFv6Uisqdy9N8pyDrHyn3qcLutt2i8HLDL5apzTw2Wvhp9i2FTf47JKgDmP5,9,2161061393149922471300305770022589177,,,5962718,5962487,1
2026-08-24 16:14:53,4FuNfuDqvms5g9ZDek9WmHCGJBSA9SNCUHy76CZkkQDcckQTPXT6VtM49y5UuUGPsHDJmsBYbHTMTnoyevJKS4Kf,sell,GS,HbCB8kGqwaQi9Q1K9EvYjfbMnFjaAUMQAeR3k7PDAKin,26DbLxVUgQPmmwwFNpoWbeTuCT7jn8f19cFZeRtzNwyW,AH65HiWsS2rTP53YRW65KGhsPu5c8UaUkSiDZgapP2j6,8943732,8651351,1033796000000000000000,148,1,2026-08-24 16:15:02,AMjKiDJXXP8d821qYDtSm6787XkGcwG9ThfKgJerPEqWwaZgUULMW1vdX2nmjjaCgRTYLq9wL29WUrfshn7yEXg,9,2161061400617474615796896022868926743,,,8948732,8943732,1
2026-08-24 16:14:59,5pmXePkCNi7estrunqwCPyRfFRvrN8m8Cw2yY3YZfae6LvYJfNajx8QHh9cawTfz8S8dvnQxrHBjJjntBPMmU4MV,sell,GS,HbCB8kGqwaQi9Q1K9EvYjfbMnFjaAUMQAeR3k7PDAKin,26DbLxVUgQPmmwwFNpoWbeTuCT7jn8f19cFZeRtzNwyW,68M6wxo9zgz2jzyDB4ddamQHxHrjjEURRULSqf6h9jxK,11924975,11535134,1033796000000000000000,154,1,2026-08-24 16:15:09,3ZVhmmPJPPNPNcrXVytPf5Fp6BmwPLMu12XHzxPLt8NQquTvqz9VD1SzcXyg95HZpCbp1LPmocrCzcFBkNLzweAr,10,2161061407660653328495195780610436195,,,11932750,11924975,1
2026-08-24 16:15:04,5MWiLSg4P9kGhUsMmQHmGcEczEHVXDvSBXEywRE6SfYQ8zgRAhj5vSxKMS7zJbbwHJW91yQHuYt9rJ3UZ9mytP5G,sell,GS,HbCB8kGqwaQi9Q1K9EvYjfbMnFjaAUMQAeR3k7PDAKin,26DbLxVUgQPmmwwFNpoWbeTuCT7jn8f19cFZeRtzNwyW,4EGMKEgLeB8TSsoityaXZzHCtzD4NAE7UPxV7FK8er7v,14906219,14418918,1033796000000000000000,159,1,2026-08-24 16:15:13,2wih5LJBSLXHhv25fezauccVp8HPZxGuP9BjJR8QZi35vJNr9HZpoPBgGJbcHYDMP8MZLdDc11MHtSPxbTRDxJHi,9,2161061414829585412883963706266955895,,,14914784,14906219,1
2026-08-24 16:15:11,3KzcjcqVBdRhjS96VRhMV56ysgpXnaPEfvnJpCjji2Re8mp7Eeu7Cvr6nu3epxuqwev3ExCmf1H7JB7XQSV25pGW,sell,GS,HbCB8kGqwaQi9Q1K9EvYjfbMnFjaAUMQAeR3k7PDAKin,26DbLxVUgQPmmwwFNpoWbeTuCT7jn8f19cFZeRtzNwyW,GXJe1DCjJMSt6DQYV6vkjEb7EQLHxd2T8Sjpxp4fZ9oX,17887463,17302701,1033796000000000000000,166,1,2026-08-24 16:15:19,2pR3sVjAuBasjvhpsrtBAuLnB2rDm6kP3j82jEN61khfvNw7oXmiP1iEAJT75Xqj1JXGKRomSLMAScGWKTT9SMEd,8,2161061422072275732031402227820129890,,,17904212,17887463,1
2026-08-24 16:15:17,4GJSkBomCsijHBp2Zy5rpUvYrpWvNAN1EGg8N6mvoktvjiLkJNER8d14PJjXARw5QaiAAaoLkJtWSx9ryhLVhuSg,sell,GS,HbCB8kGqwaQi9Q1K9EvYjfbMnFjaAUMQAeR3k7PDAKin,26DbLxVUgQPmmwwFNpoWbeTuCT7jn8f19cFZeRtzNwyW,24dHFFRj6TDjXTi6DzbfT6neTJuiaQvig9nzreKYxDR4,21862455,21147746,1033796000000000000000,172,1,2026-08-24 16:15:25,53eMayS8uXtVTHuprUtSLfWpXSdYTeCxq4ozNQsqJCDVNSwMK8Hez87fEXkXUHyoR3krNEu9d3nQd6s59NSHbcDo,8,2161061429431012140724308418428804333,,,21892992,21862455,1
2026-08-24 16:15:22,4R31EmRGLp275giMc4kHYESyY8vWKrJy1Vjsg5VGpPeiAv8ULC44EXwwnybJiFZSqoRcLx3nkZLDxGUZRswMFg4m,sell,GS,HbCB8kGqwaQi9Q1K9EvYjfbMnFjaAUMQAeR3k7PDAKin,26DbLxVUgQPmmwwFNpoWbeTuCT7jn8f19cFZeRtzNwyW,J5q15TiJiMBe2fJgAbFgAPVesPFS8C8n7Ei5a3vB1x4o,26831195,25954052,1033796000000000000000,177,1,2026-08-24 16:15:30,4fqb54GVmsphWGN6FKg6UmxKSfDfiEpne6UwrQGWn5ZwYSeK1y1pQhpJ8G9tKRQsB3yHB6ED4REzc4v8mBp16S1,8,2161061436479042380188574452531764580,,,26861405,26831195,1
2026-08-24 16:15:28,2sMVErXygeYY2CpXKQjdcaJZUZyNBkeG49K5Q1qAEenXv6zrapm6jdkqC2HB5z7WE5mYJwBxTKGUXHCbKbUZKTPz,sell,GS,HbCB8kGqwaQi9Q1K9EvYjfbMnFjaAUMQAeR3k7PDAKin,26DbLxVUgQPmmwwFNpoWbeTuCT7jn8f19cFZeRtzNwyW,9e5bLPu8mKTgBiFnyT3kM7E6UmEtMArzsjSEnt6Lnud6,34781178,33644141,1033796000000000000000,183,1,2026-08-24 16:15:37,2Va5JCh1UspfXAmp8xumT2mfG6bVGLbUmk1azBYRFytEzEBYMSqy3qKzFASfmL4Sb2TFGE4FgseZeM2CstBR6uin,9,2161061443502874794735905049213647005,,,34820609,34781178,1
2026-08-24 16:15:34,5vuvACbUrxRvNWjHETWGHCAZUUrhkvNY8hDVbymogQj1nTJ5uPUtVGAiiBiJB97jgKpedvpQyuR4AvJyaRtxiKB6,sell,NVDA,FkzjAJX584L1LncQb8AKSnGhc5sLvZjPGCgZLGpeHyTH,26DbLxVUgQPmmwwFNpoWbeTuCT7jn8f19cFZeRtzNwyW,4cFGLLDPcCfZEFNDghziMMSnRDniyt8MtyKe6vAuBP5z,1952699,9287207,210256900000000000000,101,1,2026-08-24 16:15:42,5aSD24e8GufosSVGQrJ38u1YgEQ6ryC9B45A5zxV9zWHV543LCKLzsvRKuZfhiiGhwPiHaXhc8DMsP7gDKX7jJ2v,8,2161061450650054235228499555850853804,,,1954697,1952699,1
2026-08-24 16:15:40,3Cd77LJfi3HJyheMxTcvS2q5uzTNmvgYmoDhithkqCXKfiKNTG3tX9fZzWghuLyMLNSicLZywBJ8ZuBHZzfydGDJ,sell,NVDA,FkzjAJX584L1LncQb8AKSnGhc5sLvZjPGCgZLGpeHyTH,26DbLxVUgQPmmwwFNpoWbeTuCT7jn8f19cFZeRtzNwyW,BKVmEGhVESW9dShgYQCDtVbL6S9Yp3kHyeNF4LGDv16J,3905398,18574414,210256900000000000000,107,1,2026-08-24 16:15:47,37ezst6HkkVACumst6giJ8ANujeHWZnKoZynrSVLgiBuXrVHQWkx49Z2UgLzpSkmdTDjhYfcXWEenxnqH1gtEB14,7,2161061458020898627918449128896657181,,,3910137,3905398,1
2026-08-24 16:15:46,49zZyz5ZJZsWtMk7F7qs2qQhMUtibDzSFmj8RDgYYaKF94j4e4TtfConM4FjVeFAMw94DfttQjrXQZYe271SXPfG,sell,NVDA,FkzjAJX584L1LncQb8AKSnGhc5sLvZjPGCgZLGpeHyTH,26DbLxVUgQPmmwwFNpoWbeTuCT7jn8f19cFZeRtzNwyW,EntQn68JXoXWBgbABiuBoQYYY7vT1XNSHdCEdm7XVBMm,5858098,27861621,210256900000000000000,113,1,2026-08-24 16:15:53,5CLbtgem9tPc7QL3L4HyLCWFQ7W6ekajsYZYHUaU5hLmLuLmqRLhteftVKAsQK58iGdNwkCzMoEbx8inBpV3RtfR,7,2161061465188620419951674025561241762,,,5864982,5858098,1
2026-08-24 16:15:52,2QjFRZUUi3y7eB7fLW72SVMmFsXzqceZMdkyPuAkaUH1D71BSYqkCWVY5mrGhSQvmWLQznSafHfGcyzu5ksdH63b,sell,NVDA,FkzjAJX584L1LncQb8AKSnGhc5sLvZjPGCgZLGpeHyTH,26DbLxVUgQPmmwwFNpoWbeTuCT7jn8f19cFZeRtzNwyW,9hwuWcfoVUzNNC7L4akRGWApaJjcBBGxSERbf9MjCUM1,8787146,41792431,210256900000000000000,119,1,2026-08-24 16:15:59,Mrx7n8358k7CpzUmeZbphN21UEB1hhAqxATB7uay4Zi9cwKPgsGU1kJMV3eNBB5EEnsWnQEt6og469yBgoNwAoT,7,2161061472356333563438535640867875443,,,8796554,8787146,1
2026-08-24 16:15:58,3V6wSGK4h8DVEmENZfXDhjF9aHzXQ52TAKri139t6xAUwqzMiBkvbuWSmoBUBBL3GXLNyE3fzUS1csQSKKG2wXR3,sell,NVDA,FkzjAJX584L1LncQb8AKSnGhc5sLvZjPGCgZLGpeHyTH,26DbLxVUgQPmmwwFNpoWbeTuCT7jn8f19cFZeRtzNwyW,6jkLjDiC5qYp2mXe13i4xM2A4JdRprUchubNu16e81k4,11716195,55723241,210256900000000000000,125,1,2026-08-24 16:16:06,d166Qzh3Jzty6615HpYAqLGvzFY4qTuYKUtppUbLLKjtqYNeDnVCxnaah1kPqv15rZ9bHDDexhWopKBUFGgdh5A,8,2161061479600197871051669899768691285,,,11728850,11716195,1
2026-08-24 16:16:04,56t28pA6ZKToiPvJMJUHwP6q2Exv8BVTHGbfgGyS3iZZTTeCG3ZDDYFGmfDG7VJiCvNR53WFxdn4BdwgKvrGP7z1,sell,NVDA,FkzjAJX584L1LncQb8AKSnGhc5sLvZjPGCgZLGpeHyTH,26DbLxVUgQPmmwwFNpoWbeTuCT7jn8f19cFZeRtzNwyW,3AWr8oTXQRXghFxYKF4MsUc4FjcUEDEQgrMETKKT3R2b,14645245,69654052,210256900000000000000,131,1,2026-08-24 16:16:11,2itrHd4DQLcShayzgR7nBxWWSDj5FSaMyGBky9VoARThGFm1a8FGJqZBHbeiphAF66Zf6uBjBb9rS1kJtNZ1wKnY,7,2161061486679674129195097276592186701,,,14661899,14645245,1
2026-08-24 16:16:10,2cVW3sacq4jeAhoeGAE43gzjPiUHr4vopcRpqX1MYFGWRQztydHfW8Vjih6iS4GBPN6KDUeFPzE22qpt4kdZLWrW,sell,NVDA,FkzjAJX584L1LncQb8AKSnGhc5sLvZjPGCgZLGpeHyTH,26DbLxVUgQPmmwwFNpoWbeTuCT7jn8f19cFZeRtzNwyW,DMfz5XVyB4hjS5dzqZCucvea5eyoZgy3rG8ztHsxSP7M,17574293,83584862,210256900000000000000,137,1,2026-08-24 16:16:15,3zu7EBJf7dTHU9UvyvDTSiVKCF7PmSEgmKMJTGN6qp72bJLaomUZrWY9EUuosTz1vZrMR9KgR17mnpBC4mgSx1us,5,2161061493887304771283013440371591502,,,17595616,17574293,1
2026-08-24 16:16:16,5uK16REcyu9DW5JizP8RiSeGK1iM8gpefLSHXV6fzEgZEeoUpadCVchLcSrXJzaB9CopeaKoz1R9qnTBiN3RbatA,sell,NVDA,FkzjAJX584L1LncQb8AKSnGhc5sLvZjPGCgZLGpeHyTH,26DbLxVUgQPmmwwFNpoWbeTuCT7jn8f19cFZeRtzNwyW,DMZUduvYchkfCCig2xAyWppd6td5Ua1MezFfgboNxThJ,21479692,102159276,210256900000000000000,143,1,2026-08-24 16:16:22,2Y8i57X9LK4QVYzgUeXDUP1cGQcWNBJka1NFNDBvmYBUXpXmKLRkm6Mzdp56a4rB3rptfAGRYi24ksHY9mtYTsvP,6,2161061500913553797413752461526697623,,,21508001,21479692,1
2026-08-24 16:16:22,5ALzrM6ksKmycYtS6WBhND7UpRU6RcKxhe7NyctacE82Em8DDc6Y1tPML5UJRsuX7y9jYVrx7Nwfjgcjt3nmxbNB,sell,NVDA,FkzjAJX584L1LncQb8AKSnGhc5sLvZjPGCgZLGpeHyTH,26DbLxVUgQPmmwwFNpoWbeTuCT7jn8f19cFZeRtzNwyW,3oucufCA6sVw3ZDiaofeSvBB9bJv495a3AZDXokVtZgk,26361440,125377293,210256900000000000000,149,1,2026-08-24 16:16:29,52RsJz9vLJytDs4WufEtL6GtMsHGtaWbPvBAaz1v8QURJiPXA2RXW9Fu9sVSkaeH4eGS71iHbssgvWosCjahLHHF,7,2161061507989418850225765835090424014,,,26400195,26361440,1
2026-08-24 16:16:28,2yDn85LZC21insfZrRPdQQux6zeqYPG82mGFLG6M7ThVKyihNDRNPe5hvnCXrRahJYGmrFP7mjHsTAimbmLbGxgV,sell,NVDA,FkzjAJX584L1LncQb8AKSnGhc5sLvZjPGCgZLGpeHyTH,26DbLxVUgQPmmwwFNpoWbeTuCT7jn8f19cFZeRtzNwyW,AepqCjCFA7KvqKTNsr8gD4C1A7LKRMNptD6ysX1NhBVE,34172238,162526120,210256900000000000000,155,1,2026-08-24 16:16:34,LJDcEuqzVS4yAuYfDwpwHfckyRFikhgE2BvfVywL88Cc7igTN2qYWBXw51ikZqvLYaqZ21sBFw96yHpDyHxukns,6,2161061515373538623015200144384919209,,,34221824,34172238,1
2026-08-24 16:16:33,HAtquNS7TB8jCqQgrV9YYPKPuDqqvqMUo7dsqULtCjewNuiL1AmP8ADqH5ofiJNFomjDXYhN3PRvr8XC335qn4E,sell,AAPL,B3S7TuCmBPsNJW32SzRLBwbmWmgNzFBuHnBG9rdvt6K5,26DbLxVUgQPmmwwFNpoWbeTuCT7jn8f19cFZeRtzNwyW,78gH2TBfQBR7xNFDRjMkucMWHFCkSaXdB261cBGEJXut,2002662,6430868,311413999999999000000,115,1,2026-08-24 16:16:40,2t32EJm7C8MpZ852bGoVRMaMxaRZTXVXrn1Q2meFCnHcVGkGBiGyy4e8i9mgHMUHwDD7oLr3tkqo2L161jFR9fWb,7,2161061522472349023170711536042471316,,,2004887,2002662,1
2026-08-24 16:16:39,qP3CxmxP3KBBZ9XV7daaUmwSExFcYRov2CNMEMTZGabnya7aLrVMaPCbJPW3cETTa2b5bqtRbLR4ZbYoFS99Jfk,sell,AAPL,B3S7TuCmBPsNJW32SzRLBwbmWmgNzFBuHnBG9rdvt6K5,26DbLxVUgQPmmwwFNpoWbeTuCT7jn8f19cFZeRtzNwyW,EDe55fBG39ioDgh4gWcqRMdv58Y9jEDD5w9mLni9go6V,4005324,12861736,311413999999999000000,121,1,2026-08-24 16:16:46,3c1ygNvTM7E8CjFQnxGpG4nzkytuLoFHK3f66sAMKFrVT97bF8hQixYKRQuB7Dw7UygMhApPu2dQhnz9cwTMbXgr,7,2161061529370468828949265401718628651,,,4010289,4005324,1
2026-08-24 16:16:45,ywfrAarXXJweMh6ohp8yvbeZvQ4bQjnDyYSPmWMWA57cpxcbhyBN97ghj93wkGAuBCuzKq51KFPy4BBMbkNcZZZ,sell,AAPL,B3S7TuCmBPsNJW32SzRLBwbmWmgNzFBuHnBG9rdvt6K5,26DbLxVUgQPmmwwFNpoWbeTuCT7jn8f19cFZeRtzNwyW,6GEc9Aifhd1rcH6TK7fduZWaMyFnMaUgextqSekw5Vak,6007987,19292605,311413999999999000000,127,1,2026-08-24 16:16:54,raN454hEqTnC9DJBv15JL7vFze8LHUb9w6cwa5DsC3oWXLphkSJy3rKJc3Srx1EergUUnQ1mr9emq3B5eSQr8vR,9,2161061536758231298264802197801784660,,,6015935,6007987,1
2026-08-24 16:16:51,2JWCkMCexEhZcRRcGfgNBPaW2mEDZKfatZFJbfgpV9ur9aNeryzJYCqdPJ28KBvgb6WEcLzBLhndCLHt5cEMi975,sell,AAPL,B3S7TuCmBPsNJW32SzRLBwbmWmgNzFBuHnBG9rdvt6K5,26DbLxVUgQPmmwwFNpoWbeTuCT7jn8f19cFZeRtzNwyW,8u5Qwu9fNoTHzN4q3bCFhpJySk7fyJXkLgpbXrZM9evd,9011980,28938907,311413999999999000000,133,1,2026-08-24 16:17:00,63JFjxw4eXdPZ3LkA53jTf28t9G7FeuB1zUrs62cmBdSVk4n4cu7b7vBP4yXsdZmBrrNsv6EuPJB8mxopmUznvag,9,2161061543910238292146433901824726789,,,9025929,9011980,1
2026-08-24 16:16:57,4iETHePsEtEf4tN6xpha84yA5d3MbQSUR9XyRmuRC7eNN4BWCqjbuGsZ5fz4EB6xD2ZTr8rZL91uDxpSKRJeaPuC,sell,AAPL,B3S7TuCmBPsNJW32SzRLBwbmWmgNzFBuHnBG9rdvt6K5,26DbLxVUgQPmmwwFNpoWbeTuCT7jn8f19cFZeRtzNwyW,CTV6Ds7ijzf7J5GSVSVTsJ2K5YVznoPbmYVsmJvfMhHC,12015974,38585209,311413999999999000000,139,1,2026-08-24 16:17:05,2nAFmwi638sr87GDNBQoC4zrDw7pJ1aPvwqrRi6JJAM5wb7HDztBL6eXuTYN7zJYyFRSLHo8Fk27oenS4koKc5J4,8,2161061551171020978177018439129739114,,,12035035,12015974,1
2026-08-24 16:17:03,2ieBNQ7MaTKWqvLU8W2b3K9wFFcEjT9zq6DoW9iw5zWmx2kmzUwfzadmFCgSuZgbpVWYXz1qCpvCv71s6ykYpwkJ,sell,AAPL,B3S7TuCmBPsNJW32SzRLBwbmWmgNzFBuHnBG9rdvt6K5,26DbLxVUgQPmmwwFNpoWbeTuCT7jn8f19cFZeRtzNwyW,33oAvSuuXBxUjsiQzngHT1vVxpTneQ3JAgHL2oL31AVm,15019967,48231511,311413999999999000000,145,1,2026-08-24 16:17:12,4XVJSHFxKo7MSZtcc5iUDvB1kYfzktfjG7hjEzX61WCPxYFaE1Adsj596GhZ8JfXB8h8MoTKiC59eZKaq3YCcz5F,9,2161061558545501664928790130467401621,,,15042925,15019967,1
2026-08-24 16:17:09,4A6ejAYRBRoL1BK8ssFyveaorHmWHMguJigpJny1Zff9KZwyTnDUo4fHinMiFsSoxtU8962zLj7CdJxadqUf9QL2,sell,AAPL,B3S7TuCmBPsNJW32SzRLBwbmWmgNzFBuHnBG9rdvt6K5,26DbLxVUgQPmmwwFNpoWbeTuCT7jn8f19cFZeRtzNwyW,3rGtYMSVPDMBj2Pv8LEfuvQyRtGpTzwyV85j7cSGLgfg,18023961,57877814,311413999999999000000,151,1,2026-08-24 16:17:17,4pgPW9YutTuhXATugQAFdgMpYHmdvGP1f2EDXrxXRkR8vTkyKySN1JeBbWW5Q6RsVU2HGEycMLoGvkvs3Jp7SGXu,8,2161061565709563531319008540413973065,,,18052553,18023961,1
2026-08-24 16:17:15,3t2BqLkfBWyLwreszDnAFGo9gvPCYbQFnbjgqRoE5Wzd2qe19mCi5yUJBeo93y4pZCWpCn14AnPqt1342VuuDNJR,sell,AAPL,B3S7TuCmBPsNJW32SzRLBwbmWmgNzFBuHnBG9rdvt6K5,26DbLxVUgQPmmwwFNpoWbeTuCT7jn8f19cFZeRtzNwyW,GLhFVcDXWAL8fHXC2eCWdXZzwGiNX79o31S95duyXN8k,22029286,70739550,311413999999999000000,157,1,2026-08-24 16:17:22,NSAkX4BPReqXD23A3WnnxbXzc5HM2Sv1b24ZFn1Q4g7J5y5Ydn4KVT6miTm7VbFRtmguHsK2EJbbbgaCw22nbxJ,7,2161061572772130615994250522351492314,,,22062109,22029286,1
2026-08-24 16:17:21,39wqosjrdPadK5e3t81V4HXpa5gpGREwKpi1SPcJpd7uPZGkE8FjL8ybhAdrceczNAsXtvbh3P3SRq5F3GoLqhrY,sell,AAPL,B3S7TuCmBPsNJW32SzRLBwbmWmgNzFBuHnBG9rdvt6K5,26DbLxVUgQPmmwwFNpoWbeTuCT7jn8f19cFZeRtzNwyW,HwRWixFdREhnm76otywZJso1pG5WLESPcqbP3vG6bD4E,27035942,86816720,311413999999999000000,163,1,2026-08-24 16:17:27,TZ85FZtRu2qjJtTNLp3VELi97QaDWfx4EXQz5wpg751eSCDBTTdMed1FhmCaxJMNaCDfGyZfHKMwnjXsSZesKYX,6,2161061579757276850530143678864198737,,,27078308,27035942,1
2026-08-24 16:17:27,kpzyMWR127Bxj4Gv4o6SrZQkWesyn7yoLUDsEtiCN9JX795iNM9e2gaJmWRWsCkT5jtTeJiV1uLjZJcHfmXAVkH,sell,AAPL,B3S7TuCmBPsNJW32SzRLBwbmWmgNzFBuHnBG9rdvt6K5,26DbLxVUgQPmmwwFNpoWbeTuCT7jn8f19cFZeRtzNwyW,4i7Xa8mbxQRfVurvy9zoG6GLfWvEU3gRoxwzGQKsnzUp,35046591,112540193,311413999999999000000,169,1,2026-08-24 16:17:33,2s2qH3JnGG79HPYT5e9yjLWGw727xsHcoHENkaJuSg4G3FQTWBq1d1XL4y7xg9JzXdzDwK6dePosgvot7STwmBg8,6,2161061586906874294231686364459192943,,,35098810,35046591,1
2026-08-24 16:17:33,5GYkPDQJ1GB3RTTb74ciaF3VnwnXov2oGQWZ54pYe55mABYUNfv7PtkjCNqmqoHK4sWNJNyt7p7d7HSmD3JU2X9G,sell,GOOG,6a2yZjSpCncEyiPrB3ifnAJdqJVUNymu7vEvLCaySqmp,26DbLxVUgQPmmwwFNpoWbeTuCT7jn8f19cFZeRtzNwyW,3SgpgDqpXKGXMD1yyf2apcn1bSzRuhyXsWiU7zWKvWq2,2042410,5882180,347220000000000000000,189,1,2026-08-24 16:17:39,beZop3X8VterAxkU8XYq2rDWhS53y4oPfMoUED6Vim5qG2XFFEC62GsgsyXXAnnRWqX8Q79iJ647nGiRGboWWj6,6,2161061594048023456838512017707330231,,,2043763,2042410,1
2026-08-24 16:17:39,2nzmKMfxFoKMUZVckDkHKVE4cjtm5av4NE1VkNyvizWZAc2qmrVswDvBATnLRkST7did3oj2VvjAQTsViAdZeXfi,sell,GOOG,6a2yZjSpCncEyiPrB3ifnAJdqJVUNymu7vEvLCaySqmp,26DbLxVUgQPmmwwFNpoWbeTuCT7jn8f19cFZeRtzNwyW,jvardMcELTL7C8aMTrxBh3iSr6ikaVtUSNoLSUn6Xpo,4084821,11764360,347220000000000000000,195,1,2026-08-24 16:17:43,2u8KEuvL6AUP2pTsqwJyTSR8ch1iqkHfBatLGNAQtpBLbar6BAiYp93T4HguWTVeLnrBPYfLqknt7RfKeEG4w6aY,4,2161061601149249554917323364509151822,,,4087550,4084821,1
2026-08-24 16:17:45,4VNCqUw7oPct4ysQxcpuf8aKh2BmpVZgaHwvwJe7hmioeWnsx4YrGPZSRzTEy1QEsf8N9QY45earLPXUjnikoboU,sell,GOOG,6a2yZjSpCncEyiPrB3ifnAJdqJVUNymu7vEvLCaySqmp,26DbLxVUgQPmmwwFNpoWbeTuCT7jn8f19cFZeRtzNwyW,E6eqqKLTwsixrh8DqdNo5eic19MWxz3TDE46jLdHMhfN,6127231,17646540,347220000000000000000,201,1,2026-08-24 16:17:50,4MZpQCRpPYoacm3ReASY63KM1EhWQNyPADdZNs8f4SN8Xqsoh6PpBYENie9RqJUoykon9Ukw2hmSHgVXTuszVeWL,5,2161061608338712937408100549480968150,,,6131607,6127231,1
2026-08-24 16:17:50,24akkjhqc5fpnDXuk76VuQXUCqCY5H1oozvRk9gfYyv1ikacp27VBnbNxAr3hm8JgpE2QkVocvzxjMQy6HkojGPc,sell,GOOG,6a2yZjSpCncEyiPrB3ifnAJdqJVUNymu7vEvLCaySqmp,26DbLxVUgQPmmwwFNpoWbeTuCT7jn8f19cFZeRtzNwyW,7E8N1Cwgxhrdm3QC9zGRR6ce5GsLMmL7k79HuFuFn9pw,9190847,26469810,347220000000000000000,206,1,2026-08-24 16:17:57,5tMZEnN5xxnsQdh2wenM4r7UkG9LezAcxaRy4c7wX4jjunb3DjK5sywm1YCosoKWxFADSgMThUFWyoQXeg8ezdAR,7,2161061615337186147996657162596817248,,,9198206,9190847,1
2026-08-24 16:17:56,32DmCgZy7V3j7bis9etjvZHzyZhXreYepnoTUCyY4nxzUvtfnTTZqs9PwUejTUHv36SNaJsLm1jdwt23iZoeFeA9,sell,GOOG,6a2yZjSpCncEyiPrB3ifnAJdqJVUNymu7vEvLCaySqmp,26DbLxVUgQPmmwwFNpoWbeTuCT7jn8f19cFZeRtzNwyW,Gf3jpQRgyerJLmVPbdLwLh3GMA4LvhNRnmHUMb1S1KM2,12254463,35293080,347220000000000000000,212,1,2026-08-24 16:18:02,7oQoRPHUuene1iub4DVrqwqc5kJeEvZfRDovBQ38Yn89yJ2rhz9odYME8UpxtVuuRArMZGsWP6uHS2fabtUm8Cd,6,2161061622492832019703426660136256848,,,12263710,12254463,1
2026-08-24 16:18:02,2MvRbVLVGzPJEWA3Q9x3LERRTWyabUNZHQHUDebjNDh2x4qA3xpSvgGJKizcs1s5UTWF7auGLLN6psWwWtZbLdjT,sell,GOOG,6a2yZjSpCncEyiPrB3ifnAJdqJVUNymu7vEvLCaySqmp,26DbLxVUgQPmmwwFNpoWbeTuCT7jn8f19cFZeRtzNwyW,3okCLecsoh1ByHsM1MxGJ56myxY7s3ga23HW65HzDv8N,15318079,44116350,347220000000000000000,218,1,2026-08-24 16:18:12,29H36C8crQLJrCE1inJALqng3pczpdvVif3PiBTJbUUkC7vxBZDZHNsXo8KBssGWpyn2uXtcWB8Gu9cs4PXu5N7M,10,2161061629415118872945243880171640784,,,15328578,15318079,1
2026-08-24 16:18:08,SkTqGu4rwQ7dmEUnLLG6YoNpehr3d8R9oJoGQgoowBbjTLN9H9Thi51nzJGDbcG1mq7fU2WS2As1FxSZZfp8TVy,sell,GOOG,6a2yZjSpCncEyiPrB3ifnAJdqJVUNymu7vEvLCaySqmp,26DbLxVUgQPmmwwFNpoWbeTuCT7jn8f19cFZeRtzNwyW,3izEe42s6TqRp1XJ2PZTvntVg7BqDDzdX2nw9Vd1evJV,18381694,52939619,347220000000000000000,224,1,2026-08-24 16:18:19,Nf1xHMWkMrc1afqdNEA561htUAWQkzrbnmcfUpZAdG2EyG3Wuc5dwvNfPbasCvrpGeXksrgnnF53yV767vF7Lic,11,2161061636432931189092168559720701386,,,18399588,18381694,1
2026-08-24 16:18:14,spsiH2nyUdNRnotwqaDUrsB9PXcohXbR6QpjHEWqD7fDG499XSNjnhcQfW7wSaFtpL3KzK8hFDWXtFJwn3LrRrt,sell,GOOG,6a2yZjSpCncEyiPrB3ifnAJdqJVUNymu7vEvLCaySqmp,26DbLxVUgQPmmwwFNpoWbeTuCT7jn8f19cFZeRtzNwyW,DYtD2RQBcsf8Gmv8GYEWr3Bw6QsFDsYyP2hRcZ7t3L63,22466515,64703979,347220000000000000000,230,1,2026-08-24 16:18:24,3iKEvvhjX5LPKMHj8z9TxTWivHNFU93kZJMJ2XgZ3dfQQqGMGfd8jykoHU9Ttzp7mPJ4od4jqVEYdv4r2kmbb94A,10,2161061643548696876925223182382547690,,,22488903,22466515,1
2026-08-24 16:18:20,25uUjBaqCrFC7eQreSLNFCkSMFEpXX1UcTsiT1amQ5hP2ZiYUFoQHPaUmY8QGfbTXkB5VhpaRtyizyh6s3b6UbXk,sell,GOOG,6a2yZjSpCncEyiPrB3ifnAJdqJVUNymu7vEvLCaySqmp,26DbLxVUgQPmmwwFNpoWbeTuCT7jn8f19cFZeRtzNwyW,GVjBLRAnp8dK44SUQ3HP24G2WNQvRDHQ8KPRSdjnkLYS,27572541,79409429,347220000000000000000,236,1,2026-08-24 16:18:29,2Ux1yAvBHRKhna4tgLCv5MuCK9avn7fjJYGvRxHYFMdsub4nMWKc3EE9Gyq4hsA4ZDXvUAjaMekTU63GBnE1uFoV,9,2161061650603983588483921100332808285,,,27597476,27572541,1
2026-08-24 16:18:26,4VrHr9xCDgHoWX5KBhx5SboBJEpxn892jKrgy4LHNCmRiY2pcdiBc5uXYUv5c5Qw2KLHSUe6T2MhRu8ehrfXtuDi,sell,GOOG,6a2yZjSpCncEyiPrB3ifnAJdqJVUNymu7vEvLCaySqmp,26DbLxVUgQPmmwwFNpoWbeTuCT7jn8f19cFZeRtzNwyW,5FZJuSLnDsH5upQ9KJTAgWyephmq3y5XbaUC959Epfnk,35742184,102938149,347220000000000000000,242,1,2026-08-24 16:18:35,48wBZko2HcJfz6vipAp5QK3gHS8JHB96zjiCTH1FGZoxE1Vv6mn6d4ZUsWpg4hRM86k27WRybYiV9GbYN51J6sWV,9,2161061657954261739567479954331105005,,,35771624,35742184,1
2026-08-24 16:18:31,3hPDLvu83qVB7cQPySyBJMbnf65f3b23kSGGDSvNU6VvC9VgxbLZzXVG82xJ1PZNoAsFz83NxiCwQcEdKTdkKT4j,sell,XOM,DwBR6tLSWzQ6ZDMJ7h49p7y6hQtE5gBxwEfQfLUmZuxF,26DbLxVUgQPmmwwFNpoWbeTuCT7jn8f19cFZeRtzNwyW,BVFgeMEUvEdYwNa61Z4HjgtUjRb2vLB1we6Zjb6gNAHY,1981099,12193635,162469999999999000000,21,1,2026-08-24 16:18:40,3QNdpwKWfNqYwNbcbsFGb3CXeD1C8C6WBSVo4ZuJBjZsqLomqngq8NwxnuQLtxc6SyXRV9iBbmooWYs2EDCRDum5,9,2161061665113505021743589445003740149,,,1982319,1981099,1
2026-08-24 16:18:37,4Nk3wesTP1BNUyqSkeRsGRPxBqe8rFZ6SdXkzjgd1PYderQDg1hJqBDa4aytwWXE2WYk6jVvkpbBVGRYDF73HXqQ,sell,XOM,DwBR6tLSWzQ6ZDMJ7h49p7y6hQtE5gBxwEfQfLUmZuxF,26DbLxVUgQPmmwwFNpoWbeTuCT7jn8f19cFZeRtzNwyW,CetTYwM9hk6Dcpg9fqA7rh9LTDnHSQBhgoiJK8kWonF1,3962199,24387270,162469999999999000000,27,1,2026-08-24 16:18:45,47tHSqQem7PELj95jeK5SQH86LFrnGbAwQTSozpbRAmx73r4LHKXuwfp2YePbqzDAJP6QibfyuP4XE4zAHAMovv4,8,2161061672406959803230855408644615902,,,3964589,3962199,1
2026-08-24 16:18:43,RWdRNswkhDCyNB1RV6Ch3ut7YX8HqjuSoupMHYDhy1nmoMrjcfiGBZGPAF8dSrR3B3cr3LvW9Ez9nkPnNxJBSkD,sell,XOM,DwBR6tLSWzQ6ZDMJ7h49p7y6hQtE5gBxwEfQfLUmZuxF,26DbLxVUgQPmmwwFNpoWbeTuCT7jn8f19cFZeRtzNwyW,2Ld4XEmE1PWa7mZpktF3tReFY7USMRUr9RzKJ2ms6pb2,5943299,36580905,162469999999999000000,33,1,2026-08-24 16:18:52,3pbkVpqZq2jaEyF55c7djjCDDkMqYAm3wbQV4YGQ1cKBTyUNLpWzqpz2dg2z9svggfmg5PFsErohaznKzg7r8rqX,9,2161061679430812876989370311163118761,,,5946591,5943299,1
2026-08-24 16:18:49,3EAZKRTNHSfogPqAY4oJXWD6etnkGj5W5s8EsH4SrqwKp8Dp6p6nXmhdhXLFET95wcT8HDUZ9jUDJgrtaYZzNvoB,sell,XOM,DwBR6tLSWzQ6ZDMJ7h49p7y6hQtE5gBxwEfQfLUmZuxF,26DbLxVUgQPmmwwFNpoWbeTuCT7jn8f19cFZeRtzNwyW,7jvhb1K4MRwPfax6XX7grFPbYoiw2t2wJp9ZxeSxrm9W,8914949,54871357,162469999999999000000,39,1,2026-08-24 16:18:57,3EU2Dwjpb5ieRR8Khdfn1yvuSn6DPYtkAVMreMGCXuTAoqp1ewWeKbRLZSGJS1nH9kpmPxFSmH6bEarXQLvuGjYV,8,2161061686797998650219659295524694091,,,8919339,8914949,1
2026-08-24 16:18:55,5R7nzaWeHGL78odfShtyEE9SksDFywbAxmgzyGHJsiiSujQmQemoB9USRXrQJAiMKx6mwtFsrfKzxeoFHuXQF9Vr,sell,XOM,DwBR6tLSWzQ6ZDMJ7h49p7y6hQtE5gBxwEfQfLUmZuxF,26DbLxVUgQPmmwwFNpoWbeTuCT7jn8f19cFZeRtzNwyW,AwFm65CNiWPJWcznBiNEsCkhgM8TwSWjHKASNtsU5FyZ,11886599,73161810,162469999999999000000,45,1,2026-08-24 16:19:00,5dQffAyKo56uT2SFtY1tZebKBiwySXxBQZR1k18nFrDRyHeinn37cqnZzhCkEqn9No6G3sMauDo7aRpMXoirsmbZ,5,2161061693843611942281914580263946081,,,11897573,11886599,1
2026-08-24 16:19:01,5HULgUsMcPh4QaYX4x44fWbunJi4V3nv7HvTZrpDtEt2BaXmobSNVKTMML3yQYbYp1Eg1F8MyTth18YK1osjMKut,sell,XOM,DwBR6tLSWzQ6ZDMJ7h49p7y6hQtE5gBxwEfQfLUmZuxF,26DbLxVUgQPmmwwFNpoWbeTuCT7jn8f19cFZeRtzNwyW,GJshm8RaDTuQsCHu5soRRMKwJuHTWimLtNwMfBRZaa5M,14858249,91452262,162469999999999000000,51,1,2026-08-24 16:19:09,4uZYkFgSUkpuV6u5nh2FipAejMW5soSWRTB2m5DCKzRAsjhmpHtkqECLg2nW1TWZcdh5zBopSZPeJriZvtDZTvWy,8,2161061700862648902392061712049963902,,,14871783,14858249,1
2026-08-24 16:19:07,A65eLcUwsieEFrHkFf48EbzVQChY5hzidRJEaUJHWkqm9RkRfRcjg7oCFbass4TaLacCUjudNJ9uR5Cs39ieF6R,sell,XOM,DwBR6tLSWzQ6ZDMJ7h49p7y6hQtE5gBxwEfQfLUmZuxF,26DbLxVUgQPmmwwFNpoWbeTuCT7jn8f19cFZeRtzNwyW,C3y1gq6amcKLBCWuiqSpmnvV3NSiRWenQSHniFyTBPz1,17829898,109742714,162469999999999000000,57,1,2026-08-24 16:19:14,3c22NLmESK5ufSuah2cS7dmMv4wsJ6Y6JW3z4RqSV4iZRjimgPmtZPJxtcJndD3gcYwWZ3HHxbSSbMmBYKZo8Mhm,7,2161061707771651163556837384399211359,,,17849871,17829898,1
2026-08-24 16:19:12,2cpBbZxEjAkqxiCN3NPLVVXZRpMNH3amrNz5QfVoQosKCNTT7eBkeoQ1rygkVKLzh2EaSdrpLqQ2vq8boQWJxC5D,sell,XOM,DwBR6tLSWzQ6ZDMJ7h49p7y6hQtE5gBxwEfQfLUmZuxF,26DbLxVUgQPmmwwFNpoWbeTuCT7jn8f19cFZeRtzNwyW,BYm1CFnMBjpmAi9ZS1B5QVCnRXSz3rhX5BUTH498hMLX,21792098,134129984,162469999999999000000,62,1,2026-08-24 16:19:19,52Mh3ZvhqGzTU2E6bZCrUJ3owWSrhK49awhrvAppbx7jD1VkVYgmratKA3q6xXRCLmKjRq46r7JVZMPBLqoB8Ss,7,2161061714795516779162644403308021956,,,21817851,21792098,1
2026-08-24 16:19:18,2PgdFxb4x1ETFNNBf9e9eazUrGDKKtTVHSx63nwvsiDD134Eu5eKnoP53htdKqpiYdFpENMsbBAwZYxJZUZ63orR,sell,XOM,DwBR6tLSWzQ6ZDMJ7h49p7y6hQtE5gBxwEfQfLUmZuxF,26DbLxVUgQPmmwwFNpoWbeTuCT7jn8f19cFZeRtzNwyW,3aC1t4LGpFxbqLp2dxkMGmEoYPvMu1nCcDd5j5AwQp24,26744848,164614071,162469999999999000000,68,1,2026-08-24 16:19:26,eqZHtCgRFJaB2iyQZXjSf2ZYLCwsBQLrALsZzuxejQh3QJthprXDL7ChKQS49p3QyctJ8pn22aH2WJhn6EoPPWj,8,2161061721698499458431160715300384406,,,26774478,26744848,1
2026-08-24 16:19:24,oQAbxWV8xyAm46x5gS5iKbVNvKGYjkYGQ6r74J1dXzxNQLfoEwrdmwKHTQCaXjZ8uiD7KuNBjpsb2rJpLJ189yz,sell,XOM,DwBR6tLSWzQ6ZDMJ7h49p7y6hQtE5gBxwEfQfLUmZuxF,26DbLxVUgQPmmwwFNpoWbeTuCT7jn8f19cFZeRtzNwyW,C8kDHUcX9L2LK71caUZiCJH1xjnCRdyUvEt391wXiPvQ,34669247,213388611,162469999999999000000,74,1,2026-08-24 16:19:31,4YAgTmC2p2B49ShYJ3TrTtTzUkv2YSAiegP8npJYxUKFfrGtZNRiCreNcyPsCt2Enn43LY8CwokJCYPqiikNeUVo,7,2161061729013705868279617162382792824,,,34705523,34669247,1
2026-08-24 16:19:30,2hxpsNh4yc9V1xZF7BjQXxMT9mgG5JB5NBr7HewWV1RUGE6mPZ9UfNTHCw6V5MTBH4vzYdzFTweGHGioskE3HvvS,sell,GS,HbCB8kGqwaQi9Q1K9EvYjfbMnFjaAUMQAeR3k7PDAKin,26DbLxVUgQPmmwwFNpoWbeTuCT7jn8f19cFZeRtzNwyW,FtQv2nbkNxiFsQzVC9MgWvZysFEnLpYKr5mit8qic55P,1990260,1922522,1035234099999999000000,125,1,2026-08-24 16:19:37,EnH7vcvGDwegUbZAzk33AsUtP7UR6LVdC56j6kKpnc7FtHYzKe8fpwcANhByo8bpNmi6zCqdDUaWKpYYL4rhcWW,7,2161061735992840087231833569302324322,,,1992651,1990260,1
2026-08-24 16:19:36,2in3E74wqwtGQZTnEukBih64vVWr3tFCRbbtzqXz8j9bsG7U8LuJwLWXcC8eD1q59eEMSVXWiSGbaGWPA1hi7dP2,sell,GS,HbCB8kGqwaQi9Q1K9EvYjfbMnFjaAUMQAeR3k7PDAKin,26DbLxVUgQPmmwwFNpoWbeTuCT7jn8f19cFZeRtzNwyW,EbstbeWruvYzXYGY5y8nhtZPZZKdx3oeNZfkfkZaz7uk,3980521,3845045,1035234099999999000000,131,1,2026-08-24 16:19:44,4Qz2StE6fbtjEhSTxxVDkVHzBqC7FzfmEhXmNYBxk1uDGFJ1XhRQ41scTT2xi6YgpszZFV3yrfX2Ceb4FrryFgqT,8,2161061743089233005334916719549826034,,,3984066,3980521,1
2026-08-24 16:19:42,3ByH4No7qy6ZQnoNPm2FSDbqJZZyHzwcjJCbZ8FqnsHj6dxkxjvSPDtZ2MDh1fw1RGtv53psghjSWhJf5wVVGQCt,sell,GS,HbCB8kGqwaQi9Q1K9EvYjfbMnFjaAUMQAeR3k7PDAKin,26DbLxVUgQPmmwwFNpoWbeTuCT7jn8f19cFZeRtzNwyW,8WidRqMxj5TeZSG6rvWZed3UJ6nF3koc9etJFqDd8bN8,5970782,5767567,1035234099999999000000,137,1,2026-08-24 16:19:48,3swgdQTyXgsWxHYPWNBc6MNT1cJpWFBrTihWpCYTW4fqGaVpgw8NVb5BY5bx7zedUqrpVMB5mCCvBJDWyfDypkTy,6,2161061750553111278112116249942023042,,,5976145,5970782,1
2026-08-24 16:19:48,4ozKDf3M5rAtzemfpmsXHbiD8ZtXGngaPATt5d11AjbXRDC7b3Dp93rNRo9hCY5tGBB8wYgE7y18DbaNd2keJepM,sell,GS,HbCB8kGqwaQi9Q1K9EvYjfbMnFjaAUMQAeR3k7PDAKin,26DbLxVUgQPmmwwFNpoWbeTuCT7jn8f19cFZeRtzNwyW,J4ne25Bq1p4DC8kdpfgCrL3woTV8UnUmLbti6UcKsRVc,8956173,8651351,1035234099999999000000,143,1,2026-08-24 16:19:58,3psUxrRUN5h5F8sF2XFBKBTnEoTgpV2SLPAqyeTcHAYm5uE5oZY3brQcQm2YPSFMcVSJuQauWEi7FBPZVh6t4wR,10,2161061757980753322563336238982828951,,,8964218,8956173,1
2026-08-24 16:19:54,3K2br88RzH7gMwxGxmf3mFgKCuQUJahYipS5qAWELmD5w4R7S2eAwKP3h6TBQawRfb9iYer85HRGv6ZqupykRbqr,sell,GS,HbCB8kGqwaQi9Q1K9EvYjfbMnFjaAUMQAeR3k7PDAKin,26DbLxVUgQPmmwwFNpoWbeTuCT7jn8f19cFZeRtzNwyW,9fk3mGEmmqCZbK87otzatFsXjQFjdP4dLRdnmkXSjdB4,11941564,11535134,1035234099999999000000,149,1,2026-08-24 16:20:05,ZC2BPHh5i27ESK5mmTEgy5jC1hWNopseMUpRJt1YZpseAaxZi1NMMN6Nw3jdzyzU1szZdYTREjedSSUdsRAzy1r,11,2161061765114619401903453395320367252,,,11952475,11941564,1
2026-08-24 16:20:00,4kuMmkyNPgDLZMGzvY6e759xxCYGPcqzMKHSpjVUTqbuZXGKruiyPoXjBxU2QoRAvZoFcET2ccutD5mwoVekgx2h,sell,GS,HbCB8kGqwaQi9Q1K9EvYjfbMnFjaAUMQAeR3k7PDAKin,26DbLxVUgQPmmwwFNpoWbeTuCT7jn8f19cFZeRtzNwyW,9b61fQnjLmsi2kiHNJ1KW4qdi8aa8tVceFHfDV9QspdJ,14926955,14418918,1035234099999999000000,155,1,2026-08-24 16:20:12,5xStb1JpnEuDiZXqp9jPTdt1XT72qG4Ep55gwUKkvagLoEKJn69FTVVFt6MXWXbUCaSJFuFbLsTx6yUocpsNnmXu,12,2161061772319829793569299837879282012,,,14940248,14926955,1
2026-08-24 16:20:06,63Jc1wyNs8KbaDpJSjQNrVXmue7UqJZp6gDpPmuQTnZbSvy6tWQp5jmchAQiKH2GKuVhtoN8CgDM4QC6f9LcoZrj,sell,GS,HbCB8kGqwaQi9Q1K9EvYjfbMnFjaAUMQAeR3k7PDAKin,26DbLxVUgQPmmwwFNpoWbeTuCT7jn8f19cFZeRtzNwyW,HjmD5R7RvSSAkrz29eBAHfsP9FvRGa7uRVt5LachZhrY,17912346,17302701,1035234099999999000000,161,1,2026-08-24 16:20:16,5z86qDehyekRaQk4djieAEuvFuspFDPgrAH3ftsb1dFAurQaZhJGQapae2WnExxK15AMhphK8z6PJLBtSsqSUYbk,10,2161061779226422466654553661969724304,,,17933695,17912346,1
2026-08-24 16:20:12,AE44kXU4CVFPmGbV7Tiu1uQSCcW5ndWq4CrjHJqME1auxCtA9VnCPr92zg9ZRRwKhCjjFjXPL1nab5nKKE2dQ7W,sell,GS,HbCB8kGqwaQi9Q1K9EvYjfbMnFjaAUMQAeR3k7PDAKin,26DbLxVUgQPmmwwFNpoWbeTuCT7jn8f19cFZeRtzNwyW,HsicWw8GttK1pcPDExFtd83r1HwuQv8LXMQb6siQptDC,21892867,21147746,1035234099999999000000,167,1,2026-08-24 16:20:17,aT7TtiiSbdvK45Pu1tEFTLVjTz4yDg1q5sUHekCazL5LtrZcS8zVnxsFsUtBxR7zu2zN4x5aBvx3tj7V84fuprt,5,2161061786371166550500306787823296625,,,21918962,21892867,1
2026-08-24 16:20:18,5FnifAUnVDkHafR2tt9mqj7bTdLW2A8r53bkr3F1G5EZqTWbgLAEkQxZ2zbgf1fU89EroFRNHTDLR9DviaSXMS67,sell,GS,HbCB8kGqwaQi9Q1K9EvYjfbMnFjaAUMQAeR3k7PDAKin,26DbLxVUgQPmmwwFNpoWbeTuCT7jn8f19cFZeRtzNwyW,EyYCNQYo4XjFPu3dkvtyLa13YNaZ2tLFaSgak6WFXRMV,26868519,25954052,1035234099999999000000,173,1,2026-08-24 16:20:26,4MSEheeHHuRyAZzjzZoAMnmALib7crW6SVfnfafoX4AQDWwZ8s5BMCeP3sLRwd57j3BxNXrz7pKyCt6Q1CkKn4u5,8,2161061793518336973160308519739488966,,,26892394,26868519,1
2026-08-24 16:20:24,HL17rQgCXJ6bgJefWUns5mCofzMCNtEefryPoTuy96DSTUHjKLZDqFMXb2CN5j7caG84zeDJcPbTJcSt814kVXa,sell,GS,HbCB8kGqwaQi9Q1K9EvYjfbMnFjaAUMQAeR3k7PDAKin,26DbLxVUgQPmmwwFNpoWbeTuCT7jn8f19cFZeRtzNwyW,2ziVPAxdWC24iEVfdPbeMvfXYLQshxUw3YTf542PKYkp,34829562,33644141,1035234099999999000000,179,1,2026-08-24 16:20:32,4qRK8T1r3pcPqqg9cLyC8BjxfJaaYd311Fv4q8oVypjjaN9AAu15so96d4vsaEXRfQnY5ZEHnMo9LXHR9692FyRq,8,2161061800783980099510829440268168683,,,34860511,34829562,1
2026-08-24 17:25:45,4TYseQ5fAMj7t14vMwf71ypp8YfcH2Mnz4A6CgvBhgUwBMvdXmtJGo5fmMcTw2mQ8prTtUwUBHuya2Z5dovLpcgU,buy,PFE,EG3rt93i4iifbhyEvmcJi13yb6E5uudJpbNWNBrE7W1u,CHAcdTTgXG2GJrdaCNrYLMUbsLK6VEzkenBa6TnXYVTU,G9RpadDFrxwdJXidiLHRnJUULU9kXcBzhydYCywgJ7jG,4000000,142729705,28024999999999000000,245,1,2026-08-24 17:25:55,2JWZrzvYGQTpnCNzGVcwNVujSfPLAZhaqa88JN17VMdTS7QmgE3oJUiUKXs7xwToF2LEmwsrSjm2pJR86JWUjHRt,10,2161066535412592633035353471002595450,142205431,142729705,,,1
2026-08-24 18:25:30,5suG69KbnZKHBftBP5eA3AsKUGsYJ2gesgFg47ZZv3xrazMuAQzQdHx9ua5cqSfYgxjYYRXA7vH6mKt7E4irxtLD,buy,NVDA,FkzjAJX584L1LncQb8AKSnGhc5sLvZjPGCgZLGpeHyTH,9LMcDYvTVDuiQHXF5CQcMvfJxviibdWTb2dah915fnwF,BUxGvqjvkNDe3Fz4y8KCovpqyayrLCsgg3MkJjSMn9Mr,5000000,23788001,210189999999999000000,96,1,2026-08-24 18:25:37,28YnquvLFhaer22smRPgveHtqsoGyxLCcnGPoVdCPcrh7fupaGUi8Fm8svk4QJfoJftVzGFdMQ1ZgZ3ZxMryLrM3,7,2161070866853571922609875996206160606,23738618,23788001,,,1
2026-08-24 18:26:16,ds4M6hAsDFm2XxaJiPnAVZLhqQ5NRD1zJaZmL2GNJS2WJrK5NJxReb8Qe7TaxpZqzwtAsbRH7rpwUvJXHqgdkDs,buy,PFE,EG3rt93i4iifbhyEvmcJi13yb6E5uudJpbNWNBrE7W1u,9LMcDYvTVDuiQHXF5CQcMvfJxviibdWTb2dah915fnwF,2SqEqxkPnoTDStW7W3ZSafQfds9eVQS9165iTbtQptcL,5000000,178475816,28015000000000000000,276,1,2026-08-24 18:26:24,DjDh6PEujjrBoSgEMYyUDCSj8n57LsdkPhGN9gKnzSzvYxJcV7vafst7XVtyum9ob2YegZ34bAYX7XrLGNEUQsL,8,2161070925781480998484650545442765321,178099792,178475816,,,1
2026-08-24 18:54:09,4z2SUpjNJKQhipKpGJLCMCjYK6WfRgcxv2d8Twz2Jhccm5przTGngUe3hS736dVi13xjB4FYzM8UhiW9NXyFfuqF,buy,GOOG,6a2yZjSpCncEyiPrB3ifnAJdqJVUNymu7vEvLCaySqmp,CHAcdTTgXG2GJrdaCNrYLMUbsLK6VEzkenBa6TnXYVTU,AkRZiLUKguHQJkCALqFm8uNjsNtozdnEFzzrWfwELkXV,5000000,14503179,344752000000000000000,254,1,2026-08-24 18:54:16,3CtR5DTutYnKC6DYgSJaeJpK3dgb55FDweu9N4Q2JPjQkM5DmggeimavsPRMQjFvMj67ZWQfsTry7n9y8Eybodkk,7,2161072948923666122477687060619645366,14461085,14503179,,,1
2026-08-24 18:59:07,Eaq4VdtHVXatZGqabBszmz8q2gcjbFvs45T1aLNmG4VdWSD4vypnw6a41QEUMVFiWuXGM8f1M2AXj9jUZP4buNx,buy,GOOG,6a2yZjSpCncEyiPrB3ifnAJdqJVUNymu7vEvLCaySqmp,7ZojnzraitorXTQXynyyUzkoDuCdovaJzs8fWR85UdZ2,G2QoJa17TjtmQCmDJC1tTep3BoykvEDg5cagNb2JPTx7,2000000,5795253,345110000000000000000,252,1,2026-08-24 18:59:14,2DFJ9J14rTtGwMEaFwsvnJJP7maL7pQPqamrWsypgQy8RDtSQBkT5Y2gtesMxPcKG8wnAU7tcdd2pBhUcoNx2pHE,7,2161073296504341761684434664861863042,5763204,5795253,,,1
2026-08-24 18:59:17,5kNWnJKPGksfdmeTSNS1xmvDgASsqxroePUFp4gDxW8v4EGUziqWTRiUEgU3Ek4ntyuXLS55rogP49HCtzFAyAJS,buy,GOOG,6a2yZjSpCncEyiPrB3ifnAJdqJVUNymu7vEvLCaySqmp,7ZojnzraitorXTQXynyyUzkoDuCdovaJzs8fWR85UdZ2,5gYNFQ79jqwLKCHmQzn3gFjBv7gH9AmHbvFsMxRST8Zq,2000000,5795253,345110000000000000000,262,1,2026-08-24 18:59:25,4cWKSzVEJJ2znvsQnv3Zb21uLr3mQ7oQu5QGzmaJKU2NPLydPjmdLD6u3NenCy9jRiYyp7ezZJq3Hrp4xWhPCLCB,8,2161073319290181565456162836211744963,5763505,5795253,,,1
2026-08-24 19:03:34,4DnJNj9E1vZQPLd9gYChUnWxK6F9rv2Lhhdf9C5s31CF8bRry5B169AZ59MjepEtGJsLQsL7BZSMT6nDFa1ivzgU,buy,PFE,EG3rt93i4iifbhyEvmcJi13yb6E5uudJpbNWNBrE7W1u,7ZojnzraitorXTQXynyyUzkoDuCdovaJzs8fWR85UdZ2,Az2jkW4tJtmim8Cbxory6wEg8SdubqkjCekbN8W6B5GU,4000000,142653352,28039999999999000000,114,1,2026-08-24 19:03:42,46CMYnKzDupUK4jFDpkfDeZFXrEXkgodcmfKMKhkS1fDriiUrgniCJcSZMqohYC3oCd9t6cobEhZzn3sVhzWnseh,8,2161073630707032509231926765617329448,142256132,142653352,,,1
2026-08-24 19:08:23,66yWxphCaNFJDETNVZ7X2EHSH1wq49DZBB1kx7yMu1yHz3LwPFZKsm8dp9VDQww1ZE7QFBC54UW8awfbSorumj75,buy,GOOG,6a2yZjSpCncEyiPrB3ifnAJdqJVUNymu7vEvLCaySqmp,7ZojnzraitorXTQXynyyUzkoDuCdovaJzs8fWR85UdZ2,89o5SwMrhtAha9rg5aVXbJK3oaLPEp1Ektr5mvDdC2aw,5000000,14483937,345209999999999000000,208,1,2026-08-24 19:08:29,Zc9N7DJsDQBusDaxJ2RQAM1g95TZaSkGrPiaarmLXenhMwU6snLBkjL26dDBHoY2Hc6Mg4pZyJf3o5ycvQUe2rq,6,2161073957762578513378110482023250951,14442000,14483937,,,1
2026-08-24 19:17:14,3pe64DKX12hpG9RDVzMzyyXSqWR6zNxpJiS9ehr1E2J7eALKya42UGDqK8MJpxggVAhheJatqEqPQPzRnCUDPMuS,buy,GOOG,6a2yZjSpCncEyiPrB3ifnAJdqJVUNymu7vEvLCaySqmp,89cweHKxAXxNa8LK1ZW8qyMquiXMNgaC3kzZ4H8wrfsp,3XLEgheA4bZJDCUNKPip4XViZ99JEzYeyirivF7cHsxv,10000000,28962001,345279999999999000000,139,1,2026-08-24 19:17:22,4TTuDkfdF96AjYeeMeeHbjkxYQFopvpBUAkeRRwKDD6m8mVVy5bDP6QPd7w55YEcLH99QAvvuQQq6797TY1joYck,8,2161074616193136977314642176192835893,28947795,28962001,,,1
2026-08-24 19:18:46,5Pi2JSu8FPq4yG4faVMwpTzcWTAQiuhxc4LMfzbcDcndujzv2utYebqab6nf6dpCXgsD7qzZFG5iCiqfApkRGKsq,buy,GS,HbCB8kGqwaQi9Q1K9EvYjfbMnFjaAUMQAeR3k7PDAKin,89cweHKxAXxNa8LK1ZW8qyMquiXMNgaC3kzZ4H8wrfsp,4vgjZ4XzqHq25HJXo86PXgRhwTbWAY7kLGpWaZufXw1g,2000000,1928535,1037056499999999000000,65,1,2026-08-24 19:18:55,TBW3HFmtiR7ExzzGedNawSEcJJ21urzg7C7tLE1EiUWyNNcEttSgaZzyks5ZLfGEVENsnXx7dourKC1CumnM725,9,2161074734156508445591922624929690192,1918109,1928535,,,1
2026-08-24 19:18:55,3nm9FsjVKVFdeTZYidEtyXKAu7SWAPDrJvAzsUjDJoXvJU4anWY55MxPmoRreAEbfskr5fZCgGJtNaWvDXeZANcW,buy,XOM,DwBR6tLSWzQ6ZDMJ7h49p7y6hQtE5gBxwEfQfLUmZuxF,89cweHKxAXxNa8LK1ZW8qyMquiXMNgaC3kzZ4H8wrfsp,6WSwmPiwinbVsBKSXbQJxXUdvPnkRshujcgpGSsGogcc,2000000,12212562,163765800000000000000,29,1,2026-08-24 19:19:06,5mKKcWmwoLANKCRGC4Da1GexwtuaJAYERGM1JpayhSrutBtThegUiT6hktp7vgM3yd9HWgvtnbQ7JqXgrdMDjktX,11,2161074746937291361478484134189848101,12148517,12212562,,,1
2026-08-24 19:19:05,42S1Q42c8hYmQ7pQ62sNSL2XwQYsV2Zxr1a8CDAAeN5LJuNxryUWAmjt78T714Gz8jyNL3LK85AwfPGjjeYJjuLn,buy,AAPL,B3S7TuCmBPsNJW32SzRLBwbmWmgNzFBuHnBG9rdvt6K5,89cweHKxAXxNa8LK1ZW8qyMquiXMNgaC3kzZ4H8wrfsp,4R2ZHTjk9ZbXxNicpzrWXSAGpeCnLsg8hmWaFfcfuGEj,2000000,6424379,311314099999999000000,266,1,2026-08-24 19:19:13,41GqixzZvCh9NMbs1mpdpW3qbC6qBMS6JQZkpxryXMYsKHcAw1CfxDjsc2TPzcVjd8FeTyD4bXtMT8Mt6JpVzbeJ,8,2161074757473079270386399429064113028,6388155,6424379,,,1
2026-08-24 19:20:07,4szeshdbCBa9THkBqoALQdQwJHhVnUzEj632Ttm9YVeA8TagobTfKuC16sioCeqakNvrfcqELHZdNE4o4zP9b7py,buy,NVDA,FkzjAJX584L1LncQb8AKSnGhc5sLvZjPGCgZLGpeHyTH,89cweHKxAXxNa8LK1ZW8qyMquiXMNgaC3kzZ4H8wrfsp,G4FQPknxGXrpuFQkYtqN7acTsvWcRWUNeckPBJtqgwbe,4000000,19097600,209450400000000000000,57,1,2026-08-24 19:20:16,5i9YJSaYrYaAfDLUx9eLnDz62zVkB56tt1fhwP8A7rkJmEynBQFJoEdk6cSayfYjMQKUcvq4hYsod17XNJuf7rW6,9,2161074833318632624175876553878304471,19053713,19097600,,,1
2026-08-24 19:21:30,3mpHKpffwsgZs16FvanRWBRcrLqwymqN5SXMSrThMyoTDV4nhVBF3gsNo5GvWpD5UxVVbxJq7LwjnrVqvPeAkovY,sell,GOOG,6a2yZjSpCncEyiPrB3ifnAJdqJVUNymu7vEvLCaySqmp,89cweHKxAXxNa8LK1ZW8qyMquiXMNgaC3kzZ4H8wrfsp,AanKSorzKcZinVwELc1VZsKeb5HJ8qcTPri75HRnPmCW,4999999,14488554,345100000000000000000,95,1,2026-08-24 19:21:40,5wYiW8NJWDhGrV6GE71hkoKVhUeNaPNqj4MxGqhYFiso9MKKdnrNtocKDXgBhN3yPcNjAYznqasBjJyjv6yuCieh,10,2161074928789953070942893935092244590,,,5001680,4999999,1
2026-08-24 22:36:46,3QhoM5vGpNBcwppbE2FvJZabTKXHgWEGXJKozcxu4HL7a4NntVbkicG9ejgdU8paaSRwBKPCrZLXbEyPFRXzdGgn,buy,NVDA,FkzjAJX584L1LncQb8AKSnGhc5sLvZjPGCgZLGpeHyTH,7ZojnzraitorXTQXynyyUzkoDuCdovaJzs8fWR85UdZ2,3NK4Gc1Mp6xodczszP7XqeLvgeR8KAzL2FN6XU1Jk5WX,2000000,9583133,208699999999999000000,156,0,2026-08-25 13:30:12,3siZ4vw1eFDvEQ14KxxcpHYHaRFMbwQAk8ybkzUv4K9KGVDGfZAS1jAeuG4TEg9xT1enTj8ACTwv8tuPC62wetwH,53606,2161089086072900614652574990762253413,9440227,9583133,,,1
2026-08-25 01:44:58,p9vT49TtrUaFVvzHoYGSGPg9cnBofSRFEWYfxdJrQ9ZHtisEzNLuVLyn4FHubULJrvAHGfRLMVWd49zxKWZTkfh,buy,GOOG,6a2yZjSpCncEyiPrB3ifnAJdqJVUNymu7vEvLCaySqmp,FsdsfuRQR42Fa5AhWQ2W4Ua8EX46jU7hbs9ScXenPovr,FqCVxUQvfY5dshE4ApEJhxk5WVaaSTyQJrQdj64Appg2,10000000,28999797,344830000000000000000,1,0,2026-08-25 13:30:24,oS69N7vWgvtsGFNHfpG9sqkVfsWmWSUwdPAnDHcXTW3KLnPbeNsW9EteLqKMS5mFDcpCydiZyCuUMvKVy3uLNjR,42326,2161102746055772139476578045497581610,28905413,28999797,,,1
2026-08-25 01:45:22,3ABjNehSzPSLR8EDjUmStnpWdMwX66zwftgyriHapnumLZF8ExccbPXi3bxhQkvW2zCGh8RGSRsJRiU29zU8Wnon,buy,NVDA,FkzjAJX584L1LncQb8AKSnGhc5sLvZjPGCgZLGpeHyTH,FsdsfuRQR42Fa5AhWQ2W4Ua8EX46jU7hbs9ScXenPovr,3J56TfHYMkuEMMS4KFVxs9vYw82BLiepNVBGw1PcF1E8,10000000,47809145,209164999999999000000,71,0,2026-08-25 13:30:11,2emaNuYBTEhfaiPazY1ZVxZMQ7m8koaXs2M9NdVg9FsRJD4YngUh9hicCyG9cZVHGRPN9d9FeexCpxBefYx9Wn3T,42289,2161102777260583013974036015236586084,47390891,47809145,,,1
2026-08-25 07:24:59,22XyrTJbUczXTUEkD5r5FxtBxoyLjHGT4N73SjWBCeXdk9CeVxYM1z6n1kPgSZU3cTTTqvNdFh493Vt8x7TPsNfF,buy,PFE,EG3rt93i4iifbhyEvmcJi13yb6E5uudJpbNWNBrE7W1u,FsdsfuRQR42Fa5AhWQ2W4Ua8EX46jU7hbs9ScXenPovr,Cyjh9jekfcPyfqFc5sktMxwjgydf4JSCjKwS5naEKBcV,20000000,713521227,28030000000000000000,180,0,2026-08-25 13:30:19,51Gx9wAVtthgLToyzfePTWjLyyXzTKJ8GTuUuWAyMXqEdqxJpzqbvQ3FKzv3FZ5sQ4vq1YumKZBCqUqV25ckSPTL,21920,2161127409271630210332623994908693703,716230741,713521227,,,1
2026-08-25 11:30:56,2ic1NbNgLA6SFrWYPrXEjsTBxQY2iAcqvgiuq9Um6qNFvW5rcVWh4RaHfiTNrWqXy8bi6HU98XwF6LepjBeqXHRG,buy,GOOG,6a2yZjSpCncEyiPrB3ifnAJdqJVUNymu7vEvLCaySqmp,5nABsshaSr5C7szVXMUgxjzNQPKQw4Ys66sPYK6FU8BA,6SVtLribcUmijT1Fm6Qmu8UpiEgzVwJLULCoaX1VJpVF,2000000,5773022,346439000000000000000,40,0,2026-08-25 13:30:21,4xob4nDUKR4r7Vzp9vwcEVWhD9PFA8WoGYDN9UZTbNNSgriFbYNgFprDvejh1hdVrNDqg3AZ5drQsLma6ALTNXFT,7165,2161145239708872226706912654175940700,5757935,5773022,,,1
2026-08-25 11:31:17,32nJcXnia8hjFjZjdvPgzv9C1fxxa7EFqAzHyzGZmAkAdyJaVzpt4PWb6DbuF8gdxrqquN6tgokLYeAnu4T2tiFB,buy,GS,HbCB8kGqwaQi9Q1K9EvYjfbMnFjaAUMQAeR3k7PDAKin,5nABsshaSr5C7szVXMUgxjzNQPKQw4Ys66sPYK6FU8BA,6qAWDzST6LqFbdbsEN6eAXbpvsZPhKNmiY7eMFer5Gzx,2000000,1914910,1044435099999999000000,15,0,2026-08-25 13:30:05,4ffJnuh1CpYiysRkWm5evr4zzK9YymeE4wMSxbjCwrPHaa4pZyvr8rpvCJUPGvQ9kWXMfuZtYgRpJKLor7T4kMqv,7128,2161145273159860576452718998014461763,1895238,1914910,,,1
2026-08-25 11:31:34,2XrnFCQoS76tG97HdSUxoaiDeHhvi7DnHqATVqs6MJZ6oFtTiFm6uNwaWdMJxvAorsPiSneKUiR6bZEPTZMR5tFG,buy,NVDA,FkzjAJX584L1LncQb8AKSnGhc5sLvZjPGCgZLGpeHyTH,5nABsshaSr5C7szVXMUgxjzNQPKQw4Ys66sPYK6FU8BA,34gCavzWHnfwdzroXfUo6579i7ZyK1NYguhZkqbBtXRd,2000000,9501625,210490299999999000000,139,0,2026-08-25 13:30:15,22mCCySsAZrhPQSanh6tNtRMPqUbgyxUQGjnoMhz1EqBEg3SA9SDcVVZ12CLKJD3VkHQxHLiamTvmJEFkbLPAHzv,7121,2161145294878219106658229235691223946,9440227,9501625,,,1
2026-08-25 11:31:51,5FmHerAFHNQRwhfGCAQrGBAcfrUzrzqWnnBDHT6r8CnSdJDae8fU6jRfjunF918j2oCEWySaBwsY53RPdFSHvBAp,buy,PFE,EG3rt93i4iifbhyEvmcJi13yb6E5uudJpbNWNBrE7W1u,5nABsshaSr5C7szVXMUgxjzNQPKQw4Ys66sPYK6FU8BA,EEv4r3jMTTqABnFYy27mNwPpaE5zmBbE9LnJPkGYC25E,2000000,71516690,27965499999999000000,273,0,2026-08-25 13:30:17,2fSQfoKRVdi3b5TDRFkX2zbwnoZfotDHFHDzTDDVCpNn55xNhWPDTqatXC4m42hf8G17BQeNBzn29nS49k2Eb277,7106,2161145318712174540516324680104748378,71300609,71516690,,,1
2026-08-25 11:32:08,5UvDj81UtuEpEvTjafLoU3Mchf7Y5KdAEdLkbYFPzsvFv1qTbfutMdtxuSijCp829myLwzGnULJ91aWonwLEXnnb,buy,XOM,DwBR6tLSWzQ6ZDMJ7h49p7y6hQtE5gBxwEfQfLUmZuxF,5nABsshaSr5C7szVXMUgxjzNQPKQw4Ys66sPYK6FU8BA,DEFDZ2h1r8eiAECq2HAQX9oXoXLWwN8qQg7CwgT3oCxU,2000000,12311101,162455000000000000000,246,0,2026-08-25 13:32:13,M8j3SiYE3vh5Du4YqpwscEfj57GUhWNjmDuymsnfqPGfQRyXuQSoMRXnoZnx1zNLp2ks5FcUatte8aybdX7ivPA,7205,2161145339489979316609427058493797949,12315880,12311101,,,1
2026-08-25 11:32:27,5HxxpG9G66b5DCA2V9G35LP4EciXZ194D3VAizrswWFEGC5uV74Ky8YZxsK7fbK6NHs4DKAWijAYEwqFDgsbx35S,buy,AAPL,B3S7TuCmBPsNJW32SzRLBwbmWmgNzFBuHnBG9rdvt6K5,5nABsshaSr5C7szVXMUgxjzNQPKQw4Ys66sPYK6FU8BA,473CEkqfyDGpX9TjAPkHSfYXUYzX89PjafHVrMNBH4yL,2000000,6452882,309939000000000000000,12,0,2026-08-25 13:30:03,4MjuhFC3BRdqQfQZS7QEwJ1tm9aUUXFcxCsBjPvjndvnrb4sHJqHeL7uahMqF55Bj4CgScx2YHGRDYEvFFmZasbY,7056,2161145360111838015280417928322604095,6399742,6452882,,,1
2026-08-25 11:35:46,UKKtnkrQGomuCier5KPm51p6eNWwET74AP197972oUYdxH6MmvwRcLM4oRWRv73SCwM6hskE1mTtHimXPJjZu9j,buy,GOOG,6a2yZjSpCncEyiPrB3ifnAJdqJVUNymu7vEvLCaySqmp,5nABsshaSr5C7szVXMUgxjzNQPKQw4Ys66sPYK6FU8BA,2dqRz7GqDiYYR13QbGmySFtnKaEAsw26wuFvoq4qdVRt,2000000,5775155,346310999999999000000,30,0,2026-08-25 13:30:25,KncA4TZwgJkXogFUp1y9Wd9iVcN27ejVPwnJBVRBkaf9RCv3xEpwpwXBkvLWBQDYy6cAmr7rN95YhaFhTqaot1U,6879,2161145596820738596678298197996426361,5757935,5775155,,,1
2026-08-25 12:20:19,62viPPxEXkqU5QhxoaVqJ3PzDHkYgPWjbahpZVYZ7ZYu6YBjd15G2nBQjrzwjLsbRSVxoYzAdaTcdwoES1xct3Mo,buy,NVDA,FkzjAJX584L1LncQb8AKSnGhc5sLvZjPGCgZLGpeHyTH,4P8Je6Pxq4UMQiANrBT5uZtjrQRkC1bhEGezm6ikjq5J,4Hjdjc4C4C2M7vh8jH3VArKTbad2GD1USiE7zCycP14K,10000000,47332931,211269399999999000000,63,0,2026-08-25 13:30:08,25yQYoudL8ZuKz4Pkw6vPyrmgucbcr8FKmP7oqfzgjqpGFBYo61qRLhDdZkGGcaD4Gtj9yUdYTXWjNYL1ffQnYgZ,4189,2161148826609910771690102170685710199,47390891,47332931,,,1
2026-08-25 15:16:44,5WnNFQBq6De5JwAW6mRe1a4KXurnE3Duc5BiH7RQdJcwtrA2gfVChufkWFqvEU4HR9uVg3uWNoEEJwU12LosHECL,buy,NVDA,FkzjAJX584L1LncQb8AKSnGhc5sLvZjPGCgZLGpeHyTH,7sk4Vj6pj2KL12s4KniYdHdLwzqWbMC4F1GGoWYLPxuG,5BKLKBRcHiEd38M7TLoqddNPUuXLwo7sn1DkMTQee9Pg,4000000,19003278,210490000000000000000,267,1,2026-08-25 15:16:52,4hgwDDAARNYgLGZnpQHX7SLtgU7hXDYbt9JH5PNhEBnnV2b5hQbavsZhEyd9dTpVrRR7T9jYQWnm37CL5S2MGhz8,8,2161161631436135857401949321639590866,18968746,19003278,,,1
2026-08-25 15:17:09,32ZiehEUkmrfFUj1rjecMwxEEKu4oRhUFxCqvBg4yhY1zP4RQeyth51mDRmsg6brco4Dn8EMPRYJXqzvAHQRmLPS,buy,GOOG,6a2yZjSpCncEyiPrB3ifnAJdqJVUNymu7vEvLCaySqmp,7sk4Vj6pj2KL12s4KniYdHdLwzqWbMC4F1GGoWYLPxuG,FQ3m6tzemC1jzjn9v2F5rqZnTqqJJHLGvh4uozXHAQyv,3000000,8755034,342660000000000000000,97,1,2026-08-25 15:17:18,359n5RcLqy1hADrMZR8uy9dV8HG9XpbTL1axYimikj8vxSBp8ztTZCUhZb5SDZJFZ9hSJ9Arq9DpEL8izCgYU4uG,9,2161161661272431913531915373556618178,8721422,8755034,,,1
2026-08-25 15:18:14,2rVCjc2XkC1rw7SsQLsJuUyGP2UW1dN5EEHTXo65mePR6uTAzc3ogZ34UQP1CqVJPXML5QTyaUWU4YXXDg8SJLXz,buy,GOOG,6a2yZjSpCncEyiPrB3ifnAJdqJVUNymu7vEvLCaySqmp,93rTCf2ZogCdtzUPQKeD6tzwUAxMzwTgzueuePZeRW47,5HUiwyf33s7jqo2hPebm4MBFQXum4bftoeB1m58fr1PG,5000000,14591723,342660000000000000000,162,1,2026-08-25 15:18:22,2zSwGfCP9Yu7sjjf4YnK47iHG6Cv8MphDJ17eqihsJPrsBJBzEzHmzuL63yzYo1ZGUNP8s1aprSWofWDVEn6KurY,8,2161161734488617857122350989188000984,14554639,14591723,,,1
2026-08-25 15:18:25,2qnYML9BTWL9qkkxs6AwhjwygHAVa6YnmfCQMMtBxJcikzzacdC95NyrPRY6c77TEVj7Ut2DzRnzxQsTCKNMpAJq,buy,AAPL,B3S7TuCmBPsNJW32SzRLBwbmWmgNzFBuHnBG9rdvt6K5,7sk4Vj6pj2KL12s4KniYdHdLwzqWbMC4F1GGoWYLPxuG,69qRzkPiPZpbDT8b2mf6NxAArkK3HjTmD9TexrjLqYEx,5000000,16161146,309384000000000000000,188,1,2026-08-25 15:18:32,2DZyNv24rdzk2ChF2xrsSsDKvLZSe9x12bu3bdMrf7pk2QqKC4Bp2bdvcap59sh8bPqKXyLnrhtUVQ2iCTQEfW8x,7,2161161753159252000470586344147602268,16141449,16161146,,,1
2026-08-25 15:19:07,4bwJCwm19Cgj7utkezQW6PgxMQAbfEMKVPagZMDuMFVXAbKYVRda2BufR1NcgT36HLtF2AyUs8pg9mLJ8CD27hH5,buy,XOM,DwBR6tLSWzQ6ZDMJ7h49p7y6hQtE5gBxwEfQfLUmZuxF,7sk4Vj6pj2KL12s4KniYdHdLwzqWbMC4F1GGoWYLPxuG,DyPjStKKAwhLfu1qkUP6Cud5XeTHeTWLPzMWTvjj83Q8,4000000,24731202,161739000000000000000,168,1,2026-08-25 15:19:15,4N59Fm3Qw8L7hfZ4cXVc9wwwRTA5uRmBKLfiVMt6dhP1g6L8Pfwb5fMtKsipmsYnNPJFpPRDD8Akh3ZW2UvXEhr5,8,2161161801464314200556592624654198004,24638755,24731202,,,1
2026-08-25 15:19:23,36Ec59QKFSe3iAnx4XJ6XgJfT6w5ogPqKiyHV4jL6N5WZ93wXk43GzzHitvDCkMUdrKjCCbwfX7tBxnzN7DXr1gm,buy,PFE,EG3rt93i4iifbhyEvmcJi13yb6E5uudJpbNWNBrE7W1u,7sk4Vj6pj2KL12s4KniYdHdLwzqWbMC4F1GGoWYLPxuG,CsS5ACWKGezVj4YwFU8jGkaZHmoEZKKk7E4dvSdvstUz,4000000,140770719,28414999999999000000,200,1,2026-08-25 15:19:28,vpqTFwW8QziaidhKmJRzEFsKN9VyZnao1b4CCBc9GZybszhrjXDyCwiPCSAhFUdvKfy2CqbL9BTPihqvc993XD9,5,2161161821134751006822007743178460498,140206620,140770719,,,1
2026-08-25 15:20:08,4RYjSB2n6iywAaH9ppLsNr9dYgnkyqwTMwUroAmgSJiZAUVtGzWVcEYnEeMRdm7k31tGWGppXAAQLbnpGXueH8Wb,buy,NVDA,FkzjAJX584L1LncQb8AKSnGhc5sLvZjPGCgZLGpeHyTH,93rTCf2ZogCdtzUPQKeD6tzwUAxMzwTgzueuePZeRW47,GVrAfAF39Q8AaoKZzChHsDjbPVHtytC5ASvipaWBeuGC,5000000,23775558,210300000000000000000,171,1,2026-08-25 15:20:13,AEfqvRBtm2V7hsK6KnX2HQ4VntBE5EAH6ZtuB16f1M5vksRrX6eQhYi9oWEkkcLGH9Fo2A9CeSgSMUDA8j6fpta,5,2161161876242406233355111543949122788,23682062,23775558,,,1
2026-08-25 15:36:12,2Z6C8F3GGEFXibjkmaNSSZJiBTH9MfRnB5PM1iLUiqrH5yXUpoFX2QNtqEYiviJsr6VbosrAWPm7RJjom2w9oWw1,buy,NVDA,FkzjAJX584L1LncQb8AKSnGhc5sLvZjPGCgZLGpeHyTH,34aWqb8VwxywCTVVyHnZGoHHaqQw7MbjMTHbaaBTvmCj,GTQXDRSeGCPxrnLxwvHk1w3DL9d71B7S5As6xk6zK1SX,5000000,23675139,211192000000000000000,235,1,2026-08-25 15:36:20,65qYg8BzTgaT5xkgc99xbSPWpvZBm6TdobvSrS1DPRuoB7cRBzVN73akkaffvFPgN75hKBN2nYy1vPVRscuTLiwk,8,2161163040080132412892867601999396817,23636294,23675139,,,1
2026-08-25 15:36:30,3RUe6rrTddcz52j45t8wC1Q5DaxKHVtNzGBway3834ok5hvJMqh852vGGgDkXLXgL2wiFKkEmcDDrDAHe9gesu8g,buy,GOOG,6a2yZjSpCncEyiPrB3ifnAJdqJVUNymu7vEvLCaySqmp,34aWqb8VwxywCTVVyHnZGoHHaqQw7MbjMTHbaaBTvmCj,FjAVARyg2LkLJ3fWyTD3mNxDPwKxRK8uVJj9oN2cxUED,5000000,14580150,342932000000000000000,58,1,2026-08-25 15:36:38,6PRm5xeVhfqKMToyY2pwdJbBtPC4Ct8gSkCw9Hjbzqay4hPDAXGo29B8KGoeSXKuoEffL6REh7tPVFTuYSsYRFh,8,2161163062502083701363151081724510048,14541067,14580150,,,1
2026-08-25 15:36:41,5SpjLJafNzi3bUVyHi4EbU498NviRcqRCtPzL13HxbqbQYPqLjeoGdxN8KxWpsgYqVhS2Sqrfco6j4rPtNgP1rWQ,buy,AAPL,B3S7TuCmBPsNJW32SzRLBwbmWmgNzFBuHnBG9rdvt6K5,34aWqb8VwxywCTVVyHnZGoHHaqQw7MbjMTHbaaBTvmCj,8Cgg6daVye1LLE6TYGPjnWZrQbizNMTHnyCfE1F1ZGwE,5000000,16161354,309379999999999000000,85,1,2026-08-25 15:36:50,5xiWa8B5HLoZgKjbiNN42zhKUatBib4dqkUaER8nmVL3BGf56Nxctpz22C7um5FVFjcvAp9Bv8jYJ3HtjdM1HP9X,9,2161163076320115338221471602188192742,16118404,16161354,,,1
2026-08-25 15:36:55,3UaXw3ySQdzAznppy8vZgHF1K3jnvkbnkd1L9HH7B7sGrpBpYSokojZQmPADemWdz9B23pmtVGvcfyGwc1WS7gwi,buy,GS,HbCB8kGqwaQi9Q1K9EvYjfbMnFjaAUMQAeR3k7PDAKin,34aWqb8VwxywCTVVyHnZGoHHaqQw7MbjMTHbaaBTvmCj,7PJhkh4EUvmRZwpkKLVM81WjgtjwvWyRdWAAUtmfHSix,5000000,4766771,1048928000000000000000,202,1,2026-08-25 15:37:03,3Q46Ztmbg4NxccFi5nGkaQdH5hUhXo5U76PqqRPXJ5buYaKHtXuFe2EysPJZzAeTtYFJW3FDMLo4Q1LW4CG3VACf,8,2161163093566640419313241328150082951,4758598,4766771,,,1
2026-08-25 15:40:13,5d5sxgCiWqj4JYP66rQMmHDZTeBh5HVUKoDH7GF11zToNbo8ipVa3WuCP1Dd7cDofZanDAvVdec7xcXfxgNNeAhu,buy,NVDA,FkzjAJX584L1LncQb8AKSnGhc5sLvZjPGCgZLGpeHyTH,34aWqb8VwxywCTVVyHnZGoHHaqQw7MbjMTHbaaBTvmCj,Bt9XBSu1EPDkv629mJGHLF1ej74iUmbapaPjg34eo1sp,8000000,37873408,211229999999999000000,176,1,2026-08-25 15:40:18,5LkqXnrFTTmajUfRBST1NWFTP4dkT2FhqmPR6P4bWBdGuZVgd2UsHmSm575XxCQDLWDG71P3cY9Jmbhd4qb45Tfv,5,2161163332173558724178276881502387840,37841114,37873408,,,1
2026-08-25 15:40:32,5E1VtaUdzAAaPYUBdtgRVPAPke3xJAnbUh8ECucX68YDQgcKrjh6iX8FGoH5LbaJWcigTKZXYLzz97FZe4cXNPH3,sell,NVDA,FkzjAJX584L1LncQb8AKSnGhc5sLvZjPGCgZLGpeHyTH,34aWqb8VwxywCTVVyHnZGoHHaqQw7MbjMTHbaaBTvmCj,D1vtQow7LJEeEHAYTkEEbg4oawzQFB13W1thtq5abfPq,6336899,30000000,211229999999999000000,195,1,2026-08-25 15:40:39,udS7uNfJd5HGnnU98FmgkX2NgcZZwLmE4svvVa9KdCMSEq8XexNzLhikPgpkDCk45NMXodjk2ckFsPWdyoEWiYe,7,2161163356132051802361744505357062469,,,6333060,6336899,1
2026-08-25 15:41:30,GkLmARiuPKXrj44vc1Sx1Ro3oQ2P2fpGGVxNRLphiS9xUozRJmz8ciG557p2fN9ydEu8myqweQUE2C61HTnAfUY,buy,NVDA,FkzjAJX584L1LncQb8AKSnGhc5sLvZjPGCgZLGpeHyTH,34aWqb8VwxywCTVVyHnZGoHHaqQw7MbjMTHbaaBTvmCj,ATpbLZe4ZcwSNtw8AE5jPYZraLyCGCx6a6W3pofPP5Ry,6330000,29967334,211229999999999000000,253,1,2026-08-25 15:41:39,qNWFyuwwXr5sA9WDQigSFxyv9WxbXxkczd5mrk4a7Etrzw59rBGMJ3bqZLVZJ3hF7DYxnik3rdJg5Hv2cSeLFT3,9,2161163425549780455913971284071648886,29931611,29967334,,,1
2026-08-25 15:42:20,2UKtXwgt4BFY8HvzhBj9wQsq6YnJDHTRADiP3xHTLDw1b5buCHxxtnfsxcHXvSggCKpoAq46GNEM74LhNfZ5wqex,sell,NVDA,FkzjAJX584L1LncQb8AKSnGhc5sLvZjPGCgZLGpeHyTH,34aWqb8VwxywCTVVyHnZGoHHaqQw7MbjMTHbaaBTvmCj,FoikKqdPrXtVvuG3Aw22XQUfuAReq3EZihGw3CFLnAdf,8446799,40000000,211169999999999000000,3,1,2026-08-25 15:42:27,Jy54W5QKGavL2PXRArd4NEox6FPJdojfUfaeFnsKzk7nydfD73UY4iQW6qsw1ECehZARobz6UqEWex2STVscRRW,7,2161163485322680850690441047850185319,,,8447360,8446799,1
2026-08-25 16:01:03,3NN3tcfW3TMVtRHupHkN694gnnRr5PqS6VSmS5aQkLJ53CZsWC1VnRMYaogRDsCN36MSGxcYRS3SiEiGbvrXYe6V,buy,PFE,EG3rt93i4iifbhyEvmcJi13yb6E5uudJpbNWNBrE7W1u,34aWqb8VwxywCTVVyHnZGoHHaqQw7MbjMTHbaaBTvmCj,DZ8MzjaaYxkLPTRkGpWoLkDeinNPnyv4Wgp6NzrGb4DG,4450000,156552330,28425000000000000000,300,1,2026-08-25 16:01:12,4UBu4eAd4zgk5d5k21EN8x5TVe7mRiSiAKNLWpRWKVsJCsXT63rDb8EHCsVRLsDx9BNEQY1PiopFGrqNKnQXBT2U,9,2161164831829106228192682659874704041,156239003,156552330,,,1
2026-08-25 16:03:17,5RGtLrk3jaRGME6fi1NJ9GoKmi4MRLmKZC56xbRGf87SNhjbcepnv8p9goAFcnDLG8PsXFquyiMndsd7oW8yc64B,buy,XOM,DwBR6tLSWzQ6ZDMJ7h49p7y6hQtE5gBxwEfQfLUmZuxF,34aWqb8VwxywCTVVyHnZGoHHaqQw7MbjMTHbaaBTvmCj,22JuQ48Scaiyd1xg3XQSneTHCQnzN3rgJ5nz2WzZGit3,4000000,24719434,161816000000000000000,118,1,2026-08-25 16:03:27,4ftToUo7EPLrpp1qtRgpuTjv81fHxyrQ6aTZSjrnFoPTVVq7JVjPdPR2UNJzZ13ngWZEiuuP9ZLggV4EegggYrFE,10,2161165005491276804440973200219528530,24679903,24719434,,,1
2026-08-25 16:04:25,2hjV9Xq2gKuwUuTr2kKiKG4paT1rqQoehzbFCXRAdA6z3dhFttCcXoPs3wAoZBgK2BSQHfd292dSgVZCajsDkNQk,buy,XOM,DwBR6tLSWzQ6ZDMJ7h49p7y6hQtE5gBxwEfQfLUmZuxF,7ZojnzraitorXTQXynyyUzkoDuCdovaJzs8fWR85UdZ2,7utrqWJam87MDfXzsGaj2ESs6NTSkyrY3ej5PiYMZiBY,4000000,24719434,161816000000000000000,186,1,2026-08-25 16:04:33,45KJ2tnusoXx3sGVnPsfSA1X57A91EC6yGLcercNZYo4AtA1RNW2CicRmrStzT6bHzev6cjVpWRUAbB2uHEYcith,8,2161165086031118980520352380236686145,24688455,24719434,,,1
2026-08-25 16:47:26,4WeYjTdBrr54S14f7rJxRSRQvSgvCRwby2TxH6U3euTZ3zVCVFM1fNzXs7NucPDU1AUf3SEAKKPmndrJ3vRm9TYS,buy,GOOG,6a2yZjSpCncEyiPrB3ifnAJdqJVUNymu7vEvLCaySqmp,7sk4Vj6pj2KL12s4KniYdHdLwzqWbMC4F1GGoWYLPxuG,HLRGM33qQ4AUUVf6hriUezKn2ccPTpgG5wYq4ZzRrXBp,7000000,20398885,343156000000000000000,113,1,2026-08-25 16:47:34,42motpQLhALd2US56CZMjQ4z8YA7DchKieKdyUjaizE2omLxxReXMAFSaxGcQpdgoCaTCkaXVLJ7wSAPp9ZKinS6,8,2161168209606505715321898464118672094,20373781,20398885,,,1
2026-08-25 16:48:09,5T1ikHjix5QX6dZUFunRNKDtAsvreRFMyWZfptKkFZivrZhvgSBRMukt5X1RwH9jz3zTVcmovbNf5X6Z8ZUWACDd,buy,GS,HbCB8kGqwaQi9Q1K9EvYjfbMnFjaAUMQAeR3k7PDAKin,7sk4Vj6pj2KL12s4KniYdHdLwzqWbMC4F1GGoWYLPxuG,5teG61Urbyq3uDCE9fFSyRWhtPyLGzsJRPLn1Qk6Ezgy,10000000,9502135,1052394999999999000000,276,1,2026-08-25 16:48:18,R7cKy4HajZVzvNfgcW6b9fbNAguPMCeHFJYzUuJgkzRqHimACRGknjWLDkywcdDiqNyrCH1pWcxmCpHHStezcpY,9,2161168258008279013968023001577488223,9489107,9502135,,,1
2026-08-25 18:31:04,3QkAhjUikWjWvjsb5n5jesHAmcTEvQmNSsauWJistuEpr63of7nujMTnSb4qiX4uuVHkM3qkKNZvSgk8W8RF32sX,buy,GOOG,6a2yZjSpCncEyiPrB3ifnAJdqJVUNymu7vEvLCaySqmp,BFxSJxMaUut3M7uCKhyxe2dixDHAS31q73fZYqc1iqkG,9gFZRHThXGXMyf2qQK5ZZ64LTF1b4Di6WcRi8rBYacHr,10000000,29175188,342757000000000000000,31,1,2026-08-25 18:31:10,4K6PEFAh55fiiFbCYyXi2DvSk8UtieGQgXBitQvaRmX8BLbg8yZbeGTeVPxwSJ8mvCzXXxBL3zeKPndmEpXajKNP,6,2161175714505596176638161743858494874,29145928,29175188,,,1
2026-08-25 18:31:59,RBfk7HX7PqTmjUAgmQFYF3BTqyhSj1QGrM6WfF1QPTjRkvEU5kqEJx41DASTQJRtSyBjLZTB5cGdY9YtGyqqtvK,buy,NVDA,FkzjAJX584L1LncQb8AKSnGhc5sLvZjPGCgZLGpeHyTH,BFxSJxMaUut3M7uCKhyxe2dixDHAS31q73fZYqc1iqkG,HF2CxtZBCPLu1EMbBWnHix7DcJk6CAdL257csPMuUiz6,9900000,46654605,212197699999999000000,265,1,2026-08-25 18:32:08,2bCW6ajGtDo2Vwy3PayKaEQah3PwdXx6t5FtLYRwCnu3tVVJZb3zXAFccgvXgLBZCEZzVRYzaQSKQKN5iZP4jKio,9,2161175789004412640091392164618532806,46510971,46654605,,,1
2026-08-25 18:36:15,4SHk1fvPYegE7qwJNZymqZkW9fVCWBAYkDBhU5JU3H7trkUmP6atZJkSqcCwijwd7YGPYqx2PmKVJPTRGQ9kyWrd,buy,GOOG,6a2yZjSpCncEyiPrB3ifnAJdqJVUNymu7vEvLCaySqmp,34aWqb8VwxywCTVVyHnZGoHHaqQw7MbjMTHbaaBTvmCj,BwCmBtzXw1dEEg351f9jceQjsHP3gwzsqhhZGSKvgAzs,2000000,5837779,342596000000000000000,42,1,2026-08-25 18:36:19,5d3kMdUWfTkm9YgxPDfnavpqBcyfTyvc55gyN5zx1mN89pNFSD1tUJNcK1kdWsLyqvFsmTiK1xpiJbBQfjQFy4vL,4,2161176091793179213464891584957685388,5808183,5837779,,,1
2026-08-25 18:36:25,5JSmskPMLd4A5MgHcAaRGyiAye7PTqfdZStMh2X4jMaks8qtN6K82F2pjdrRyypp6Yvt3UjD4N7du3NsiCBhbnZj,buy,GOOG,6a2yZjSpCncEyiPrB3ifnAJdqJVUNymu7vEvLCaySqmp,34aWqb8VwxywCTVVyHnZGoHHaqQw7MbjMTHbaaBTvmCj,7A3y8v3kr8PQ5EgRzqhLSb2r22bQVCMPGsrmtULHnomm,2000000,5837779,342596000000000000000,52,1,2026-08-25 18:36:31,64KNQNMaqMsU1BqvkpNcPdT599vBrPCHm1BDmrzePnRgtRKs9CMJveGZBvHDdNX2XeMXLT2EKWbAW9XYEsML3Ds4,6,2161176113578031117547926369644235805,5808319,5837779,,,1
2026-08-25 18:36:37,M7AizPD7wXDD1J9oUQ7vUX6X1tWVfKMhquVPcFrMznY7LTNQfTZvn1CAYBAeoXPRwi25xmN6atPHbDwEdqUkF1b,buy,GOOG,6a2yZjSpCncEyiPrB3ifnAJdqJVUNymu7vEvLCaySqmp,34aWqb8VwxywCTVVyHnZGoHHaqQw7MbjMTHbaaBTvmCj,DsNhVFJq81CPspppGadUgUHWBtcWtUiYPSiuZG9r1kvz,2000000,5837779,342596000000000000000,64,1,2026-08-25 18:36:43,35m13B8NJXU64WP5WTZf3dWDskDCmV3Yx6Rf1Qimj24iXWVjm2dhQkCi1dZAVdwoETpGMRvBGKbfHAWvTEAoH5vq,6,2161176127432317666953771070279901952,5808455,5837779,,,1
2026-08-25 18:37:07,569Pkd1rSN6HUWPRqAbbWvnCE6eyA1tkwe3fcLHUTVLHuKUXnTXr4UwLhUQMc8A63j1naEB1nfVaLdAsZe5TKm8M,buy,GOOG,6a2yZjSpCncEyiPrB3ifnAJdqJVUNymu7vEvLCaySqmp,34aWqb8VwxywCTVVyHnZGoHHaqQw7MbjMTHbaaBTvmCj,32M5jkmNAYm9qBTQBtyLkopZmABkeTN2voTng6rHGptp,2000000,5837779,342596000000000000000,94,1,2026-08-25 18:37:16,5Gopn5j893bsqeEHYNs9MzZuWmcXLnCSF4ZTw6kA5wsKJtD1TUSHxKXtmN7feUjSNnoWt6bw3KGixG4BbmtkANK3,9,2161176163772643743189048209632934584,5804456,5837779,,,1
2026-08-25 18:37:21,2AL2GHs1j5g9tnpso9MbrxPWjoxL3thSTeLUAkyxhK7sQyECXVbHbSUTuap92wGUGmW87kgdKPFnzDvKfvWsNqLr,buy,GOOG,6a2yZjSpCncEyiPrB3ifnAJdqJVUNymu7vEvLCaySqmp,34aWqb8VwxywCTVVyHnZGoHHaqQw7MbjMTHbaaBTvmCj,BpqgUE6V9G9WdpGkGTiBU5p2gXWVdwWXT1HP9uxRpiY7,2000000,5837779,342596000000000000000,108,1,2026-08-25 18:37:28,RpMZjoWo1jKkLVfsphnRm42UoofttzdPDJA1Wi1oamZaPd7Rb3h7vrXaur2iRq4TVgKc93Ab1QrVGET6SP1nYhK,7,2161176180542858879724268320115603585,5803678,5837779,,,1
2026-08-25 18:37:29,rAzSoTjSCUVRX1xmSm5P1iT4vdfMt8ZiceVhkedX8hnN6ZLcX9bdCVEuk992G9PLt7g2zQRAoi5fQ3N1iCy5B2g,buy,GOOG,6a2yZjSpCncEyiPrB3ifnAJdqJVUNymu7vEvLCaySqmp,34aWqb8VwxywCTVVyHnZGoHHaqQw7MbjMTHbaaBTvmCj,EadG9XiJjCU8MY9s6sEkMRrSJdYzACVKfABUhEswrJHC,2000000,5837779,342596000000000000000,116,1,2026-08-25 18:37:35,5ywTgxpjjEtmfZn61yb8QZ1XEWo2m7dPVHPDtUmZ95ec3kspM4i6QHwmZPdYThqSCD6EXVPapiJcJqhjntb5shuG,6,2161176191301096809892163908485201431,5803779,5837779,,,1
2026-08-25 18:37:38,5x9LKWRNFudis7rX7tGoV82qqPFvXi4b7qHbBNmtmGvoyj5rg3KAsLGxeiyWC3q4bmyvPCQ99vQysHTVa5Ni31aC,buy,GOOG,6a2yZjSpCncEyiPrB3ifnAJdqJVUNymu7vEvLCaySqmp,34aWqb8VwxywCTVVyHnZGoHHaqQw7MbjMTHbaaBTvmCj,DHHHdGDoaitGnHjuLHubxzxukswJaP9fJqm3BvNcGkfR,2000000,5837779,342596000000000000000,125,1,2026-08-25 18:37:45,YtCNkb53HRDBFLARsB5WX3kNKxtNCmy8zK5qe7cwSGhj2bymNw4AJEy1uXXgRuR1DEmrCV3Jom7q9efU9jFQB2f,7,2161176201983148843781887560236775025,5803576,5837779,,,1
2026-08-25 18:37:47,3DazDQAYKvgbPvyK5JFXhjL2gdX6AuNWtWvKjJbJdtGWr7Lo5Jb1jdpHwLT3nJRj61qY9FM6U8zm537HmhzaikXM,buy,GOOG,6a2yZjSpCncEyiPrB3ifnAJdqJVUNymu7vEvLCaySqmp,34aWqb8VwxywCTVVyHnZGoHHaqQw7MbjMTHbaaBTvmCj,AKZwan4bn2GH62Hp9KMCLp1fvAkSbKDTddUHf3jHTwJa,2000000,5837779,342596000000000000000,134,1,2026-08-25 18:37:53,bu4gkHXPNPiT5oEbvFW9j7a7Pe4SvDMstZSQfPMuH8zaE4f6C2Yujc3o5MRUoBxrTsormiEzgrxeXn4bV9Y9K2R,6,2161176211864913250380744662973606968,5803610,5837779,,,1
2026-08-25 18:37:54,4FUcm16UNwjPD5tutsRMcXNtwqxJ8Yyb7c5FT1PZr2QJDWHvcEFjEde33p58rffYiBnsnWdNWyisTVJZv7NPLEWf,buy,GOOG,6a2yZjSpCncEyiPrB3ifnAJdqJVUNymu7vEvLCaySqmp,34aWqb8VwxywCTVVyHnZGoHHaqQw7MbjMTHbaaBTvmCj,6FjmL5h33cCrZdAvGLUkEGtGd9pYfFMBTrKmr2oMKznc,2000000,5837779,342596000000000000000,141,1,2026-08-25 18:38:04,mdzTamiNCNBK5bYDGr8hAh9TBBfDBYDTshLB1UXwKvmHpRucwheUUAjRS8ZuzvS53RnnPXzhiCYgcKpLuv4raT1,10,2161176221982425262908560416247933397,5804253,5837779,,,1
2026-08-25 18:38:01,51Xqq4Z3KuVGUXGh2XFvH56biYHBFm2P5eyB1HKyDUzsFyRUuyNSjpJ4LSngeRT5Nad3MAVdHgRcbXm5rLvB7ffg,buy,GOOG,6a2yZjSpCncEyiPrB3ifnAJdqJVUNymu7vEvLCaySqmp,34aWqb8VwxywCTVVyHnZGoHHaqQw7MbjMTHbaaBTvmCj,DGTgtg8LFLLZMZcsCLGqbJ8D2XcvUh5xdhTHGcrmsgk9,2000000,5837779,342596000000000000000,148,1,2026-08-25 18:38:10,m6hio8a4sNVZpP1i6DCABZ7N8iiYRS2MVHz1iYtmjey9JWUGjKV9ZkbXwVBjfnPtTMLht37szb9JrMQrWL4qvwC,9,2161176230008457803012720315000660671,5804795,5837779,,,1
2026-08-25 18:38:30,TRQBFDbYoWFdW5peAg2pRS57EJJti9rp6doZz9J8wqdr7Q35x6HT41bPmw8dmPYbUrtqqftpkm7VwGKpcfyuak6,sell,GOOG,6a2yZjSpCncEyiPrB3ifnAJdqJVUNymu7vEvLCaySqmp,34aWqb8VwxywCTVVyHnZGoHHaqQw7MbjMTHbaaBTvmCj,FEmmwMm5UFDVJKH3n6Xu8ANK6BUYJr8UfJvaeVJmA1CE,20870000,60917232,342596000000000000000,177,1,2026-08-25 18:38:41,4WKBynKBioYKUcEAEjX4pJ7FVnJorPn49RfH1ArunebiwVsnZpN5e5cdGdK3h1fQKhXuShiGXPEt2Rq9Dnr8o2sA,11,2161176263631126589371893450140561350,,,20874873,20870000,1
2026-08-25 18:38:58,vpE9bNxLkh7rRbPXRYertN2PeYeQtd4rTQPvaAeB3fVeApSDtkLBZ7ia4kqPAq6frkNN2tV3Z82mR9mCrQUzYzJ,buy,GOOG,6a2yZjSpCncEyiPrB3ifnAJdqJVUNymu7vEvLCaySqmp,34aWqb8VwxywCTVVyHnZGoHHaqQw7MbjMTHbaaBTvmCj,6fZHN8unQjDkwBjNRdGC1PDnhe8ccd3EU9sV7q6Ew2WG,2870000,8377213,342596000000000000000,205,1,2026-08-25 18:39:03,4iW5QWTxn8JGSVYjTBw3ErMGMvA8djbwhDvcmALy2HPtkRQ5iZPH762JLcpQxVRf9E1XAT3fwhbSn1EX8VjDeaco,5,2161176298981302113628723268459702764,8345832,8377213,,,1
2026-08-25 18:39:12,5qDxoE21kTdXGHEAHmQbdgScGSGUaFkvNS6natwLuZsGnVcjvSXKigYkB52iqagSUdhu97qM8HZSFL3FXSqUTyUJ,buy,GOOG,6a2yZjSpCncEyiPrB3ifnAJdqJVUNymu7vEvLCaySqmp,34aWqb8VwxywCTVVyHnZGoHHaqQw7MbjMTHbaaBTvmCj,9CgXRuKZBRHQyTFZg3e3vcbUnyhomuikhekBxp5hQ4ey,2000000,5837779,342596000000000000000,219,1,2026-08-25 18:39:21,ku5pvx5XsLZsiKjadCjefc7BT6c2GN5oUn6aEUTaBbnmpooJEe4H85XtaH8sFx9wJp7ZjpXFPeWd5HemLDcU8no,9,2161176315589553224934870117952542624,5807065,5837779,,,1
2026-08-25 18:39:22,27rDrBQdSe8Wit3ibPC6Cw4Z8gF59vqhWA2vVxR8kzXn4oYt8aKbyc6spCGQrUVQoLs2s7FJUMMhgpEdLDk13nqk,buy,GOOG,6a2yZjSpCncEyiPrB3ifnAJdqJVUNymu7vEvLCaySqmp,34aWqb8VwxywCTVVyHnZGoHHaqQw7MbjMTHbaaBTvmCj,BwzYMZzKF9ifGkwuYfhyiVfnGBt8QeHiWvXmCGjrdUj4,2000000,5837779,342596000000000000000,229,1,2026-08-25 18:39:28,onzw4jL1HNyYSc7djPinanpXTr7skmeckieaVbWKEz3U76gV4HmB2cETJ5n11pBJJPDopQD8WUu6kPM8KiR4GQU,6,2161176326859149975571784051930587550,5807031,5837779,,,1
2026-08-25 18:39:30,3trn3RU9hPaTPWF5v5b5hGk7LGc1wzafvvU7hgfA3Z6C2TzG7SRUfE7Zr8vDFdRWAbLznzgireNxZ6yRP3q16cSm,buy,GOOG,6a2yZjSpCncEyiPrB3ifnAJdqJVUNymu7vEvLCaySqmp,34aWqb8VwxywCTVVyHnZGoHHaqQw7MbjMTHbaaBTvmCj,7KHqHoQugG798hJMaGPy2cin3vSLRcfCVNv4AWgv9k76,2000000,5837779,342596000000000000000,237,1,2026-08-25 18:39:37,3Dhcnjasy8n7Qd59FPjnRkbVUnV6FCsTp6xYbnW6fsecb7CUCUcJzJBuKrpufGHqveLQYPuYat39jovYVvMXYsVi,7,2161176337537596831472419712822874300,5806997,5837779,,,1
2026-08-25 18:39:40,2xki9sdDHVrCFCYnMHZLCgnheTryyYkf6xEBRUif66zafn6oW9cSveYpY8nbqH3qUJR3vBpiG5yafrNbouQrWczt,buy,GOOG,6a2yZjSpCncEyiPrB3ifnAJdqJVUNymu7vEvLCaySqmp,34aWqb8VwxywCTVVyHnZGoHHaqQw7MbjMTHbaaBTvmCj,58eGWEp8rLRCvfgbZkMw8GMobwGkm7igQmX1VjjbadnH,2000000,5837779,342596000000000000000,247,1,2026-08-25 18:39:48,3K943byfxe1m3hNKBJUHjRYAmZyF6ZDZAErF1dSeeCA3iCFXmMgFPhrKj1ecp1XV1e7w95NtfaUDL3ctBwk5ebDd,8,2161176349840810881576249348580174393,5807133,5837779,,,1
2026-08-25 18:40:08,2b2dURudYDxup6nKcv6okxVbcTJafzq5KXh3e59kBUdcCzFraHYfpFFWgccf2mzhDHQtE6TBxqT1Gw8KcxwRAscf,buy,GOOG,6a2yZjSpCncEyiPrB3ifnAJdqJVUNymu7vEvLCaySqmp,34aWqb8VwxywCTVVyHnZGoHHaqQw7MbjMTHbaaBTvmCj,HtVhfJEZkyhUfWd8WvubCPFGPkTw6oNaKPYVRFYq1guN,2000000,5837779,342596000000000000000,275,1,2026-08-25 18:40:14,3no7geXSXtmR2R9rWzJuFd4M6oH5f6ekuZwgxep1yqCR6D9Wg4cYWHWiENP7MSvYAjN4aDfGj8qsCFYq49nwqo5i,6,2161176384424554790071472091694659082,5807505,5837779,,,1
2026-08-25 18:40:42,38noFTUp8ieDmdDbVofvwebUrPNKemzKFqr62J5MHxRKpCHYCmiCNaQyaqc2jXGwqQpkwXu1TQMoaXcDy4WK3iz4,buy,GOOG,6a2yZjSpCncEyiPrB3ifnAJdqJVUNymu7vEvLCaySqmp,34aWqb8VwxywCTVVyHnZGoHHaqQw7MbjMTHbaaBTvmCj,FipZUa4mT25eDPqkkJjRcztCA36gtFPVFtro62hcLGx6,2000000,5836774,342654999999999000000,8,1,2026-08-25 18:40:51,sUuVZTtcqdi3D6rT8UjFbkzneLh5Dexa9Bi5htVTDTHoFJV6XgwJNwUp3PVFNAZFxQMtQwJ67wvyFBKwTTwAPG7,9,2161176424189768377827210142968297483,5807234,5836774,,,1
2026-08-25 18:40:49,VY7mzGKLV9vuQ2V69xbBwSwGXvJRZgygsqxaW37yXt94uuDqHuuevDwAn8dBAXTKrkj8Q41prVjrgn3p6Gw1GBi,buy,GOOG,6a2yZjSpCncEyiPrB3ifnAJdqJVUNymu7vEvLCaySqmp,34aWqb8VwxywCTVVyHnZGoHHaqQw7MbjMTHbaaBTvmCj,C8vAGKMXLfrjE22Vc5KJwynfjHuxqB8rFimrcM53fjfz,2000000,5836774,342654999999999000000,15,1,2026-08-25 18:40:56,36FNT7BTg1C3dwRbGYXL2SH6w5H3THiCHYf4vEXyGkwzcMayZfM6anq1B9EVbRSDDHKXk4gAxHbmcxnhbtwDNJzo,7,2161176433340136670523711199010271536,5806895,5836774,,,1
2026-08-25 18:40:57,vzvqz5wPCJEaH6WvkqNtiPHDyMSGoXJQmcYSZAQ8P5F5621P1TknwTeANzykUK4NCqQqxjgWQzvd2bfNwwEMatj,buy,GOOG,6a2yZjSpCncEyiPrB3ifnAJdqJVUNymu7vEvLCaySqmp,34aWqb8VwxywCTVVyHnZGoHHaqQw7MbjMTHbaaBTvmCj,C3pXpAyY6qxHpcBh72AvJjzUA949GztmodNgJB5ewTG5,2000000,5836774,342654999999999000000,23,1,2026-08-25 18:41:07,2Q24tZAxrhg5s2e6HPmLrVoygfdEKzY1sZmtbNY2GVxqejb5o64Gr4H7Q9yFzBUXeeiS8ZL15tD6vbHGCTovhuVL,10,2161176442940200497965724068687413909,5806929,5836774,,,1
2026-08-25 18:41:05,2VHhj8aS8bQ22Sj2xZN7MqgKENqZo6YWHb6UnMjr72iJwhHuujKTthtGp1eryTv9ADJ1cHtkUdpA35cwKzX5YvoB,buy,GOOG,6a2yZjSpCncEyiPrB3ifnAJdqJVUNymu7vEvLCaySqmp,34aWqb8VwxywCTVVyHnZGoHHaqQw7MbjMTHbaaBTvmCj,CZ1E7TA9xqXZUkF6cziKsDzhcbbYTMswi8kUaNuG1RV4,2000000,5836774,342654999999999000000,31,1,2026-08-25 18:41:13,4uui6LCXxjR29uRXUca64tB1nbCXKU8woiTMgj7dwgywzPMSHg9zxGKxuidAtQWDRfVccFqEumzGFPpWsyVf1iL,8,2161176452042201336277100791571178861,5807336,5836774,,,1
2026-08-25 20:11:03,UrLdibzxUCRdsu65vTzjVHiUqQdbWJqYjLPpHoN6vYCT4UKnVbB9G28Ey7UaJzPWd35Sfzga9ac3KmRQA455aqC,buy,GOOG,6a2yZjSpCncEyiPrB3ifnAJdqJVUNymu7vEvLCaySqmp,34aWqb8VwxywCTVVyHnZGoHHaqQw7MbjMTHbaaBTvmCj,9CjbqZcofzuM4QcaAgGUQdJxmNJKkWDt1jmjbZr9dg4G,2000000,5822931,343469600000000000000,14,0,2026-08-26 13:30:10,5nkJq5deSpzk1wek2bby4HXQiRSC8UvkCMri4r8DLc84ZGxDPqbgrUC1rhqWGKVNVLywMrixSf5MuVpZZTt47SEP,62347,2161182968108864567321501878814393761,5802764,5822931,,,1
2026-08-25 20:24:15,46ppJBMYhmSvXfhmYdPumVLxAHFBdvtPLrDDaUFw1WUS2oSPRvn17yjRnvE48DMYJ5U1nckZTJXTk4jVduDcbPbw,buy,GOOG,6a2yZjSpCncEyiPrB3ifnAJdqJVUNymu7vEvLCaySqmp,34aWqb8VwxywCTVVyHnZGoHHaqQw7MbjMTHbaaBTvmCj,EzSYNbt587FsAxB5ukbzXVsJidDza8JvjAmfQ95BgLz7,2000000,5821699,343542300000000000000,206,0,2026-08-26 13:30:58,5LSM1ZjnNH25ZHT86ymmGToqYhsm2MnHhZFV7FAXddBEAeBM9L1LngYda4SEhvdXhvxv6R97jtezEnhE23yATuKB,61603,2161183935601290575259988260027969263,5802764,5821699,,,1
2026-08-25 20:24:24,2Ln3ZpYYaNHSics9PK1WidLLh3iASXmFqaG8kqRVzTfseDZ9QDo4PnmeDn4hQzsCoaUfVjmUh6suEPbxVovPcaDq,buy,GOOG,6a2yZjSpCncEyiPrB3ifnAJdqJVUNymu7vEvLCaySqmp,34aWqb8VwxywCTVVyHnZGoHHaqQw7MbjMTHbaaBTvmCj,5UmaUKEr78MVySVXbncKfB8VHqmT4axBnDvQFPerqUwa,2000000,5821699,343542300000000000000,215,0,2026-08-26 13:30:33,3xcEKV9gWsbr5bSsPX8aewGVkPW3Vbf978vxq2B36myjhg954aSWR3z7fgku1DQQAkKceN9bp3aggTbGkM1TU4i1,61569,2161183944554611172730702166851486811,5802764,5821699,,,1
2026-08-25 20:24:40,QkY9W63JafL8JGNTs1iZqWTGnkSXzugDBSw3JwQxMUwNKdCykNKe6x5t3YRLz6CehnRWmBmVZDgMvCeio1y7bpi,buy,GOOG,6a2yZjSpCncEyiPrB3ifnAJdqJVUNymu7vEvLCaySqmp,34aWqb8VwxywCTVVyHnZGoHHaqQw7MbjMTHbaaBTvmCj,FDi3Y1bjDMGTQNA3PuqTTxbtmtANyMqVpidRNtUYFA5k,2000000,5821699,343542300000000000000,231,0,2026-08-26 13:30:49,3HSjHSPzeacRiwo8gC5wcwPUDgMtdm4Fj1H9gs8X2619Ms8BWdA6SWL4pti5yd5gh63QpL1S2b7HNUpm5gxhA3Cw,61569,2161183964491004815560752650564311324,5802764,5821699,,,1
2026-08-25 20:26:49,ZeVPrvXftULZj5pSu239FiQxmiTmKRRZdndXauXxsZN6ajoKWouqrPBCoxuV9ZHVLWQ8bWq6dVhFyRBPkRZ8nJ5,buy,GOOG,6a2yZjSpCncEyiPrB3ifnAJdqJVUNymu7vEvLCaySqmp,34aWqb8VwxywCTVVyHnZGoHHaqQw7MbjMTHbaaBTvmCj,CCacHeFuR2VA1zQzcmtveCoPYXbA5EwLDhNdxotAJfaT,2000000,5821280,343567000000000000000,59,0,2026-08-26 13:30:54,5iMVKAg6w8MQ5w41RcaENWv5VgjutjRMn8CqLv1yWHMJ2d7bwVQZkfzyyVd23HcyyZSyWX16dUn6pLjnbmVefUsg,61445,2161184120999742101342188856129639750,5802764,5821280,,,1
2026-08-25 20:27:40,RZkH33RHHGHNAMoRiBBhdec2Rn7hie4tRND8eu9oDXAnLzw9bGS2t59HpYi6wmaBahaYafzEBmDkDEe2YqcGhMM,buy,GOOG,6a2yZjSpCncEyiPrB3ifnAJdqJVUNymu7vEvLCaySqmp,34aWqb8VwxywCTVVyHnZGoHHaqQw7MbjMTHbaaBTvmCj,2YSxNqhzshhDjDQH78fwD6qocZk89J7qDiUXyUQAqWmn,2000000,5821280,343567000000000000000,110,0,2026-08-26 13:30:29,5rdFWxkVDMnsvBkfiwBpSxz2AUHEPGsXs6t674AKudveA4nn4i8smz3Ce5xg31rus9feMUjMU2hB4WASVyPuo6Eo,61369,2161184182859296252854343263178571450,5802764,5821280,,,1
2026-08-25 20:27:47,2M5eC4k4aNbK4x2ZSY9TCFtuqHY5yLPAVP2edUm1vVAEFifPJ7PTqMDTcvVs8ivLQ3tKUD78cbfVfx6RSxCC8YyM,buy,GOOG,6a2yZjSpCncEyiPrB3ifnAJdqJVUNymu7vEvLCaySqmp,34aWqb8VwxywCTVVyHnZGoHHaqQw7MbjMTHbaaBTvmCj,F1gLycuweFSs6EhB5gCcDcbQ8SHyrNh3m5VpvKbSzfCe,2000000,5821280,343567000000000000000,117,0,2026-08-26 13:30:40,3noo6J3Ru79vnau468EULtJXiGoJdD5ZWuLxd2HE7F7LMoiiMzvo2AKNYqQcsBcxiKZQBPtAYhEGvBVhxdHFzxcV,61373,2161184192334844395641175195771393890,5802764,5821280,,,1
2026-08-25 20:27:54,2NkfHm3C2upBD4sfCe3buv1mQyCgCeHA95z9HogoctcK2omnYgkffR4VPRtgvFEWwCWcS3wqPhcwDgeziWNRgvvY,buy,GOOG,6a2yZjSpCncEyiPrB3ifnAJdqJVUNymu7vEvLCaySqmp,34aWqb8VwxywCTVVyHnZGoHHaqQw7MbjMTHbaaBTvmCj,EH8zGtE9bzSiaXFLsnCWvbPYZRd8rZmfhra5AEbwFMKL,2000000,5821280,343567000000000000000,124,0,2026-08-26 13:30:52,52Xx7mPnCJzfL3kjAqTD4L8QALobaegHpERKc4A2e4JEix6gYUy8u41dvqywb2iFLjwTM3jZ3fxFuUPkkutMns2Y,61378,2161184200943603052577830325039571313,5802764,5821280,,,1
2026-08-25 20:28:04,xYQQjvPBwr4cEU2i6aa4PAzNydXCKTDKnenFvj3FnQfh28ynPAjSTdP9J2yMJrTqXQ8TXJ6SWnyzmySpgEqSFHo,buy,GOOG,6a2yZjSpCncEyiPrB3ifnAJdqJVUNymu7vEvLCaySqmp,34aWqb8VwxywCTVVyHnZGoHHaqQw7MbjMTHbaaBTvmCj,J8ZNgpyavvSPvETUWwVn4ms4T641fG3LY81UtW58ED43,2000000,5821280,343567000000000000000,134,0,2026-08-26 13:30:55,2Q3tx19PsWtdj3wyuG2jcZqXQBqBzkoFTf1y3hZnSB2Sd3qg6EincgogJ1f9SCXo1jSqywzXvL8EQSo2CDFvCPxy,61371,2161184212242233206440118223417881923,5802764,5821280,,,1
2026-08-25 20:28:25,2vZvxVPSVGobjWZrxTj4fyRVWhSGcXCGzvrHELizBWQDY9dzaNNDW7HApPGaQbonxiVzfqP1mBkh8hyopjukXQXg,buy,GOOG,6a2yZjSpCncEyiPrB3ifnAJdqJVUNymu7vEvLCaySqmp,34aWqb8VwxywCTVVyHnZGoHHaqQw7MbjMTHbaaBTvmCj,9f2VbJerZFqDEZVSioMXdTT4Py9jzq35LtDM8JLUpozq,2000000,5821280,343567000000000000000,155,0,2026-08-26 13:30:16,2wWLVxCrkH1SYqL1Hci8F5sR2cRDTPTAjHZxDixNBEogZMNJ5inraU9ukXNdiBmQvhxiUbJ3yRohqvm1g6vKdEGh,61311,2161184237444681511539684132597407405,5802764,5821280,,,1
2026-08-26 00:44:41,46ag4igZESa3yfT2imAELFW9eNgPbELct3cwwihKfPCvsX3Ww2V2bYH8AfoFndvq62nrhJv8yVcpBUcEth5KQAY6,buy,GOOG,6a2yZjSpCncEyiPrB3ifnAJdqJVUNymu7vEvLCaySqmp,34aWqb8VwxywCTVVyHnZGoHHaqQw7MbjMTHbaaBTvmCj,5rCGS8Yzxh8rzVtcpv4aTf78HTyncPWBYq5JC9fHJ563,2000000,5841548,342375000000000000000,200,0,2026-08-26 13:30:36,4Ljv7kYp4Z8j6Q4SrM6xpd3qNjpG3xNxZymfP5feiQNWBNih2EqZEdw1NcT1XsAUX5nEQ9HuNwAB8n9N3anzJb8N,45955,2161202817146347794509730099662672865,5802764,5841548,,,1
2026-08-26 00:44:49,4DRDFjwQzHPnkwQNydRy6SVXvENsSPnZyqUyWhrn5YYsy3bteYHiFYCKUY3Woi2dR2jTXZJGoTueGPdYeoSXjXMv,buy,GOOG,6a2yZjSpCncEyiPrB3ifnAJdqJVUNymu7vEvLCaySqmp,34aWqb8VwxywCTVVyHnZGoHHaqQw7MbjMTHbaaBTvmCj,EXdeuEKGp7ydA2Zkfd922HkGpkMPEFjouu73cmGb4BVw,2000000,5841548,342375000000000000000,208,0,2026-08-26 13:30:59,2RoeccaegZbeSFP741stbvmvLEX3U2PQrYhfDh2R2vUo9r6pzf45ZvBH7VtgiB8MCt9AupYEJ3Bq95V6f8HEoRDs,45970,2161202835385408648574414519747488893,5802764,5841548,,,1
2026-08-26 00:44:58,64m7TnzmZ2qJYehU9pMw5DDpegz3EfUnrWRHnBp1vXCUatZ8P1NCh3YZKiGZ84APc2cQ4nFRWWSJ6aPbMT7dYa5a,buy,GOOG,6a2yZjSpCncEyiPrB3ifnAJdqJVUNymu7vEvLCaySqmp,34aWqb8VwxywCTVVyHnZGoHHaqQw7MbjMTHbaaBTvmCj,CgZb5sPRNqssxo9Li65vJtcnv7fbFjwRhWdYykYCj1fD,2000000,5841548,342375000000000000000,217,0,2026-08-26 13:30:13,38xQcxRDiSQJfYXAd829hDNh1WfQZ8EeCYMargkYPjP2X3Lmxg7zFGN7Ji8VtEs3QkWiXWrj1VMnySJjA91138dD,45915,2161202845976838594222686411063884307,5802764,5841548,,,1
2026-08-26 00:45:07,5Nay9sGU2pzGXEKSxKHd4PUMMmrJhxnGr2kxAX6uBcdu7adKi23prjraGSMcybECyNQGupWfDhMdtuAtXM8uxZFi,buy,GOOG,6a2yZjSpCncEyiPrB3ifnAJdqJVUNymu7vEvLCaySqmp,34aWqb8VwxywCTVVyHnZGoHHaqQw7MbjMTHbaaBTvmCj,H7sESqB4KMtCAYfQtnySbvBAjY2Q6NHka7Tnt4NMQS3o,2000000,5841548,342375000000000000000,226,0,2026-08-26 13:30:09,37pfcT3tv2kWsVYvF2spQVy1mTb6BgVaqrqQU4jAJdNd274Z3LUVkK52H8b3EonT6h8vzU1suJcK4mReLMZgaj5d,45902,2161202858040673325426096906656937970,5802764,5841548,,,1
2026-08-26 00:45:18,3beopyhYFY61kUo3Ui9n96N7v1n43FaZPFQo6mN85rWcMEPWzdCMhtCHS7vzioNSsUm1ro3EA9fiCmbSDcUe8A8c,buy,GOOG,6a2yZjSpCncEyiPrB3ifnAJdqJVUNymu7vEvLCaySqmp,34aWqb8VwxywCTVVyHnZGoHHaqQw7MbjMTHbaaBTvmCj,Erp3kMK6VG96rMgpZzK3JjarAsP5fCGSbwgkVyuo6QRQ,2000000,5841548,342375000000000000000,237,0,2026-08-26 13:30:32,2gNwkeHg85pPtWkcjeD8YyAJJHaswD9ZdoVpNsNg3vrstZ6BaiZULurXUgtJCipBRqzuB6PHw4A8zEXUpiRsMmNW,45914,2161202870382619578172983299130635487,5802764,5841548,,,1
2026-08-26 00:45:28,4ZTyzQu1jWLQCUhrDRhjkFDwXc3frAhvFHXpNaNqRnjM4JCz6q3vcH5eXgeLFw2yP5C9WnHqLHHNVGfgNMMb2R71,buy,GOOG,6a2yZjSpCncEyiPrB3ifnAJdqJVUNymu7vEvLCaySqmp,34aWqb8VwxywCTVVyHnZGoHHaqQw7MbjMTHbaaBTvmCj,Ay8jqf5Gg56wyaWGQmfbBBBExFSMgUjnU22NhmXXmPXb,2000000,5841548,342375000000000000000,247,0,2026-08-26 13:30:38,3EQ47gjsgAzGLvMg2DqGXtgSJ1hnWFCUK2iwDHDWBHeYhW4m4m1ukMz5ngJvKYdkMuKpmq2i5cZxg9ddxEsBxVuW,45910,2161202882847851121245011470509807131,5802764,5841548,,,1
2026-08-26 00:45:38,1rxmTDeH8HEgXSo9LyDK5uwgx84pP2xe8RRiN3MNi6aZ2RZGNrVk4mjGdqNBj3cxxnhNTMVmT3it7yBY5X2kjzm,buy,GOOG,6a2yZjSpCncEyiPrB3ifnAJdqJVUNymu7vEvLCaySqmp,34aWqb8VwxywCTVVyHnZGoHHaqQw7MbjMTHbaaBTvmCj,7evejfuSYx29165CUUUqTCpSbME3D4KP8yGzo2Hmtmou,2000000,5841548,342375000000000000000,257,0,2026-08-26 13:30:45,4ndgTXzFDLqAqSqL7Bhk3C2hAuB7XuRH4rHsF4Q6SufaLh4jAt8jUUTREvSXFvzXFs9c5CwxXHir6176GriW3bfj,45907,2161202895140208503654647952933222484,5802764,5841548,,,1
2026-08-26 00:45:48,2zMa4LuFiUbDGz5RwPXpE796BHtyP582NrRKQjN9xEfacoM324tmaJpCawJPv6tyGVYkewikyf9Q87zmqeMJyE88,buy,GOOG,6a2yZjSpCncEyiPrB3ifnAJdqJVUNymu7vEvLCaySqmp,34aWqb8VwxywCTVVyHnZGoHHaqQw7MbjMTHbaaBTvmCj,FcfZKCHREraZ8pRAoMDUa2D3WjokiEBKDjtzX1F6NRqz,2000000,5841548,342375000000000000000,267,0,2026-08-26 13:30:22,NgBMqevyvQv3CbZWqLa1V7WdgNGnZv1iyttnkws2rTJV2qNXW32gctUc5jQXCmFw27Yb8AfyAv3M6W1MHrVe6Ym,45874,2161202907077142600811888120463485175,5802764,5841548,,,1
2026-08-26 00:45:56,5tNJjojowmbNztHpz4Hdd2qsAfXzMntwynw4qrKB2Qetz2aHEsFJeGVx7u6j1wZ8Veh2Cy5ZWw3C9We3RUsvUpXN,buy,GOOG,6a2yZjSpCncEyiPrB3ifnAJdqJVUNymu7vEvLCaySqmp,34aWqb8VwxywCTVVyHnZGoHHaqQw7MbjMTHbaaBTvmCj,DAEa5SrRQZ9z3x9CPEA3WNwbUUw3QHfcujVakMzX1vXy,2000000,5841548,342375000000000000000,275,0,2026-08-26 13:30:20,gVPowyhpNccrfZGgsfjg69YFBPuFYPF7wNN9KAGanRFuU5ZQXrKfcZP9ZxKbam1y1rwzatzbkspQaVQD2TL7zsN,45864,2161202915849090046911237811427106729,5802764,5841548,,,1
2026-08-26 00:46:03,3d45kt15hKQfSRid5ieFqWz9f7K2ST5DAGauAU8VfjdRbaubb57GRHQCn6h3bs4JNHBwdesN8P25WtnfVNb13x3F,buy,GOOG,6a2yZjSpCncEyiPrB3ifnAJdqJVUNymu7vEvLCaySqmp,34aWqb8VwxywCTVVyHnZGoHHaqQw7MbjMTHbaaBTvmCj,ArVR988Ca3ypwfVy8P4H1eaSZ2bgGU2pJVDzj8C8VoSk,2000000,5841548,342375000000000000000,282,0,2026-08-26 13:30:35,swh2Lv4B2C9v5CqWef9EhUCqyAm7YeFNyqMASwNwd9Q1UJhtHB4HiE82pkrgExQFEBf4oCfj9MFzHYt31LdzjU2,45872,2161202925923096461584715068205429411,5802764,5841548,,,1
2026-08-26 03:06:04,5porHeufJxuGNWdKKcvWxrGp3YW5Tf4osc1y4LomAfznzEYJiD9yLWchbVT2nvfMnpjS8wyGNerJ3CCwTp4j1r4p,buy,PFE,EG3rt93i4iifbhyEvmcJi13yb6E5uudJpbNWNBrE7W1u,FWqGhJyD2e9RbQewimzaiFuxPJ7xGhzEHL5SaAv3p5dM,BBcE1aPJEjCfAvdzYXMpQRpXk5DkhJja8ZecCzAyRqdF,10000000,350324049,28545000000000000000,267,0,2026-08-26 13:31:10,vfNsLPVN4LAucA9VFTKJFqL4vB4HCU3NuUgVRgtj4JNHqxJy4VpkdkD3YzLUB93sLHtty5LmEgbKbnSaPRPoEMQ,37506,2161213078052953746313448219884192026,351636747,350324049,,,1
2026-08-26 03:14:50,2C9U4b7rnU7ignojyQE5MkwAgy46rUHjaoUS1UKi52xQZwjHJPaW42zVa1KWxZfj5fE44TgfJRYqn1wC6Q1WtidH,buy,PFE,EG3rt93i4iifbhyEvmcJi13yb6E5uudJpbNWNBrE7W1u,FWqGhJyD2e9RbQewimzaiFuxPJ7xGhzEHL5SaAv3p5dM,GS2VpyFJhU2ZVYzxNhMqSwiRK9XytMcvQ4hDRkpdXd2q,5000000,175162024,28545000000000000000,193,0,2026-08-26 13:31:08,5LqAXDfgZfmCsa3mbE4Y84zhJsvRirQib3G47F1tcW7jzWFudCdpm4VCteiLUNHEnfRfCz8mo7CC5JXSCPYQdH6p,36978,2161213709891985211917472666802227600,175642379,175162024,,,1
2026-08-26 03:24:35,5LLQDsak784iYDWkPXxMm4vrGkTjvJZjFEMfyjVL4VXMpQ1BXTZTnWoCi9Br7WkYCk8bKMQ9gQUsXquoF8ZAfmCY,buy,GOOG,6a2yZjSpCncEyiPrB3ifnAJdqJVUNymu7vEvLCaySqmp,CHAcdTTgXG2GJrdaCNrYLMUbsLK6VEzkenBa6TnXYVTU,7Pp8TpNLTGCxAv6kpTRz2Gp76AvaCTBoi9awY32tf57w,5000000,14584062,342840000000000000000,193,0,2026-08-26 13:30:44,eX1aC24oSLb86JqLhatBNKGgd1SksXjthZKEG7umzYyneCwvxJjCBkpWQjq7SePVLjyeWTZEfCXuYBgo1ySyS6G,36369,2161214414109415446864479544954673924,14550650,14584062,,,1
2026-08-26 05:24:02,hHYiLZzeWKHMrga8tjuCGgeMrbFhMo8fL5t9pw48WFtmcsRos1hLp9c1qfH4pg6rWBCPUbMsyZkFqAj7iJSdBGq,buy,GOOG,6a2yZjSpCncEyiPrB3ifnAJdqJVUNymu7vEvLCaySqmp,34aWqb8VwxywCTVVyHnZGoHHaqQw7MbjMTHbaaBTvmCj,CfMHdrmLkRUmRLqcdcXTdj7K7D3EDWWYdzMoWfAWYby6,2000000,5826147,343279999999999000000,159,0,2026-08-26 13:30:26,28rKtZmUmXjzRa19vFU4n5apNPFJ9sbnYyZUzbMCWsWZjEdTzJKcaPqRM5VEVqqXciUkiCWE5EWx1cPre6VdHPgL,29184,2161223079794876730711371671730571098,5802764,5826147,,,1
2026-08-26 05:24:11,2cH4guDXNDJLQPuHkZZ2ZkGEfMVrQiVbY3zSH48m9w2N3cVSjHoEQYDjgSDQnguZsj5eA6NoCX3E1w9k7c2dXbNm,buy,GOOG,6a2yZjSpCncEyiPrB3ifnAJdqJVUNymu7vEvLCaySqmp,34aWqb8VwxywCTVVyHnZGoHHaqQw7MbjMTHbaaBTvmCj,HobkGZ6sKvdyJ7YEKeEDWcvL4aWw3CvNZYxwbRrPhUDe,2000000,5826147,343279999999999000000,168,0,2026-08-26 13:30:19,2gVUtinoiqMVCu4GEDUuy8nxkKoqL2FvzZhwuVv2gmxmZvdFn6DCJAAsybqFtk23iQRsycZJLhJXaheDt3DTtczX,29168,2161223098972049758833614662022116665,5802764,5826147,,,1
2026-08-26 05:24:18,h7UPudxnCXALsdL6oY133GibgLyNm474TpFhk59yrdpVwzMrtpph5gVwsyn8UwsiLyUG5wAgfdiN1hYUyCUYPPJ,buy,GOOG,6a2yZjSpCncEyiPrB3ifnAJdqJVUNymu7vEvLCaySqmp,34aWqb8VwxywCTVVyHnZGoHHaqQw7MbjMTHbaaBTvmCj,Yd88BkDsQUVJW1b6hVaTwWcGn8YTiaepavohECWcn53,2000000,5826147,343279999999999000000,175,0,2026-08-26 13:30:24,2ZDDMoVKwo2AyRdfAGGvJkm6G35NsEaxoNtde9hDiJxmjXcY1KDQ3MdkexzEKZ8aPjgNhSeU1MzsgxwRRRA6iwPb,29166,2161223108064376621823613053942826593,5802764,5826147,,,1
2026-08-26 05:24:28,hVJEjmk74GJSPKiFWoDHwAPwEDHe6MTwUUZzBD9hQ2YoPZnBXdvWSwzzWxQHDnmS1M2Aqk29N4RiCUyS1CrQZGQ,buy,GOOG,6a2yZjSpCncEyiPrB3ifnAJdqJVUNymu7vEvLCaySqmp,34aWqb8VwxywCTVVyHnZGoHHaqQw7MbjMTHbaaBTvmCj,9P6TqryQVtk3s46d3jA9L18SuZzVP6wqFwbQYaaFmqTF,2000000,5826147,343279999999999000000,185,0,2026-08-26 13:30:50,63Q7uyyrDKaJVwMop3jM15a1cxqpp7iajfxfZyyb81CNvPdtoHqeKA1aELnsB3qwDGbYfJ5EigTFEMkaamFyVyJp,29182,2161223117469841764435220642443781504,5802764,5826147,,,1
2026-08-26 05:24:35,5E18VgyJThGa4TTCBuA8Kuq5J5gAk8XppNpYhJCCVem9yNQ523iEWn1ARMSwXh5FhresmBAqwbCSBK1NDqSSCSWG,buy,GOOG,6a2yZjSpCncEyiPrB3ifnAJdqJVUNymu7vEvLCaySqmp,34aWqb8VwxywCTVVyHnZGoHHaqQw7MbjMTHbaaBTvmCj,6kseF4ruMof788XvUbd9CZkjRkLMPV5FuwLEmrVq8TUb,2000000,5826147,343279999999999000000,192,0,2026-08-26 13:30:31,2MMqXJAaM6bkMT8NXoAtKutnZbg7W7bUYkdnffX6bsn63KF8hgf3RXWYkjr3Ur7ziX5aWjJLBmWBmRPsHZRASb8q,29156,2161223128485562099905607384589170196,5802764,5826147,,,1
2026-08-26 05:24:44,5e1wWUDGNt3iu8dx5JXCJF9FJL9ozxp7TsTNXJkjj7UH9E5YSVjUTuG2ReMDqZSHnAyyzbKVSfbGpbYzyMSb64Ed,buy,GOOG,6a2yZjSpCncEyiPrB3ifnAJdqJVUNymu7vEvLCaySqmp,34aWqb8VwxywCTVVyHnZGoHHaqQw7MbjMTHbaaBTvmCj,EvRCXBEjzXC1fF5XcCWYRZLPeo8SJXT5R8cRcxces5Zx,2000000,5826147,343279999999999000000,201,0,2026-08-26 13:31:02,2HAWvoNd5BHUEfnXJ1hbHhUR7GLyg5VKsP7xa7mAkLRN2qcURzUJarHpPV4q1wfxMwh3js9GuEHFn9yCdG911PAg,29178,2161223138218631513298333476412612982,5802764,5826147,,,1
2026-08-26 05:24:51,4cJfeNyR9eQYcWkwVBdiuMZdHdGWhkRARQQEUHTL65kamKA15VQrYDggZfxYvowRQxijAQ63SwdPS5yR8wykXm2y,buy,GOOG,6a2yZjSpCncEyiPrB3ifnAJdqJVUNymu7vEvLCaySqmp,34aWqb8VwxywCTVVyHnZGoHHaqQw7MbjMTHbaaBTvmCj,Fzb6S4hZruKhBnUkNVrb8uNRDonCDCasZ7yCpTo5h2vk,2000000,5826147,343279999999999000000,208,0,2026-08-26 13:30:41,MYnsPw64xi4m5GJeU6gKBKrEWa3KKM5VAM5RXUipe7P7ojxCmXfb3QTLbqnuJQRLkNf64snMtHjemvvAs892YtU,29150,2161223147886409392252874856359992073,5802764,5826147,,,1
2026-08-26 05:25:10,2yBR5E4eJFgjo6kmBCFA36T8BjKnNxozaqyeZiPtCppcuBQNK6VZjWzaZ8dMLoRgLpW6V17gLY71ys5ze4vaH62c,buy,GOOG,6a2yZjSpCncEyiPrB3ifnAJdqJVUNymu7vEvLCaySqmp,34aWqb8VwxywCTVVyHnZGoHHaqQw7MbjMTHbaaBTvmCj,CuNfqsDhDnJResKExw6rEXEavqijYmedyjeHpwySNitt,2000000,5826147,343279999999999000000,227,0,2026-08-26 13:30:17,3m8JMZNWVvBpCDp2pDAPvqPR5Z7Zb89XoeCiSq5dQYDSuZkPzsQpTcjZrKDfsuLSJRQDnCbw4UBnds8U3mVVLKKw,29107,2161223170970839912418458607397708108,5802764,5826147,,,1
2026-08-26 05:25:24,3Nhkvf9VDgvMsU3sdhFcdtkWPRwqeDLi5LY2ubePv8iAMjbvtUG5VmoS7vVon8yCjJAN1FFpHAMzbLNavhERWZSy,buy,GOOG,6a2yZjSpCncEyiPrB3ifnAJdqJVUNymu7vEvLCaySqmp,34aWqb8VwxywCTVVyHnZGoHHaqQw7MbjMTHbaaBTvmCj,9va32Bk34VqsDm5XXBRV5Lku4yPkpDmf92dutdnQHWTo,2000000,5826147,343279999999999000000,241,0,2026-08-26 13:30:12,5PrETgU1rEdcwF3yzyRmpZtjtGS7atwYXQunGkL49qMyXNDgfKVZoiQ5zTiqKv5tuCi81bAWcqbW1ZZNprNwFxHx,29088,2161223180354504323716798639769464431,5802764,5826147,,,1
2026-08-26 05:25:38,5ngHDohN51zdb3vJrKZTXyG3TtKrSPDvDXh9gwvq4Z6E16EqgUBuKzgcb65enhNpQkHBiTQcJWWsPGLxskZXFDaB,buy,GOOG,6a2yZjSpCncEyiPrB3ifnAJdqJVUNymu7vEvLCaySqmp,34aWqb8VwxywCTVVyHnZGoHHaqQw7MbjMTHbaaBTvmCj,EC4RKQWrWZCMfp5p2qLJ5Unwtceg9YE8RMRmeLw87L14,2000000,5826147,343279999999999000000,255,0,2026-08-26 13:31:03,3KuPfgSsZiKGDymGpEN8nfsHQGSrNoxjnb745rPDQSuJZwuNsR8hP7DLbVNknksuFf542XdNQsUW4RPqEpeXaEbL,29125,2161223204767549742062133626749053655,5802764,5826147,,,1
2026-08-26 07:24:43,2tLLuN6DajhjuryPwvXKtZqaKFfND9EoCRjvyhiUSWtGCUpY7BuGTcBCFhVvPCWrNiHag96RFwJpAxwRexxJgtvK,buy,NVDA,FkzjAJX584L1LncQb8AKSnGhc5sLvZjPGCgZLGpeHyTH,J5SS8KD7jMoEdcmZ75a5DsQQEivaZLmp5LgvrcPRvAB6,2rajSWHeVCqE4dNwtvyrLtRAdk1RCM9c9Vbs2YM8jDLT,10000000,46863650,213384999999999000000,95,0,2026-08-26 13:31:06,2XfGeXfhPN2z3D72jLPWjgqjbmhFGkYRvgbEJwMExQBp3PZMieXWxKHygxRG4dmFCGHo3TsXZwh4eS7jPL1oYDNS,21983,2161231837677846466042124515390462199,46998494,46863650,,,1
2026-08-26 07:42:26,62ptZoGoCWGZ55w1n4adrDrVnV8j9LrU8ckhbbic81bDUwwbB68swvvP33Kd7JuvPQ3E99CiHwTrMtN3g5kozGyH,buy,SMCI,AJA4fVUTXmjnRDmqqpEvMfTpBR9rXnQtJcRMy8e8TjaJ,CHAcdTTgXG2GJrdaCNrYLMUbsLK6VEzkenBa6TnXYVTU,8h1dxnRMjEvXE1crAm3r5RWHCdP2E9vVNxUyDbbemDdW,3000000,78053857,38435000000000000000,140,0,2026-08-26 13:30:03,4eyeU9mByMAEy5CcrZnTvLEjLhW4r6vMnjxFvspef1iDN7ANjfT4E5wwpL6zDQLyHwrsvoYhaUwvqHCKGPwhZckd,20857,2161233127222062679951858264782713687,78684210,78053857,,,1
2026-08-26 08:02:05,ZFYACH9C4MF99VxXt6ktsTu6orEhVcE2d12jviY2k7aPGaCPozjo1HwhxgNgH849nPv9FhV8yPgUNpsZfG4yRXA,buy,BSOL,DaBqWWKszBeiTmVqYCW58W52UUhhVjRFMUw5swJwaSDb,CHAcdTTgXG2GJrdaCNrYLMUbsLK6VEzkenBa6TnXYVTU,D5qow9bFbFMGTx3M9fqBXE9Xm7NPRs6kCf1ALyJmv6LM,5000000,375939849,13300000000000000000,116,0,2026-08-26 13:30:05,5PbjXqZZ5ooZM1432vYuZNx34EWZoYwN2QdqLqdkHknsP8AVH7mNYoA2rPrjnZt4pr2v3gsSB1UXGwDCZvmugNE7,19680,2161234551583320879699359827567497996,378891419,375939849,,,1
2026-08-26 08:20:44,22xx7KTqniWhjWy6DWQEb3CvGbt7uTfmn9uu2KyxSWwm3wLqEzTe2KmVz7Hedn2J4wzqrxuKiRTZ2KHHt76TBktW,buy,AAPL,B3S7TuCmBPsNJW32SzRLBwbmWmgNzFBuHnBG9rdvt6K5,93rTCf2ZogCdtzUPQKeD6tzwUAxMzwTgzueuePZeRW47,G19pM4yWiXa8hYRWYx7HvjJ7J8q7eJNgCkmhPGD6nRnW,5000000,16144656,309699999999999000000,10,0,2026-08-26 13:30:08,2TzdA2n3Xc1tq7zACkaVzQiDBg5FZ6M9eMmvCe142zuUVkuDN9ps9XptGRYRoettj4fmpUQxtR1QFttfqmDsmctF,18564,2161235903931262587767356339201569689,16084321,16144656,,,1
2026-08-26 08:21:14,3MHL6ytFZuQCcUghQK5WbqMT38YC7w5Hk3YECf2S5ZpvMLexpshYftapo7jBBusV4WA2DHQCunswWipt5GkfeSpF,buy,PFE,EG3rt93i4iifbhyEvmcJi13yb6E5uudJpbNWNBrE7W1u,BFxSJxMaUut3M7uCKhyxe2dixDHAS31q73fZYqc1iqkG,BBdtvmS1aQkZE7EYVmrj9JmxsGDbAF2a9gP173ii2zKm,10000000,350937529,28495100000000000000,264,0,2026-08-26 13:31:12,3dk7Sbg3P9oeG1SatQ9bQfjCUm1CQhWaGDpohW9pjkecWy7Hk51wQEPchDj7S8VqGCWgg5BuQV3pygyNuaM55yLv,18598,2161235929750267912116290573813869130,351636747,350937529,,,1
2026-08-26 08:21:40,5DM9QTVGQPJHkrADJd8AjZ23ygScdnz8UqbhpgfB1U5ko9cx8hEgFdT9idWihdmviFu5xfwcG5wAKoVEsQKJpuBE,buy,XOM,DwBR6tLSWzQ6ZDMJ7h49p7y6hQtE5gBxwEfQfLUmZuxF,BFxSJxMaUut3M7uCKhyxe2dixDHAS31q73fZYqc1iqkG,EkoTiWom1nQ3fobGG18FASx3iYdrnYpTgjRW3rwfQhFX,15000000,93677634,160123600000000000000,244,0,2026-08-26 13:31:15,3qjgTgzQuPk9xJ3iVzu9QQuZTDxBw2CCstJ6esFL2xMqh97H3fQBBG8dVahMpvshrx9yipjLW2LzrRjvGXTFdAJf,18575,2161235969397012007312200295167667427,94729524,93677634,,,1
2026-08-26 08:22:38,rog3PYWaEaHqfyUF3pqqHxnNZN5mB1z2utnEfr1fUMvuDdk4QkjA6fBG8pQUyDuDZSPb9kKo3wiCAk1VaMvmc67,sell,GOOG,6a2yZjSpCncEyiPrB3ifnAJdqJVUNymu7vEvLCaySqmp,BFxSJxMaUut3M7uCKhyxe2dixDHAS31q73fZYqc1iqkG,2ixAZixVQZ31c5Jsu7uiMDreuhNkiLuvCkWDGQc2d1kb,3427925,10000000,342792599999999000000,64,0,2026-08-26 13:30:27,dDrzA2TJtcDUWKAHBRPRTWR1UYqM41SUbns65f8JyMy15CeW7bY8KeRmsDxmKuo3b7i5bDXq1jHZoVjUMGxWKCo,18469,2161236029532593703749952656978126877,,,3429400,3427925,1
2026-08-26 14:46:54,4Eqeow2McrXWjH9j3GHLQcHFbx5k7yw7tUufyvz8EHiv2b3AKg9vboAag435utt3M2W7Q2WaX5RqvrQYRTdey2Da,buy,BSOL,DaBqWWKszBeiTmVqYCW58W52UUhhVjRFMUw5swJwaSDb,34aWqb8VwxywCTVVyHnZGoHHaqQw7MbjMTHbaaBTvmCj,3ebpSQoxhMuanUsGnpK1FKooCV5iCHjijJRkNstjbSjk,2000000,152137532,13146000000000000000,121,1,2026-08-26 14:47:02,51WvaWjQcMfQGpRcVzTbtgFe6uSgkEVKHJ26JjtDpJKj5v6KTGRQs8r17fc3vc6TZhJa97H2TDas4qXnJfpRHfB6,8,2161263905865366024759310080110077736,151584399,152137532,,,1
2026-08-26 14:47:12,Nr3yAJp9sRAf2E28hjMxj5owaoYo9oygrAVFBLhP4hseURoqWTAVnj23o5t65xW1ekHkgZ7EisEf3cHBBviFrkA,buy,IBIT,9HfMBSLn26e7ZTDjjGRBVuF2wfEFoQeqCPMqz6ZK6PyH,34aWqb8VwxywCTVVyHnZGoHHaqQw7MbjMTHbaaBTvmCj,AawQRtjR3JQf5EVfidAGKyfnUKPEeUbQke5pYigyEeYr,2000000,45305244,44145000000000000000,34,1,2026-08-26 14:47:21,3ppGKuT7SDXpfCikVWsva9GRgcHMdFp1FghpgrpVMhddtuyXVrK3Nb3ppCXvuSM5teicUTQLR2mLzKW4LfcxEHie,9,2161263936378632663466302750704960819,45065446,45305244,,,1
2026-08-26 14:47:23,3veCdWi9UjBfSFYUXaT7dsYL3mhb3HVUrz5cHjBLAEJt9SGPWzixEDGMB6gioX1HKxLWdx9HsPTSrdwZsYBaEr16,buy,IBIT,9HfMBSLn26e7ZTDjjGRBVuF2wfEFoQeqCPMqz6ZK6PyH,34aWqb8VwxywCTVVyHnZGoHHaqQw7MbjMTHbaaBTvmCj,8E8cXMHJmo1jVJvvzZDRe678QLE1dJGzhC9kKnCiqWx7,2000000,45305244,44145000000000000000,45,1,2026-08-26 14:47:30,3ZuaTaJ6cPMhjxdSuVJBs9Ec3nCTJhrxCDmCRxcaFsmkgnVe3uqLXRy7tpcuSEHgMjRcncRPHFca88SSqhzkjhVx,7,2161263950841015325835914545758070251,45055243,45305244,,,1
2026-08-26 14:47:33,5WnoTVwUckUrzSfoyAdxrfTA4N81RgjGcCRwKChYWTSJXHaDjTo6ysM9fTBT5swFCH1iLqA1EKZ8GBXQvmEQzj6E,buy,GLD,G984Yppzh9oj67r2QUJFBnSDaPDXHQ8SgxbgqsKatd3j,34aWqb8VwxywCTVVyHnZGoHHaqQw7MbjMTHbaaBTvmCj,4opkikcFc9KQ1Xx6keMdYGvGPYNJwx37EDMBtuDM6mcf,2000000,4724242,423348299999999000000,9,1,2026-08-26 14:47:41,QJgi2wXxkQci3wTzvreU3fvkR8SsfTmU534QmkB5wcPWV43c9nrSjRvk84cvef9iEoqsWHYTXSZJAQiNEVcc8KA,8,2161263964345913552377555419239887616,4702668,4724242,,,1
2026-08-26 14:47:44,5MTyTuTg317Bv1auY3HZn4ipUyapG6AMugTBNdVQY6tC4ER3rLQJsEnb6Er93aQgGnijAmvPEJnapM7m74AECJHZ,buy,MSTR,2HxYoAmyFHPrfaecKPZdMd9dRjQ7HzRKMFSqMP6Z2mGQ,34aWqb8VwxywCTVVyHnZGoHHaqQw7MbjMTHbaaBTvmCj,9MQBRbVRaAKk4vqAezwM7VATikq8WFGAsNFx7ndJMYav,2000000,16296345,122726900000000000000,155,1,2026-08-26 14:47:50,2cSyAXEcb9HsMA3PMh4Ybqq5yPHavNSosNaRkrBW4Ej7VgtyeVhMNPQhBEbMMoT6ofHNfW3V7466TYoRLWBRQZeB,6,2161263977124276233716923280205728538,16228470,16296345,,,1
2026-08-26 14:47:59,5nSvHPPk4Udx7Hz2cVJ8KouJzYieLtztXaP6L61oMW8sZoRX4pwXYZEf17s1t3xJ52NGTKGyrEUvmkdvLQorDXT2,buy,SMCI,AJA4fVUTXmjnRDmqqpEvMfTpBR9rXnQtJcRMy8e8TjaJ,34aWqb8VwxywCTVVyHnZGoHHaqQw7MbjMTHbaaBTvmCj,DbTsBQmUfqfcL59ZAx3y1FxTgXyRaU4nEGWxnx56LBve,2000000,52956565,37766800000000000000,141,1,2026-08-26 14:48:05,5D8XHqnPcLEv5bYVEuLMYPGw8UEvotT2mvgXX6rEBYoueLxswqGX4kUVKoyoG5NDZaxH4p1sx4vKrq1yNBP9Nf5z,6,2161263994977677316020254958651555126,52665008,52956565,,,1
2026-08-26 14:48:13,614UQA3pagxsH7qz9GDFpU8mhbAJj7oxJtdKoamy943JpYif2yF86tG5p764CjwH6rnVrGC4Teuu6ULCfT4paGVZ,buy,GS,HbCB8kGqwaQi9Q1K9EvYjfbMnFjaAUMQAeR3k7PDAKin,34aWqb8VwxywCTVVyHnZGoHHaqQw7MbjMTHbaaBTvmCj,FPGL7huLAFcUvhMhqGjZbedXu3Ksa19o9JCjvGqbyyqA,2000000,1908670,1047849999999999000000,157,1,2026-08-26 14:48:21,2tsrsJv7nxXVC6hXNvY3DaEhUwo3tQ1W3quy3PSF4QqqKUDYUoVpB3EwHhk2FruvNnh7Gvsw4WYk5MNymYwKyzH8,8,2161264011923197430123241958235144442,1900276,1908670,,,1
2026-08-26 14:48:26,hWGxjxhrdv4BvhWNeiRc8vaAk2vXEr1GUCZjwTzv75SYrRYGd2muHuXTAv3fRTh8jUHP6N5SfzHL9TZM6MxQF6b,buy,BSOL,DaBqWWKszBeiTmVqYCW58W52UUhhVjRFMUw5swJwaSDb,34aWqb8VwxywCTVVyHnZGoHHaqQw7MbjMTHbaaBTvmCj,3Af8X2AwpHJp4hyvdFyT7ggmZ8J4K9eaDmNWz3jWfGcN,2000000,152137532,13146000000000000000,213,1,2026-08-26 14:48:33,rF3zeivDtHGLDbWuUuKM8wuudBguBSXpkSxQnQxZCp1U9tBs4H8YiTFJY76cfj6AavrbWBL24pCofcMnnKt4y7a,7,2161264027119410017312612075626741933,151699954,152137532,,,1
2026-08-26 14:48:40,m6P4VA2og6tDzYsbyxLJYBgLwEoM2eu2MUBZjk5PbRy8kWGbexropGxkr8Au7dekC7hczHfNaBeLtLD2CgaJrHt,buy,XOM,DwBR6tLSWzQ6ZDMJ7h49p7y6hQtE5gBxwEfQfLUmZuxF,34aWqb8VwxywCTVVyHnZGoHHaqQw7MbjMTHbaaBTvmCj,91M1CH21yr779omD76XQAJhLSFKiAems3pULzmmKM7Pw,2000000,12505549,159929000000000000000,153,1,2026-08-26 14:48:47,3NUkfdyxLohARaQmPh58cTVeDk9uPGeSBNBXG3rLuJGGJhcP7jWzXnzQFwxwGwHyrY7UKcsLn96u1dtMu2nZt4nG,7,2161264044132622027579395921311735211,12435012,12505549,,,1
2026-08-26 14:48:48,AKuYkM3teZ4AZY5qMgDoue6Jeiv74QVKuFeX6syRusRbCfW9q4qHm4JAAfsgxb8iQmdqf6Yp3DMTKFvhpM5Y3Bd,buy,XOM,DwBR6tLSWzQ6ZDMJ7h49p7y6hQtE5gBxwEfQfLUmZuxF,34aWqb8VwxywCTVVyHnZGoHHaqQw7MbjMTHbaaBTvmCj,jnP3LAwUMVyqapJ2ruGzAwNGgCcSvwmDcR8GgRH9yYb,2000000,12505549,159929000000000000000,161,1,2026-08-26 14:48:57,Bv6bJRvaVtcchGo6KtkwtjSNwX6pJS8k79CLB32SNkCoE2YNa8hjXEvN6dfeUC8g2aTuNCxs7wxChyBx9bqkac4,9,2161264054102640803706173919130451731,12436567,12505549,,,1
2026-08-26 16:32:46,4mqVRgyuJmSmC2XzAdUbbowNrap2J1nZox1CrUF83VgSZ4Qnnv2VD8ZZRwecYzQBpw6MrEsLsmbPYy2LYhdBb5oW,buy,PFE,EG3rt93i4iifbhyEvmcJi13yb6E5uudJpbNWNBrE7W1u,A1WhTovXrq8eh38HMy2rNdkc76VtiSo8tq3iULeiMPWw,AqgEBG1kdZmd2f2mSBGgHwdgmtUK9qMwHTf4tA41qPYZ,5000000,176211453,28375000000000000000,220,1,2026-08-26 16:32:55,4Pbnr6pkyC8YsJJ93Dd2QAgSUYQ2JhtXbKA7fvm34tysqdYYjRPAfvz8iwX1o4jV6TQwXCRajE74kE4sDu6raz41,9,2161271593321873950154385565967785800,175654745,176211453,,,1
2026-08-26 16:33:22,4stWtXoUiYysFktEtcrPd2WpKKRUkD1zfiiYPxWFHHNV9RBNx5TkCBDbPMqjYZZPY81tG7yM3uyzK34CYRbrrQnh,buy,GOOG,6a2yZjSpCncEyiPrB3ifnAJdqJVUNymu7vEvLCaySqmp,A1WhTovXrq8eh38HMy2rNdkc76VtiSo8tq3iULeiMPWw,EQPgbsbfSSKFfss5kn5ZgRFpQSp21BEQryFzfgqMiucv,5000000,14819644,337389999999999000000,165,1,2026-08-26 16:33:29,3d6aBHKf6RzMCxdtauCRTo8eoY7VqFiqityKrE3GbXyNV2KTf1PitRALJGqdQz3eaipnGUTw7DyViuCAoGiPPCQF,7,2161271639981571248805554319687871812,14789479,14819644,,,1
2026-08-26 17:32:09,2My1xUGMUfHpqyZfYr7si2z2rgBkCgzag7QkbZS5QdazkL3qECRYDynBbwAbKSk5Zg1GdVxacyhrjscBGw3n99W3,buy,NVDA,FkzjAJX584L1LncQb8AKSnGhc5sLvZjPGCgZLGpeHyTH,CHAcdTTgXG2GJrdaCNrYLMUbsLK6VEzkenBa6TnXYVTU,95fEeFgTaWjqRuQ4S93FWisQ1A2bEqRkHcGE8DCtS8J3,5000000,23796492,210115000000000000000,63,1,2026-08-26 17:32:15,2BEhBZD4eVakDuFpdM4qadXPWj14d7iK9LC4kMB7HA1j3KJ2Sy23SyznmS2uxTBwJjmzCDZVYehvbrxjHmR1L95E,6,2161275896930958393034434499720837190,23763262,23796492,,,1
2026-08-26 17:33:01,31Tq6Tc6hNRhyXf3u3LzdPjrAYKFXJC17oygoQrsg67jHF4U1VgqcqNCRaiJkHL5XEGKv84TVwnWQkfStvFe23yU,buy,GS,HbCB8kGqwaQi9Q1K9EvYjfbMnFjaAUMQAeR3k7PDAKin,CHAcdTTgXG2GJrdaCNrYLMUbsLK6VEzkenBa6TnXYVTU,En9YDXUh7CB9Z2igVoMvwHVVPvonYBAtp7XBGVnGSuBS,5000000,4799026,1041877999999999000000,128,1,2026-08-26 17:33:09,2Scn2kh1hr7MfLaEcXweS5A1T2GZPWhAvtRcDm75WFkgjsWmYDhiYghAXDXBgj4oDUMq5WcHWmw6GrZzY4mq6X6e,8,2161275966184266053383947340572735469,4790770,4799026,,,1
2026-08-26 17:33:12,5sbL9BSQ8cmGeiz4ipKLdxa5pvKGUbTwwyWxihkr2GS9CcycHzfPTy1VQXfcnyour2z67HYJSiqaUCoWygjqCJJC,buy,XOM,DwBR6tLSWzQ6ZDMJ7h49p7y6hQtE5gBxwEfQfLUmZuxF,CHAcdTTgXG2GJrdaCNrYLMUbsLK6VEzkenBa6TnXYVTU,GDoPEigd57WRLfH1i4QfwpnyMaATGMTvqMzDKzaZ1EL6,5000000,31308703,159699999999999000000,95,1,2026-08-26 17:33:19,4UJtnUaAriFNzZQyCxRp8B1MQ2uuLKuKUHmswYw72Aqj2MxtTWuFJs2XdnxD45k9rTiwGhPntjC1agdW8GHzoBf6,7,2161275980203001769484234132601327841,31251174,31308703,,,1
2026-08-26 17:33:23,2YV8t6sDZfCnbX5mKF75cbdfr4mfpT5szUmEN1bPJ1QKZeyhXa2fTpV9HGjhVULZSXryoM7byuAihn65WSsDUvMS,buy,AAPL,B3S7TuCmBPsNJW32SzRLBwbmWmgNzFBuHnBG9rdvt6K5,CHAcdTTgXG2GJrdaCNrYLMUbsLK6VEzkenBa6TnXYVTU,8ZqUBbfsumDYbjS1RyRk7Ykp2LiseEa6E8L22jTcUgQG,5000000,15963424,313216000000000000000,93,1,2026-08-26 17:33:33,5E8eSnqMfvxoMy6KNmncLdMZmhZ9e2Kigz9VEarxDP91t3owryAC5q395FreBtMszXyXqrtw4gxoBmhbwT9xnv8A,10,2161275992858040477753777663377209583,15935059,15963424,,,1
2026-08-26 17:33:31,4J61iRkRn6jJvtmTsu9GiRWM6M4Aa84cNvHPaovCaVm6nMzzWM8G4zoNXFEu2HwWt6kWQL7P4FBkjfSzcxctAyBd,buy,IBIT,9HfMBSLn26e7ZTDjjGRBVuF2wfEFoQeqCPMqz6ZK6PyH,CHAcdTTgXG2GJrdaCNrYLMUbsLK6VEzkenBa6TnXYVTU,FNEpCdGm6TCzoqaCM3nSr5P3hVMPAwDUfEH2CgDF5pg5,5000000,112382279,44490999999999000000,83,1,2026-08-26 17:33:40,4td1wQLCj4kQd26VH7eLgUhGrMKko1erUwzJ8fDN6didEaqXFGVZii1c8qCg3JFWWuMjrHw1zLxxJnzrMRmnrFma,9,2161276003040815335485338550207338794,112190296,112382279,,,1
2026-08-26 17:33:40,2ACtEpccyqiRuxTontCqfhss51fhZXrjjo7RZy3Qc9GUXBuXogRdhPavqUaWtPHkNSs5mf2msBH6DaBGbbJKZuoH,buy,BSOL,DaBqWWKszBeiTmVqYCW58W52UUhhVjRFMUw5swJwaSDb,CHAcdTTgXG2GJrdaCNrYLMUbsLK6VEzkenBa6TnXYVTU,8TZN7mBPY6Uv5o8f3pJKeTEo4Ep54LboKzm7LyomDVD9,5000000,375375375,13320000000000000000,271,1,2026-08-26 17:33:50,5bu9Um1WQ74pQkgABzwgfK7FSfC58YgZLtNwxE7R9FJN8Zxv3b8CAQmSvH567vckaqnyLzfEyBPgToyS11GauE3p,10,2161276013650337408052517845279256817,374962428,375375375,,,1
2026-08-26 17:37:47,5bDxhqTL7akHXjeNAXLVaf7v9DLXpuF1VqEdNUTwffyvjPndMU3kMeoBmsTNos8d8tVS7zFx8eec6LH8eJ1CyNDn,buy,MSTR,2HxYoAmyFHPrfaecKPZdMd9dRjQ7HzRKMFSqMP6Z2mGQ,A1WhTovXrq8eh38HMy2rNdkc76VtiSo8tq3iULeiMPWw,FXUiPm5KEBnxiDjP6Gx8yFL6bpk2g4BvWayonCdEG1bo,5000000,40637191,123040000000000000000,37,1,2026-08-26 17:37:58,325JychccKkj99dLXi8Uqtg8KMTJjrYMKMPLn9na9yFdmwVKEszr7KyfetfSbU9VioFG1ELJQ7wGQWeCNFwMB418,11,2161276310150267234606760347562289627,40549325,40637191,,,1
2026-08-26 17:38:21,42JuUwpEyroTMYkYte37wghEeMDFhAbYCP5FTh8EfbRL7Xab3vf7dDAXoWDhEqZeTkKmsmnDqnkDXviLHfk1tFpG,buy,GS,HbCB8kGqwaQi9Q1K9EvYjfbMnFjaAUMQAeR3k7PDAKin,A1WhTovXrq8eh38HMy2rNdkc76VtiSo8tq3iULeiMPWw,J39MQFfwH9RYuVHMSqetQAEbaEkZEknrNXrnyieGHxnt,5000000,4800433,1041572699999999000000,147,1,2026-08-26 17:38:31,2rdMMq7bpNd1jhGS2BNmSKJHDEJ3iJWgAABSFxPVqmbNYEwtGUEN7Rrmk2BmRCi7qV4ejF3UmWqKmZX1vtgvQNGk,10,2161276354471914137104793726357320761,4790908,4800433,,,1
2026-08-26 17:38:44,PFqYe5VoF12Sm9bzq5RKgL7fvy3But5U9hRm4SbCBuBNUsuVTicmgUz8ZfJXFUi6tTUH9udQz8YSbQF9FGV7wNQ,sell,NVDA,FkzjAJX584L1LncQb8AKSnGhc5sLvZjPGCgZLGpeHyTH,A1WhTovXrq8eh38HMy2rNdkc76VtiSo8tq3iULeiMPWw,AFQS3xBHmS5HrpMECfcpUi5xDkEQzs4pkErw2hsh94he,1999999,9518370,210120000000000000000,158,1,2026-08-26 17:38:55,2Fn5PEeisJWS8uKWqBhoJJcmpEDZPhFHnv115LCFTTZkmuUroNMGQa7JevAT2fycS3uRRYsgJ56TVEs4xfPw8Y7J,11,2161276377562398675440812965508383492,,,1999257,1999999,1
2026-08-26 18:07:35,4uhgGMScrk8oSpMFDam6i4UdXWEiwSL4MhgAKyc6nYLejHmW7npeMFasytxGb6MZMTi1ppVDRwRneMNiqomMkp7V,buy,BSOL,DaBqWWKszBeiTmVqYCW58W52UUhhVjRFMUw5swJwaSDb,8RnK5aFnioegaiu7YhPdfhEvVowxsaVJXJpNpciANbNQ,AZxG8ScrQ3nH1owXri8Px53tFGuA5JqGYxdrTcrnT7sM,4000000,301091456,13285000000000000000,177,1,2026-08-26 18:07:44,24AKBV6sPRKxmrFU1xqy1jQVb8ayXKrtkeKhX4CVSQpaoGWwKBKdcPVCsHFwe6fTKmhBP75tJLQJoTSv9VyRb1Kd,9,2161278449501680191834154861561213239,300497062,301091456,,,1
2026-08-26 18:11:36,AKmmmfTUNmifennB2Vr3XGj3R8QT23XiGi73yGwvLgN52qd5E1crj6d9rgK2Ynwjn4KAc45FeHNykQdz9Vw845z,buy,NVDA,FkzjAJX584L1LncQb8AKSnGhc5sLvZjPGCgZLGpeHyTH,8RnK5aFnioegaiu7YhPdfhEvVowxsaVJXJpNpciANbNQ,FPP4FMk2fMVsWQUafMijp8SAMARRzaAGA94xSAtpwbjJ,5000000,23719525,210796799999999000000,30,1,2026-08-26 18:11:44,541SFQaVVd3dDGGjY4UquzWt88nZTJ8oTPR1fCU7kdi5izc9vGfSG9K68EMEffR5wGKb3koLvwo45VqesEv9n2TV,8,2161278760821831788901932294403015279,23688807,23719525,,,1
2026-08-26 18:14:07,2xB584UgBUkxqTdBZdskSDpfQS2zXsT4GxzoCuMGVszXZuAXaU2DENm3cWvVGF2o4nHc4xt5xspDcSLpkTZaveoJ,buy,GLD,G984Yppzh9oj67r2QUJFBnSDaPDXHQ8SgxbgqsKatd3j,8RnK5aFnioegaiu7YhPdfhEvVowxsaVJXJpNpciANbNQ,DhZ5JD9JgX9mgWeD7d41mAGP8NF1SvTiKa5sNUG6XFNA,5000000,11846370,422070199999999000000,88,1,2026-08-26 18:14:16,2yVMXyKqg3iWqKuG82kyYmSNydfhGMmhSUUUydrFP1BGSVXrSZPBrHGG1E8kX8r1AxhfgXWf9V3MM5aDrAisoijA,9,2161278941263688854992889425278398770,11824980,11846370,,,1
2026-08-26 18:14:24,45oCQr7sRTKStCCk8axbyCpsLoSrVY969AVTVmgrYAQwvUncDiFUEK1CPFSfNCqLiBPc4vqUBgbpZ63BoHBS7LWB,buy,GOOG,6a2yZjSpCncEyiPrB3ifnAJdqJVUNymu7vEvLCaySqmp,8RnK5aFnioegaiu7YhPdfhEvVowxsaVJXJpNpciANbNQ,BxvyRcJYCJg947tySz8WjKTPZBDM2zq5KUe5W8ivm1rx,5000000,14764811,338642999999999000000,212,1,2026-08-26 18:14:30,3pXyvpyhwogyFvWTUSucUotmpTsJp6AGL4eQBbqmXE7gWfCUC2QDniSY9ixP2GtDGf5DL8gg4cq49F8f1rirojzN,6,2161278963443863816709840209513985660,14749524,14764811,,,1
2026-08-26 18:14:40,4QqCDw7dSxgK4jasxCgkQZ9ukLZsNwWkchZAz4AyZHX2ktzcRvsPXFRJgoQSoD3Fo283qH84za9PaQmpp62Wboh2,buy,GS,HbCB8kGqwaQi9Q1K9EvYjfbMnFjaAUMQAeR3k7PDAKin,8RnK5aFnioegaiu7YhPdfhEvVowxsaVJXJpNpciANbNQ,FsEQ89rdyTQ6WcAKYa88S2NunJQ3X2LjU2xbEqtWXyaA,5000000,4813307,1038786800000000000000,226,1,2026-08-26 18:14:48,5t2U6VuRBeWXmyZpYLK3NkVzbXeYnqyHZidTMYMTEUo5SEgrqLbbqgropPr8No4G8HaKeCBZnMcySsr8NYpKboaE,8,2161278983765883991930915986630963040,4801521,4813307,,,1
2026-08-26 18:14:53,tEqNaE2FYr9fAKf9pFAb8CRqaSimKV4aMoBiWnN7b2G6xfYvXny4kjN36kAE3Urdfpk8hMYqQFyXiAmBHmQzNdD,buy,IBIT,9HfMBSLn26e7ZTDjjGRBVuF2wfEFoQeqCPMqz6ZK6PyH,8RnK5aFnioegaiu7YhPdfhEvVowxsaVJXJpNpciANbNQ,2Kcv2STmivBJsaxrj9ZFt8HMSyfrvtJys8C7VriR2GqG,5000000,112236720,44548699999999000000,150,1,2026-08-26 18:15:00,5Py7vdTXrFgE9EuDrTxVNo4c9h1upnK1uwAmg1Z3RgdqPNG81Xuf9ibYgyGGHaBUt5VDqeFsiBKLZUGvfwmosay4,7,2161278998495436931537360794541102097,112114676,112236720,,,1
2026-08-26 18:15:09,5YdxkxUVZkM7k2WMdHSyDfagVntJqYSdhvYCNYJHmYPFzNH2Vdspmp5BVwbkxx4LDvmtukqXZCdqYWZr5tzocuNz,buy,MSTR,2HxYoAmyFHPrfaecKPZdMd9dRjQ7HzRKMFSqMP6Z2mGQ,8RnK5aFnioegaiu7YhPdfhEvVowxsaVJXJpNpciANbNQ,HkgdPNfjnkfKCRQ5nsabjoTDUx16LffifZpZgGme99zy,5000000,40451601,123604500000000000000,164,1,2026-08-26 18:15:20,4k8xJRX1UQ6y2gF3R3m3GFh3tTgj3JPxddngcNVFiwSkUWuVmPw8UMCUV6zpp1czWbN4u9rPCtxvyGJL8dwT7nSw,11,2161279015554589154446402416284843660,40463833,40451601,,,1
2026-08-26 18:15:26,2RFzjXoacLTay92meqwtFAamSTFc31RbkS7f7tMYCoBMKNWJ97tTpCA5M6rQXcRavjK2iCrynBhqus6ub5RxSPon,buy,NVDA,FkzjAJX584L1LncQb8AKSnGhc5sLvZjPGCgZLGpeHyTH,8RnK5aFnioegaiu7YhPdfhEvVowxsaVJXJpNpciANbNQ,4MzJVWJMnukEW7xjwaWMCfTPvb5TABrJyQRD92BrZoWw,5000000,23719525,210796799999999000000,260,1,2026-08-26 18:15:34,rY1r7zpVY5RBFfcqKCRDyU4iY1EysuP36zvHNm46CDYqN2Z34U7NUTsFgpyQmjQ8hj2i6Ehnw8Li2iEFvdKdqpT,8,2161279036410998554397102705567331015,23730490,23719525,,,1
2026-08-26 18:48:58,2aRbrnujRVN2AFWQ59DxotgCT7ftRK4BwhdDRQ5aZaYjCTw6PvmpLXEJhnakGAKTnUnkPRnP8mWoWRY2QSbd1WSF,buy,NVDA,FkzjAJX584L1LncQb8AKSnGhc5sLvZjPGCgZLGpeHyTH,FbmDobZRM2xbHzc7KXei32zKyMiSL7drTHRETGKSc5nX,AQr8XiuP3MdJorzkevgejhqXWLAh3PEiWg3fncd9bRLv,10000000,47430882,210833100000000000000,172,1,2026-08-26 18:49:04,37q3ZLixpdqz5awPAfxYuT2ihj2hH8aogqr5KkNDsXKhkye4AuGym4sTGM5rXetyULohiwQM8ssojhbgNHdYk16w,6,2161281470505763197129353843631342260,47339689,47430882,,,1
2026-08-26 18:49:34,3Xz5wGj1h3JwShE7vy5JrSyAspeHnRfkFGNKQfVRDvUvHxE7yD6VFfFNEsfgh6Zcp72KJn3QGNXQanBEYCY72faL,buy,AAPL,B3S7TuCmBPsNJW32SzRLBwbmWmgNzFBuHnBG9rdvt6K5,Dif6oKbNmJN5ooJXHyuWC7Q89bX2YLDYb6bBFinNeCB3,A9RAemFr96nXMXyPPdVtq5L7B4Fxxw7jAmrM5sKuedVc,3000000,9552923,314040000000000000000,163,1,2026-08-26 18:49:43,36NYKqD2v3zj2osEBox39XTaW3w648SGxjqAdDDtu5Evfa4bWBbj2QgAuiVxmD6zVc2t8XogPmEa3YXUYmnbxu6y,9,2161281508296756867631545525976177372,9518231,9552923,,,1
2026-08-26 18:50:07,5t3YT25YEnk6EtQ6cEkjBmWwTK8MgQxaTUSJCAS2UGu7fnNKyrefsJxMEK55akzvv8NpUcZfqhLQ2pGFYUv6f2re,buy,MSTR,2HxYoAmyFHPrfaecKPZdMd9dRjQ7HzRKMFSqMP6Z2mGQ,FbmDobZRM2xbHzc7KXei32zKyMiSL7drTHRETGKSc5nX,HfWqLxHjXbyDjkTwxZqbYu2XFUhMi1w7uG7eMX1edJUG,10000000,80931947,123560599999999000000,148,1,2026-08-26 18:50:17,23G6WjK84rontqJyHsiob7DajrQsoVqR1WSQY7TUHHaqbBbu3UEdBZrc9dP1ajQddwuoNDGYfciUMYPvvjj8r5r6,10,2161281553881720755541955811142856988,80714228,80931947,,,1
2026-08-27 01:45:20,2TLJRgfLcD8E2HMF1jLWD4JsXFc96Ew3vaqWRDydD1p61PvR2iMLGRZ1L3AA2UNc9njLN1LvDC8ovd4exTsTA8tr,buy,BSOL,DaBqWWKszBeiTmVqYCW58W52UUhhVjRFMUw5swJwaSDb,3C6DqYJtehNVCoXAY39KyRdGViV8oxS5Wr3NrJKFPX6A,NWaMKxj5RUV3hmFPYPZRAzU6Z6M68TFeB8oWvnyWuXA,10000000,719683339,13894999999999000000,113,0,2026-08-27 13:30:41,2ZC8qvugBmBxRn5DCSQkpDWx7mLZTLVH3vDi5As6Y5jSud4gy8BM2zjsQjWNQVXnDn6CuxRRZahEUcurJcHM9oDH,42321,2161311662371487574957445255679493671,694714881,719683339,,,1
2026-08-27 01:46:37,5zhXNbHywjQ5PzonHRys9GFip1UL4rqeHAJLsqip5hziqaVLUEuwiNiVUDGui73DVPood7K6RQATXUcQvdaPSm2q,buy,NVDA,FkzjAJX584L1LncQb8AKSnGhc5sLvZjPGCgZLGpeHyTH,3C6DqYJtehNVCoXAY39KyRdGViV8oxS5Wr3NrJKFPX6A,EBpaKuGkoRbhuQMTgtn3fxLk6oVvmF4GDxdo665FkEhm,10000000,45276526,220865000000000000000,28,0,2026-08-27 13:31:04,4A6v1o6xQ1mmRqbWgQMMWL3dJvPUQZEr3KrHBvPVAyx9DYaat55vfHi15xdba6pTemXfvZQSS9VEv8jD2EUE2sLR,42267,2161311759749276141268586117327779968,44810262,45276526,,,1
2026-08-27 01:47:28,yRwgYjKvvtxZ2BgFiAWuiXLhUjaLoxLThDVqkVZ6mc85zvX1t1qKMVfQKzDfBFMtaewA99iHqj8F9DAfFkQSL3t,buy,AAPL,B3S7TuCmBPsNJW32SzRLBwbmWmgNzFBuHnBG9rdvt6K5,3C6DqYJtehNVCoXAY39KyRdGViV8oxS5Wr3NrJKFPX6A,B2vvJJF97SkPNxpAtNcbDzUR6kUrEKUwuTUJC7fopMeM,10000000,32180209,310750000000000000000,110,0,2026-08-27 13:30:35,29BTVoBmk6UtoUDn6g1idHMr3GY2SZUeUvCMjggsxpQgNzesHzjbWXMdRzqTZ9gUjxpLsERwq7Je5foQvi14WpzA,42187,2161311824316787645201099777171463124,32173913,32180209,,,1
2026-08-27 01:52:13,3zYjC8ANr2atmdUVFrzDVc9sTd6CJh5oJmBjEQ3xEGwjKdQHu6ZTECpkAnibsrYgBHqFKB9pyJ7ugxB3dtRWjjzG,sell,PFE,EG3rt93i4iifbhyEvmcJi13yb6E5uudJpbNWNBrE7W1u,FsdsfuRQR42Fa5AhWQ2W4Ua8EX46jU7hbs9ScXenPovr,9KTtgVgHzZnXqaMoq74cc6X9N81gohPvaKykzwvmUZwu,20128500,710000000,28350000000000000000,153,0,2026-08-27 13:31:35,21YRzkjDEyPDmt5gucPJ8yaArqk9DVBDZeT8RV4DeuNeiNB8MbkjAUwpnK3vNUchSXEFhPhUkaF3h7aWPEh4LigA,41962,2161312168803820411296202151002710173,,,19830300,20128500,1
2026-08-27 01:53:55,4wrkYKr2akuUbb38JkVa5XKNzr8fyAMUoNQb65aLioW7XBrRpFk79CNUzN5zUoHMnFktnFWG2hVxRCxdsQjMAWnX,sell,NVDA,FkzjAJX584L1LncQb8AKSnGhc5sLvZjPGCgZLGpeHyTH,FsdsfuRQR42Fa5AhWQ2W4Ua8EX46jU7hbs9ScXenPovr,CRkmJsNdNFutPoBbXLjtYeiFKNrkmUi6subeQ86M1xak,8849199,40000000,221229999999999000000,166,0,2026-08-27 13:30:54,4ae8JAcEQwbzY2W3KP6Via1HxfwVm93BW793NhV5cijb1NRLmBV6HA1pVVMvSBEtKi388FLDhqRKJRsxidiSezei,41819,2161312300311980659677786503842014864,,,8917600,8849199,1
2026-08-27 01:54:15,312VLvwPaLb5UHbjzSfCaLzJrE9EC9ZESyktf8WhhBdV5UHxFdxMkY3A8dtV1WEMRVxEtpnHKCyzwFwqS9furm8S,buy,GOOG,6a2yZjSpCncEyiPrB3ifnAJdqJVUNymu7vEvLCaySqmp,3C6DqYJtehNVCoXAY39KyRdGViV8oxS5Wr3NrJKFPX6A,DWbgkrmT3nJXDjvGwP5jnXhYoRo1ixmcaSEV5f6xhf4j,10000000,29522909,338720000000000000000,171,0,2026-08-27 13:30:27,2VMGYoLTngZHkMnPN1LziHYhiccBQzTNufP7BMYUxCywSrssKPUF3qvc814jnvLFvAHm1qXaX1i6ewoqmbXAjwTs,41772,2161312310975898435562253854673355664,29687964,29522909,,,1
2026-08-27 03:38:28,SSgSkhQcgF1K8GBS8xLj7YNCyCeJB2cJ87VFFMjoWJPgyewnKYxV3qKwZanCohmpL5HRbPtFxCbzuCaDdnnG332,buy,GOOG,6a2yZjSpCncEyiPrB3ifnAJdqJVUNymu7vEvLCaySqmp,34aWqb8VwxywCTVVyHnZGoHHaqQw7MbjMTHbaaBTvmCj,JDcjHroKSw8B11bfxy9ZusqQxLCTTXjZNR2SmwNmZYSA,2000000,5898661,339060000000000000000,123,0,2026-08-27 13:30:29,5UBDaJVycSURMbvNy81MAJHE4skD8q3vvHsBY3qCthbtNbLxyhN8NZToz3CDqmh35kqgqV5EVBC3koJ7WPiHMUVZ,35521,2161319871504906623012553230660728139,5913818,5898661,,,1
2026-08-27 03:38:38,2yPNve8w6CyRUdgNizkTqKsTgFMAQcvtGvrZvbgcruurdmyv6VuEkPeyjoTUBKcNJpiEYiApakUfpq8STqUpQv6A,buy,GOOG,6a2yZjSpCncEyiPrB3ifnAJdqJVUNymu7vEvLCaySqmp,34aWqb8VwxywCTVVyHnZGoHHaqQw7MbjMTHbaaBTvmCj,EUGe5PuLfNQdBJ6s21mepLsjAMGMeqUAQMeF9ahFnq7Y,2000000,5898661,339060000000000000000,133,0,2026-08-27 13:30:21,wUdYz4a2DNitQiJW7KwqYTgTy9eWt3YDsAE8qPMTLLPWvLchD6Zkw7YVVmU94trJc9uFhTgJZ65oPsCfHQq1bXL,35503,2161319892514838053584667034603587384,5913818,5898661,,,1
2026-08-27 03:38:46,4Aqfhe9bd7jFaCQmwjLzqiuEMsBYJHrTMTxC161QtwcQB8zthRgGzWJ8BmEefghnj1iYuzPvgRJttVj7uzY4kVW6,buy,GOOG,6a2yZjSpCncEyiPrB3ifnAJdqJVUNymu7vEvLCaySqmp,34aWqb8VwxywCTVVyHnZGoHHaqQw7MbjMTHbaaBTvmCj,3AvPHd6ttdG3524XyLgdAddKna5yHxymmiPshXM9hHn7,2000000,5898661,339060000000000000000,141,0,2026-08-27 13:30:11,2BYHkfVrF2sP6MzKnw76ydyD6YcpHXVAKUXpu8dRu8rRGUR4qWX3GiYtVhuWxBdeAPxL7mZHFFbUfbXhgKNnVYBU,35485,2161319904161609349817479057021158332,5913818,5898661,,,1
2026-08-27 03:38:58,5fhn6yjDAwzRqyHCYTZW96WXFvBqRbtLxPx6KV5ebtt541xcpZJuJoP3mow6MeqtVjANZw3Tr3JTnvm24YAMd4NY,buy,GOOG,6a2yZjSpCncEyiPrB3ifnAJdqJVUNymu7vEvLCaySqmp,34aWqb8VwxywCTVVyHnZGoHHaqQw7MbjMTHbaaBTvmCj,6DbhdynV4mtCaCRVACNiGZbVVaju8KyQEo66Kv4woTPB,2000000,5898661,339060000000000000000,153,0,2026-08-27 13:30:18,jkPmwUghqeDDQg7ZanVbp4AktJtWYcVDgu7wtsmYUm1dP3Jt85sZvRDR1KkbfqANTmp4vkVWnX9fzrnQdsUu4PM,35480,2161319917901062506873799440945035231,5913818,5898661,,,1
2026-08-27 03:39:06,4tcMvVHkdZZ7BARBqRYQVhwpEiH538BnLJceUFcSR6xiV3WWvisyusZHSdYmS8ZXN7dhGi4ZCHBJvdB9QmctS7Wj,buy,GOOG,6a2yZjSpCncEyiPrB3ifnAJdqJVUNymu7vEvLCaySqmp,34aWqb8VwxywCTVVyHnZGoHHaqQw7MbjMTHbaaBTvmCj,6uw2QLGMxDoRncNgxRrj1EFPL8gbWaYJk2uqyxDoFK3F,2000000,5898661,339060000000000000000,161,0,2026-08-27 13:30:25,3T5TVZ2cQURPc51pHUnwggAB3cLD4JgqpTpoEhK34mdXjm3VgRNhnJ6TrEEzCS2hFBARXmtna92GARTcS5sVciP,35479,2161319928502136136311155130809244797,5913818,5898661,,,1
2026-08-27 03:39:14,4ybHsfDvzht4yU4xYXVQ4uGbQ29qYnQK4crqxeam55H1M8WVDNmsPuB1g8usP6hFs6QmgWreX6nt2fz11jkDAk7M,buy,GOOG,6a2yZjSpCncEyiPrB3ifnAJdqJVUNymu7vEvLCaySqmp,34aWqb8VwxywCTVVyHnZGoHHaqQw7MbjMTHbaaBTvmCj,ErEn1ZQAj2zmj2VLExzCXzHveKV4NQUmXL7zff8JUJgH,2000000,5898661,339060000000000000000,169,0,2026-08-27 13:30:22,2FkSGwkNoECduK2QQhstor6dT11A4TekmrR5NeK7xGYaaXPn129Rzdd6fN4WnJfX3LJ2tRiV5AqML5EQuNqDLc1g,35468,2161319938811828831834612948342743213,5913818,5898661,,,1
2026-08-27 03:39:22,3GvhKRgaVHgC5jezoU9PognyBNBsk2cBNvJS2F4wKxS3pCDhDhkVEpTCYedKTuRVwGSUsanMTPGxxvqrH2JB9NQa,buy,GOOG,6a2yZjSpCncEyiPrB3ifnAJdqJVUNymu7vEvLCaySqmp,34aWqb8VwxywCTVVyHnZGoHHaqQw7MbjMTHbaaBTvmCj,FRQp9SaGTNYpeGq4pm9WnYM66P9V4GQJ26MXMCZ3mH3g,2000000,5898661,339060000000000000000,177,0,2026-08-27 13:30:13,2dxLqLg7MbMNMBtxvqsXpk29SiMJ85rdABin7o65rMmd9cpdMprvdWzvYK3b99WukTyFDtkhhDh6sbF8y6t9p76S,35451,2161319948023864922263316427839171428,5913818,5898661,,,1
2026-08-27 03:39:30,3M7DuniyrxEqNUrP6NiLmMemEFk1CQERmpKUrdBjWtDfRpZ4ju483BGPXibkModbcZUYzSHhdzYoXV7CkbzEWY8c,buy,GOOG,6a2yZjSpCncEyiPrB3ifnAJdqJVUNymu7vEvLCaySqmp,34aWqb8VwxywCTVVyHnZGoHHaqQw7MbjMTHbaaBTvmCj,9JeSn9GgrGykC99Nq1x5gZvo8aTwPDvCMYL4hupJmfEj,2000000,5898661,339060000000000000000,185,0,2026-08-27 13:30:30,QdWpSb8EbUqkboc4eKD7hmQQvDxPRmdtQAHRvmcw13NwfeC3pLa4mhEGw7kQPScycU7um6hrdv9um8buHrfGQ7S,35460,2161319957640882117755409404780518661,5913818,5898661,,,1
2026-08-27 03:39:37,5fVFDQ7LCtdZYoTt8V6bXpun66zyowXhqYeGemP64kPZtj5E7CwGLUYuofm9N4ywwFuBFPPAj24dCANrgA36Z7ym,buy,GOOG,6a2yZjSpCncEyiPrB3ifnAJdqJVUNymu7vEvLCaySqmp,34aWqb8VwxywCTVVyHnZGoHHaqQw7MbjMTHbaaBTvmCj,2BPpzqEWccjnBWi7CtDR3wzAZyMmYKjvKy1bbt42zKuF,2000000,5898661,339060000000000000000,192,0,2026-08-27 13:30:15,59ZSUeY2L9rZLHtDyhDfunvAn35GqPnmJkn39DpNTCTZyDWTgNNLkh4qboES3wHhAf6q8NzeCaWCf5todoxVKDDr,35438,2161319966808155874545274415101049780,5913818,5898661,,,1
2026-08-27 03:39:45,54ybJu2CK34RzLzTzwKfHwUqKQS6GBprWr7427KeMmh4NYeESrunJQDD24zT3wSTqbXnPEP5fPYTEPdqmLq7Lnow,buy,GOOG,6a2yZjSpCncEyiPrB3ifnAJdqJVUNymu7vEvLCaySqmp,34aWqb8VwxywCTVVyHnZGoHHaqQw7MbjMTHbaaBTvmCj,CmtobBzddUp9CQ5Xgwj5gbDkbnYYCxSMooA6iuzh2uGB,2000000,5898661,339060000000000000000,200,0,2026-08-27 13:30:24,4YZfnvG4cf8jkCK7Sa8PMjn6RvPnKEKt3QXeiioLbffaStb36GsFpULrNKoy1fHkAM595zttYUE62ULMQQCz6VH7,35439,2161319975240416746990746396549414129,5913818,5898661,,,1
2026-08-27 04:19:14,4PACEwGvPp63fy4ErWmfk75miuJPtxZwqqmqfjfrETKP5A6Yv15AFxHLsZCtiE9isj6LJrhzX1SZxytEupz3MV7M,buy,BSOL,DaBqWWKszBeiTmVqYCW58W52UUhhVjRFMUw5swJwaSDb,FsdsfuRQR42Fa5AhWQ2W4Ua8EX46jU7hbs9ScXenPovr,3QiBBuiWQ3JQ8HE5mSuxJGzSzRCsotUSDjjtF2ruwfvV,20000000,1439884809,13890000000000000000,61,0,2026-08-27 13:30:46,34Z4zm4dqxKK7j2DpE4c3XShP99F4CkF5kgVkvbWTkfaKEEdtPTMcn77WrUrETwQvqYp3zLG51QFH6RaXJP9ipRQ,33092,2161322835775307902836423115211406225,1390125173,1439884809,,,1
2026-08-27 06:31:34,5sbTgJatJcDyM82PwyMKUCzDWTpDrXVkoScDEJeqryUPhuLyhtvzChu9D3SrLN7YZBpXBc9xfGyLXBn5QEJiX3Pk,buy,AAPL,B3S7TuCmBPsNJW32SzRLBwbmWmgNzFBuHnBG9rdvt6K5,8RnK5aFnioegaiu7YhPdfhEvVowxsaVJXJpNpciANbNQ,5YVxXziqWKxSqfikp95W3VRRqd294ctXUmqrKkcsxZbD,5000000,16095025,310654999999999000000,54,0,2026-08-27 13:30:32,3edQ6QUB2y7fWSYXcvhBFM5h13DYMrzTuaughj6WMqXM48KbVzmW9w5D9UjEVr1BnSdudz918m8Ex6byptNjA7yU,25138,2161332426380856425840975298157256835,16070853,16095025,,,1
2026-08-27 06:31:51,2qcqX65f9hnE5x6R4K71VG1rQbyjiKHxXZR6wKVugTRQhfVLGCZfpLcMez5paNTLbcN7am3MkzijRJj86c5TP8US,buy,XOM,DwBR6tLSWzQ6ZDMJ7h49p7y6hQtE5gBxwEfQfLUmZuxF,8RnK5aFnioegaiu7YhPdfhEvVowxsaVJXJpNpciANbNQ,4Vu4JSXNnvGuhZj4hJMKBZpyk28wj6jQeL1rZtaN5n4e,5000000,31709791,157680000000000000000,100,0,2026-08-27 13:33:11,uFfKd5o2xNj5bgnHkx4GgeB6a7pWnksdgdWmsYeSwMnKpr8ZKb66kGWJLKnupUes6LDwPUsG6JWx9RXPJFNYSs8,25280,2161332453951622004764048128578307474,31616296,31709791,,,1
2026-08-27 06:32:17,5Au4cMUVkqka4KcNvQjNuYyPZ5VeqxpfyVo55Knx9JYQgBmLS72TFNaK6Uh2r5eWyvuPeNKgN8STSwBhpsujBfJc,buy,SMCI,AJA4fVUTXmjnRDmqqpEvMfTpBR9rXnQtJcRMy8e8TjaJ,8RnK5aFnioegaiu7YhPdfhEvVowxsaVJXJpNpciANbNQ,BYnu5zNWr4QzfAXTYMmBa1fJEvCzX9G1a6q5o4BMJDyS,5000000,130633572,38274999999999000000,260,0,2026-08-27 13:30:05,259oVsF4f5sZ6WGMogGzKLZJN9eEvprAR4kEoVPqEmhbtsSoFeM4GzvhWT79cj29iSved6miTNBNtB23GB5awxrv,25068,2161332474257959865217797058643545049,129274611,130633572,,,1
2026-08-27 06:32:31,5t52ucnU1qMMtxciJXPsLnP5XKAsSYj2yXu2zyoj61KZsmfMgbt4awBJ8KwmCv84aYPGnZfQM6AxtMjXEdeyrmqj,buy,PFE,EG3rt93i4iifbhyEvmcJi13yb6E5uudJpbNWNBrE7W1u,8RnK5aFnioegaiu7YhPdfhEvVowxsaVJXJpNpciANbNQ,5ckY6QsrehCEoSeGVGVejaa8Jtqrqi2izsaBkK56rqib,5000000,176928520,28259999999999000000,170,0,2026-08-27 13:31:37,wLxZM6t6udT8myeJF9ciHncbMEoYPwrD7xHrgpJRSijC1FAEHASWN36q48H2otRLuVkjjt7ERskYRe3DUaBjbHL,25146,2161332502398135353923060842195061767,178660938,176928520,,,1
2026-08-27 06:32:57,jqEpdt8ywuDj9hxZ5VAzXfagbZPj9onZxgkoatYJzLtJ97WXFBbwwdxA2Hu3N3Rpo3XaPwDpVfh9Arkd3skDZn1,buy,NVDA,FkzjAJX584L1LncQb8AKSnGhc5sLvZjPGCgZLGpeHyTH,8RnK5aFnioegaiu7YhPdfhEvVowxsaVJXJpNpciANbNQ,H5ngnM9ayyNtJPiYR9kLWpxW22uCzadN7W7ZNysHtWmv,3000000,13679890,219300000000000000000,107,0,2026-08-27 13:31:01,2pNejwn6QZpmufmuKmst9JDo8ezcwwdkqFcvZsQEzqYzZEz3bUmzFfj6FPs8m9bVYa96qeRCM4caVXrvUApyMH9t,25084,2161332534574891076030767216152683672,13411680,13679890,,,1
2026-08-27 06:41:30,2wqrx34etTnFfKaTBwzuWKKZnhQ2YzijiW2gAK8BqVNqHgMDEwEf91SAMuDQSQgw8aGv7C2bC6XuUCvyCdvkYgQh,buy,BSOL,DaBqWWKszBeiTmVqYCW58W52UUhhVjRFMUw5swJwaSDb,BFxSJxMaUut3M7uCKhyxe2dixDHAS31q73fZYqc1iqkG,7XG6LLAXqAVrFBhd9AHzNAT16GroByorCXerBZHHVcVn,30000000,2163721601,13865000000000000000,63,0,2026-08-27 13:31:06,2BLtEqWgcQwVLYPWf8UVPNq5FYUQvm4Mk78ZCgff3RJx5L4gsxiC9bD5119tBJqreMcoGT1iEii7MFKN7Rxm65jC,24576,2161333153768585276158648672723046935,2086986778,2163721601,,,1
2026-08-27 11:05:59,4ahHhzfS2avq2VAocPDnRs7JvwPFrSUHaGcwzwd9JH7uUjimtTFjZX9E6a9cPv7EhmK4Mp3iD4eht4RP6DWx9MgC,sell,GOOG,6a2yZjSpCncEyiPrB3ifnAJdqJVUNymu7vEvLCaySqmp,5nABsshaSr5C7szVXMUgxjzNQPKQw4Ys66sPYK6FU8BA,HpiJyYqFWsoWoFqWUFfkaBw9353HjBedHBrGHwAt3wiL,1000000,2959715,337870400000000000000,258,0,2026-08-27 13:30:20,VNP3NohiqyhRuFMjFWGomBhprfUzv5sqnxpMPjUqbhLZmMsPjQ46L3WKz8eRoFxYg6WdumiwTAFbdqA4PaCqxLh,8661,2161352335483868527243155057035434050,,,995944,1000000,1
2026-08-27 11:07:00,4uenGgatx4pqTCEfFHdeB2RwWnydu3ahGdxbwPAyo94rEUn1uKDBVHs1QXtNvPP5RbmU3iHkcGm66eLoNxoVZqef,buy,BSOL,DaBqWWKszBeiTmVqYCW58W52UUhhVjRFMUw5swJwaSDb,5nABsshaSr5C7szVXMUgxjzNQPKQw4Ys66sPYK6FU8BA,Hgj7u9kBhH3AJxRfKUtYHKiqtipGQPoGMr1wBZT4Yr1d,2000000,139789756,14307199999999000000,122,0,2026-08-27 13:30:48,67exTdKMhrxMzp44K7t3oScHPqjT18gsMewg9gFMPmzuaRbk6yV7SNwKCE3SC712r6hiMNNa3LZ1RZYZvo2ccfiP,8628,2161352416613677222939548797246009037,138386648,139789756,,,1
2026-08-27 11:07:17,4GSsLbC1v6WeoC4P7fdAnhtXMAnh7WFKymp97HBXzuvM9TA6m5GdkyAE4iG98AYd7oHPcZLhEkt7kKQQFaArMWyo,buy,GLD,G984Yppzh9oj67r2QUJFBnSDaPDXHQ8SgxbgqsKatd3j,5nABsshaSr5C7szVXMUgxjzNQPKQw4Ys66sPYK6FU8BA,9TtKpQ54Pr9Lep11gVrW1FyZwRjx6W6nqeMWuxqYoyvU,2000000,4753439,420747999999999000000,168,0,2026-08-27 13:30:37,2p3WhfgEadRhz8fXXwNZczJorqJuLHBUSDWZxrXMXbdgTkZpFYJJNK7iLviGQ97rgmAm5EAXDAsZ7uueBxqbhBx7,8600,2161352439141976186955052819538418004,4727402,4753439,,,1
2026-08-27 11:09:05,4XEGepadejZTFmvwkeYVoUej5vKMNVzrrCdzm63vT7jbLP6C87NxoNxsCWyNkmYmbcH5dfxgbLGjHpRbKAGYvy6m,buy,NVDA,FkzjAJX584L1LncQb8AKSnGhc5sLvZjPGCgZLGpeHyTH,2H81WFH43EiDhaeWg6d4y7UnBAJM3zyxxK4BEjgFXJv4,GbPuwo3K7c9EhuXz53JuAtZJx2ukyngdPHqVkAJWcGuB,2000000,8941744,223669999999999000000,68,0,2026-08-27 13:30:59,5SsXLuZvy6AKnxYNbpqUocBguVaw7EHb1WWN6cJhotXxZjCnRKoca2i8uZ1C7RTHEX6FRUEWAdZqR7zAwPCQ7Hqo,8514,2161352565193064156864684339795997100,8926168,8941744,,,1
2026-08-27 12:18:15,3Gkie7DAjCFfx69BJmR5butwv19HRbrb8U4vtaiAg8gDoRWZHbTqSiwLjMxjPHbqEasoTgYFu9nmtLcDHDc6H9vq,buy,NVDA,FkzjAJX584L1LncQb8AKSnGhc5sLvZjPGCgZLGpeHyTH,5C4TdmjTt1dXYAygR6uNUty95h2mkMP2HCLRRcjuK5Zx,ETKPPgeTT3tKXLGdgtbvFLf3tGR6eXSHEiRriWNmVmKK,10000000,44958853,222425600000000000000,4,0,2026-08-27 13:30:56,5DUSSymXoWKMqxXJLxMymt6h4D34hiKxs87m55NSDbqeGm3TMQsrUNE4uyXMSBGBGg8zmzXhk3GzwoooXeJx1c4X,4361,2161357574095511521284882093693997666,44810262,44958853,,,1
2026-08-27 12:34:57,26bvchv84AEvarTUwmKGBnUqKQZUJ8ciExL5bcTZbiYHwTQu4PQ9czLQiEgyBY5enWTdzSjdj4D3JVEXZZbD1xBE,buy,BSOL,DaBqWWKszBeiTmVqYCW58W52UUhhVjRFMUw5swJwaSDb,69QUBJHXEnEWeZiCZcmkNNDUkEGXDa69TqgHDtNSSF18,DfwwnfW4UHmitNiYgz7E185np4z1oXDeWm7uGgkHAh4D,2000000,139775101,14308699999999000000,73,0,2026-08-27 13:30:43,3E2JNiz44yjMSEXQ11xKjdr2equDDwcLrt8wwysCU2MYzak5AWRJjnsyuzrFZwM2FW4WspfdcRqDJjc9MEmDxcY5,3346,2161358792481179252122783207537355475,138386648,139775101,,,1
2026-08-27 12:35:17,5hdhYrrpGjUsmJWxv24axcM8rghe3vxJ6VXuS5kMBxccJjUBntn1rYgFrwk5c1XtPybeYic2MwgGW23ki33drcqE,buy,GLD,G984Yppzh9oj67r2QUJFBnSDaPDXHQ8SgxbgqsKatd3j,69QUBJHXEnEWeZiCZcmkNNDUkEGXDa69TqgHDtNSSF18,72iv6YZE2UQRXoCPZdQS32k7W2rVu9utFwjo3mX8fVGm,2000000,4748233,421209299999999000000,33,0,2026-08-27 13:30:39,2Abg13EWpubrEvuyw8h3KAgfK6KCjAEUXWgXA59MPLnmMxPpUvJf23yuNCdZyuCyF1GdQUgimdtyezcpMUG9L3YT,3322,2161358816075794437155554176994614607,4727402,4748233,,,1
2026-08-27 12:35:58,2S4bVGyPS4wTvkcHjhrC2WQpZra4jdcDL7abdmoSkBwPjNaDK9RULNWeEiaBsvgbQgw2pZhTontaCenkkYx6XDS7,buy,GOOG,6a2yZjSpCncEyiPrB3ifnAJdqJVUNymu7vEvLCaySqmp,69QUBJHXEnEWeZiCZcmkNNDUkEGXDa69TqgHDtNSSF18,FeKaVQ92897gdxWidX4U6BoB6xcBNSW3aBmqedztuo48,2000000,5928147,337373499999999000000,257,0,2026-08-27 13:30:17,2jtLb6parJjnNYy9Q9Ey3f6UBvKfDKxiWjYpkF9fAuqdEbos9nKGvuTRQaDLXs6S23fqb79WePyCGfa2PMmuNV1F,3259,2161358871573943201794618699941905499,5913818,5928147,,,1
2026-08-27 12:36:12,Qyi5EmTF4aLMtJ6QLR5rtxTp5coY2yqLzf8PAMmNesQBn1a5qymPX8vMr4tACBYHn372tQ86uMveaLRtJkcwu7b,buy,GS,HbCB8kGqwaQi9Q1K9EvYjfbMnFjaAUMQAeR3k7PDAKin,69QUBJHXEnEWeZiCZcmkNNDUkEGXDa69TqgHDtNSSF18,HZvoprAsotXF6fN7Cs1axi9FuoArkWsDfwWbM3VUVKUT,2000000,1923076,1040000000000000000000,240,0,2026-08-27 13:30:50,3faouRanB6HP6g5wKtaksqKdHJWWqcpHQUiJyNasNus9bcJ5fz2HL7T88PFwYqvqNfzzHm3LayCpjXTt8jz9FBdb,3278,2161358888608916831144269537046156116,1910375,1923076,,,1
2026-08-27 12:37:28,59R3L5U51vTn9FsBQTyYZcXJHmhhAMiYxe4Utm3F3AmFH48AXiK6a8oFxEzRwN4ineQdVjUpN4GdbhpFW7Nhumr1,buy,IBIT,9HfMBSLn26e7ZTDjjGRBVuF2wfEFoQeqCPMqz6ZK6PyH,69QUBJHXEnEWeZiCZcmkNNDUkEGXDa69TqgHDtNSSF18,AoS7MuAT8suJkCHig1AZ3567Wj8zq7kCcWEYrGTnDmn8,2000000,44535494,44908000000000000000,30,0,2026-08-27 13:30:10,YgZvoHANTPcAZGpGaEVy7fE1T5nkuUWW9ai1sKZvxzRRFJYwzS1o4EBjDVho5TPfpVXvPGNA6ZTWc1fAksJVFPf,3162,2161358979113942308279312435283931119,44310843,44535494,,,1
2026-08-27 12:37:51,2L2hWkv7hqiqmYEd4cdgiF5E2S8m31govofxz23QHM9ZsvemSohCNPDebhYxvXGX43whzcd9uUukQ8PVRtaJeb5R,buy,MSTR,2HxYoAmyFHPrfaecKPZdMd9dRjQ7HzRKMFSqMP6Z2mGQ,69QUBJHXEnEWeZiCZcmkNNDUkEGXDa69TqgHDtNSSF18,BkF2zKaLKbNFZ6Ke38uaH9SuZFwmQcPWFpfkTfbTouoc,2000000,15884992,125905000000000000000,36,0,2026-08-27 13:30:03,5wnfWKhRts7Et5qYGvUG7nmWL4E82Lzdn29qGGZW8Le8DosUpqLE7XBpcnuLkCSSGUGduBZrfsVwbeKfAr77gcAP,3132,2161359008789446040567495707915393901,15697720,15884992,,,1
2026-08-27 12:38:07,3Lt1okgwLdtmnZ77fA976yZtdEPUnbPzxC2yEYCKwmpfekAwUZmmip6CgeC6wd2h4SZsfm9dTYhK6WZqpff2JSTb,buy,NVDA,FkzjAJX584L1LncQb8AKSnGhc5sLvZjPGCgZLGpeHyTH,69QUBJHXEnEWeZiCZcmkNNDUkEGXDa69TqgHDtNSSF18,4ShhXBiCVjPxa2nKuneua8LzfoWQFnPnkGHFiYxgepVN,2000000,8971063,222938999999999000000,296,0,2026-08-27 13:30:52,63E4jS6gBgEc6m5aSa3dCM5Tm898CxV57BXpfwFcQVjZSavH7ozCN2E8TZPvPpEGnSD5HSFtAPQSbKx9ELQqukhs,3165,2161359027952131331021531596182580558,8926168,8971063,,,1
2026-08-27 12:38:24,3rPux2PKH4yaTbKUEtZJctcpVHkbvdMCNnJtkK2DnAhJTaiq5XLgy2XF83XN5D5TwZiEvTynzUSXZCPzY2NNgC6F,buy,PFE,EG3rt93i4iifbhyEvmcJi13yb6E5uudJpbNWNBrE7W1u,69QUBJHXEnEWeZiCZcmkNNDUkEGXDa69TqgHDtNSSF18,6Lasbsv8RN26FimFtVWHWAhcKo9doZf1LKXzfxy99ACK,2000000,71466857,27984999999999000000,132,0,2026-08-27 13:31:39,5jFFDzQmkoVDwt8uZehiniPFTqMWLyw7ne6oY2f4VPipXUNQqGVHt5xuKYAbNgvw8xTJHENnY3hp5N9Zw9uFisUN,3195,2161359048333389220250703971064428325,71249552,71466857,,,1
2026-08-27 12:38:43,RViAiGpWMaPNh3TwBf5GaEV1ExEemjfCGB2Mpj1GnBN9PQreXFo4MDHvpSaCqNL5JURyRYMrFqwFFobCiRa2Hft,buy,SMCI,AJA4fVUTXmjnRDmqqpEvMfTpBR9rXnQtJcRMy8e8TjaJ,69QUBJHXEnEWeZiCZcmkNNDUkEGXDa69TqgHDtNSSF18,4QuggW7MbEFuo4jJcSrRoHfha2tpv8U2vNR8fC9QKdb5,2000000,51689069,38692900000000000000,270,0,2026-08-27 13:30:07,3npiFGhvj3FSSYiRVFks92obd5hmeFTQtUBm7mhCD7qX2GRwx547vcEKCwsxMAYmz9AySQYyFsT4G82xrWECWm8h,3084,2161359071562905518102263959583521415,51554404,51689069,,,1
2026-08-27 12:39:02,5XXriSrx1n53kc2i5EYEVPYKNBAps7nJYiEtDJrqjKdkKLkU6ainK3ZNJCRDPkqJbEfFkkA1CGCMdwa8NhVaVScn,buy,XOM,DwBR6tLSWzQ6ZDMJ7h49p7y6hQtE5gBxwEfQfLUmZuxF,69QUBJHXEnEWeZiCZcmkNNDUkEGXDa69TqgHDtNSSF18,9feMt6ihNGM24cHFLYZMN18dNEhK8swP4DRNX4QWY9Pc,2000000,12688342,157625000000000000000,168,0,2026-08-27 13:33:08,38EjkGmF2e1xoUGs59T8nzbMrFpnTVVhGGfEsQJLLVpb2hocfpqEzdsMGsXrx4Ps7ogsj1UaxLMtEgkiqTuKQGYo,3246,2161359094310057894543221377500250038,12608502,12688342,,,1
2026-08-27 15:34:36,4iu1AJhKYmJhopgjDKbnx4JQfmmtBHDMuKoF5J5Vsm5VK4cRzMCri42EEJp3ok6F2B6rzKqfkoBkc5h6LXke5z1z,buy,AAPL,B3S7TuCmBPsNJW32SzRLBwbmWmgNzFBuHnBG9rdvt6K5,3C6DqYJtehNVCoXAY39KyRdGViV8oxS5Wr3NrJKFPX6A,A8mMjRfcTgp5KRj5B6G2jdQ6NA7mZSvddYGXNgEQYvMu,10000000,31788214,314581999999999000000,40,1,2026-08-27 15:34:45,6LVQGQEPjisu8HCgAsBnH4ubrE3sfnpsJYdCCNPuwHWJeC6Ngozt4HAxiFFuc45PTPc3PAMs5uH1SuFXWRqBMZa,9,2161371815317823689606136628715527003,31763897,31788214,,,1
2026-08-27 15:36:48,2u29wMQ46bgY4YEnenC2MtDkNPh3rV6FmFUduT9vUKxQdfagi1vFiUwS3MTYEV3go3aXpo3AjpwFQKtDpw8dWrcC,buy,BSOL,DaBqWWKszBeiTmVqYCW58W52UUhhVjRFMUw5swJwaSDb,3C6DqYJtehNVCoXAY39KyRdGViV8oxS5Wr3NrJKFPX6A,FJmn3pDEeRPcZ5hQWKroDxoPuiBs5gAVBLGuWRAsnSHc,10000000,682174773,14659000000000000000,154,1,2026-08-27 15:36:53,2kQvRtv6gBafYpr4wXY4dnZys4kZMs85Nv46CzWNiYEUgmYDDGcnRPKNY5YP5xNUuLAxyxbGXoR3RBqv61rcPX1Q,5,2161371976704598367332321244035004992,680610437,682174773,,,1
2026-08-27 15:45:47,5sk8KJLRxVwMxMRChTcXVcFUzUzYrbJ61vp9YhJ9gLXuHmYT57NXbmYbuxxgnZ1XRhtK34KiynhpLGzHrMS5ziqT,buy,BSOL,DaBqWWKszBeiTmVqYCW58W52UUhhVjRFMUw5swJwaSDb,3C6DqYJtehNVCoXAY39KyRdGViV8oxS5Wr3NrJKFPX6A,9GQucvW5sM7xTTe1UuVQ7mRBkDsbDF1EqJkhW46CfMcf,17000000,1154420752,14726000000000000000,107,1,2026-08-27 15:45:53,552dJ7xxmMjAKBWyZ5mETQzdryuR4Cnk8KFUrRrChdpjRpJ72oHzfHm7UbysLgiZ7VBWEShPS1tpbNbko5D36HiK,6,2161372633682019146518053486263361681,1154368800,1154420752,,,1
2026-08-27 16:39:48,5wWz6iccuEVQzR3aN8a99KfE1mwHT9rJa8mn1p5N8SiBCfLvdtGMJdAEcXR4yZCm2YkqvHU1nnccYahe3a64Kese,buy,AAPL,B3S7TuCmBPsNJW32SzRLBwbmWmgNzFBuHnBG9rdvt6K5,A1WhTovXrq8eh38HMy2rNdkc76VtiSo8tq3iULeiMPWw,43kCpV7no2UVYRXh2oTKhNjH2teTCgJtaC28RrAjKvkS,5000000,15902802,314410000000000000000,52,1,2026-08-27 16:39:56,3qpmYNvovQ75ptCcrXJpMvPypQwPJRatw9tzBgF7Z39YJ2caKmxVg1Xu16hSECJfwperzaBEFk4jW8zSJG6Jwaiw,8,2161376556734566631703534479682711891,15859596,15902802,,,1
2026-08-27 16:40:09,GuSnvBducgyjodaCh2WUbVC5i7tAaoWNLtgzw4UsY7yJBSmwg9ryQ3KoADifvo5LWpgc9Wx5JpLMk9BBfGDkWWE,buy,GOOG,6a2yZjSpCncEyiPrB3ifnAJdqJVUNymu7vEvLCaySqmp,A1WhTovXrq8eh38HMy2rNdkc76VtiSo8tq3iULeiMPWw,41JunjcgttQGi63ZDcYCgcpyVRNjd2nKZmFaqfmP4ijP,5000000,14768125,338567000000000000000,27,1,2026-08-27 16:40:18,47YREVpmf6vJhbu6CBHatXtmgP3ktMyidBsLENQ5uYceQHnehif8Pf67B15tzE2AD4qWjFtQbFXPVF92R78X4UXy,9,2161376583958363289575982202275412724,14740635,14768125,,,1
2026-08-27 16:41:10,2GfzE6ggzPxsQxK4srS5WRDBqkHG7mT86pyxuniaNCt1EgHGNZaruNisgieL67KcEgqFcRUxKmUraBEsmyzamXB3,sell,AAPL,B3S7TuCmBPsNJW32SzRLBwbmWmgNzFBuHnBG9rdvt6K5,A1WhTovXrq8eh38HMy2rNdkc76VtiSo8tq3iULeiMPWw,DDtjDvR4j8Nv31d6NvjawKFyyokMZ4L5LAKwEQpcAKaC,2000000,6361121,314410000000000000000,134,1,2026-08-27 16:41:18,3o1gUNipWKA96bBQYZLL9mJA2giRm3ABwESy5pctkYR5MAhAiUK6moktegkwnMnMv6pKQgkPP4ttnPvacsKW4G2p,8,2161376658794519720591578138700176937,,,2001094,2000000,1
2026-08-27 17:24:21,2ag3usRR8yuWYkGT5eGA1qaNjZR9jFykxHagJVQ4NmehEkoHEpWbX4CXk4JDAfEHDcd2KCTH465kJENvBhLyyNXm,buy,GOOG,6a2yZjSpCncEyiPrB3ifnAJdqJVUNymu7vEvLCaySqmp,34aWqb8VwxywCTVVyHnZGoHHaqQw7MbjMTHbaaBTvmCj,3zv28UiWnrPyJ1ryGD5xs8ZbtbFHSJ6RWrbHeyMqY28h,2000000,5918315,337934000000000000000,279,1,2026-08-27 17:24:28,ZPScC4dL7dLNTWXQoi428NyuQj9jjxXxXGRHjBkx4bKeSV3bNSdJSwCqu5bRxP4UVLoiU85BTqZTdxMP5jrddJu,7,2161379786352105556841665306964003965,5886877,5918315,,,1
2026-08-27 17:24:28,26VaBV1fVKobjEkh24NPh2SATojuxcQuQ8odvxBxwCL68R3w1Jyidy5CrChErM2aSq7PcF1UzeZEK4V3iAHGBUXt,buy,GOOG,6a2yZjSpCncEyiPrB3ifnAJdqJVUNymu7vEvLCaySqmp,34aWqb8VwxywCTVVyHnZGoHHaqQw7MbjMTHbaaBTvmCj,B9tFx4ruKfPa2NPprbAN7pVR8ztB1yRk5VCMJM7HtwZt,2000000,5918315,337934000000000000000,286,1,2026-08-27 17:24:35,4RPW9THge3ab7qiPrxSBCNvi6CcLgUVAExnFpvFbhpWbRtRrAmYoRb52SN4p53vC6W64rJXH38sTfYoa3wLXzCB9,7,2161379797418602090011925265270984406,5886320,5918315,,,1
2026-08-27 17:25:40,2WzyakFWgWgv11epPnwpR1977niAfXM5kJe2rM2LsyKSb8HyJtkoASVY2kET4afN6uVMG1qEafP8NszJXh8T5kiQ,buy,GOOG,6a2yZjSpCncEyiPrB3ifnAJdqJVUNymu7vEvLCaySqmp,34aWqb8VwxywCTVVyHnZGoHHaqQw7MbjMTHbaaBTvmCj,HPPtmanRmCvBgt76dEgdKAyh46kdBN7dwvQqt65wucE5,2000000,5916284,338050000000000000000,58,1,2026-08-27 17:25:48,2EkanyTfyZRzEjcMoWpSiQ943jQE88cTVrwhMGCiCWbFAdxuuVLwNzRp98ffeNMJEBuTABoDWbnCQ1H4m3om77hh,8,2161379884445532428337898441213321888,5884196,5916284,,,1
2026-08-27 17:25:47,2BtMjyNLwhVeC46s9mtHYtoYaeK2i7BuHSgY1jKA3b335KddXuke5pSyvguy21ip8pXSpRpor3tHnR53ZEs8ggsp,buy,GOOG,6a2yZjSpCncEyiPrB3ifnAJdqJVUNymu7vEvLCaySqmp,34aWqb8VwxywCTVVyHnZGoHHaqQw7MbjMTHbaaBTvmCj,2t7o9tuEUpvMhKChvm9pTmL632ysQHmJQeK7BRXpHUtX,2000000,5916284,338050000000000000000,65,1,2026-08-27 17:25:54,LvotmN1QAHqz3cwhA1R6UJSUu8SKpW3iCurdUiWsE88Jhq72y25XvcmFsFDj1abHUtw2C6Kan8LW1eo79xZK9to,7,2161379893769973031295973813970611009,5884544,5916284,,,1
2026-08-27 17:25:55,Sutrv595GzXGYg75Vr5kV9qQhE5D96BU827moBN6HKDYpEY4WUqtpXm3SfVRuVPj4PzgEoLXLsAzWTQdsARSPQk,buy,GOOG,6a2yZjSpCncEyiPrB3ifnAJdqJVUNymu7vEvLCaySqmp,34aWqb8VwxywCTVVyHnZGoHHaqQw7MbjMTHbaaBTvmCj,51HDJHUFfG3ekZo7yStt1vtA8ucgi4kXAXFRZimxaQ4N,2000000,5916284,338050000000000000000,73,1,2026-08-27 17:26:04,4V7yL4Y8GFa4kKSkDsKCqk7DMHk53sJJSe7VDgjVjNTXp6z9xhvom5YjohGJyMCwpchitS8utvhfhNNcqfpfev3R,9,2161379902219148375362750003517543571,5885588,5916284,,,1
2026-08-27 17:26:01,5dGbbM2ZdEzLMo7S1bZvLxwzCcux1142gcNYaQJz1DcUTzLsJzE997FCn5xVb1fTf3zM1fBxfWwDERbR5ZL3sU2x,buy,GOOG,6a2yZjSpCncEyiPrB3ifnAJdqJVUNymu7vEvLCaySqmp,34aWqb8VwxywCTVVyHnZGoHHaqQw7MbjMTHbaaBTvmCj,UGho7XdnvRMPkkB2RKrFSdW59LqyEsQpo9NQ5khDEtV,2000000,5916284,338050000000000000000,79,1,2026-08-27 17:26:09,4zo9UKdw689Q8ASKgV8q3chw6n39w7nPetzD9XdNPFro97qsTT1z8Hm8F5oCqFooidsTothe929k7bEbTuU9YmtH,8,2161379910288746186287171770060825900,5883953,5916284,,,1
2026-08-27 17:26:08,4VoVMLLegLscmkeonroKcSzL22D18KNPQY8RSFNuMrygiqQsr4hSmXAuLtVRA8kJud82CKyqfeCGgp9kk3cX6EH7,buy,GOOG,6a2yZjSpCncEyiPrB3ifnAJdqJVUNymu7vEvLCaySqmp,34aWqb8VwxywCTVVyHnZGoHHaqQw7MbjMTHbaaBTvmCj,Cr4YwxMLVbfT8r5NCN4Sauofm32jaaPF1yAYrgDHh9xy,2000000,5916284,338050000000000000000,86,1,2026-08-27 17:26:13,4DmT7A4juZ9bKGpA4WKQVhaQ6rqscZD11W44chmEnNj2GUbfTcTxvJFDg8QJZAxsGifMrsGo9BHTeovy2CSM1JoU,5,2161379918232594572780302493877280719,5884405,5916284,,,1
2026-08-27 17:26:15,5SBJ5CtW3dDxeFGBtgqacKBgqHgR86rJa4FFKdLiTkE4tDKU39j7PP3UHA6quCVk3ZXRjB9zJNsSd4K8w5556HYx,buy,GOOG,6a2yZjSpCncEyiPrB3ifnAJdqJVUNymu7vEvLCaySqmp,34aWqb8VwxywCTVVyHnZGoHHaqQw7MbjMTHbaaBTvmCj,GV7nn3PpAejeGiDEZ4yvELKL5CEeL7GiPxb6Pz18Xv2p,2000000,5916284,338050000000000000000,93,1,2026-08-27 17:26:22,5xnzwfqtSbWEAoXbiuzvjJXZrCjCmc9tGRt7LMYQGt8J6wwHdKmj7BKKiZxyJjA2FA9zAw4PUqu2T4iFkAsrTveQ,7,2161379926176447593831164610298645940,5884683,5916284,,,1
2026-08-27 17:26:21,49synhssfisRwHHEGSz7YnbjLowxYXqAWS1GQxZWy3LivEUkEYKyhnPgEHHAtMbdp9Z2QyLXE4v4ESVwdvJ9uf1p,buy,GOOG,6a2yZjSpCncEyiPrB3ifnAJdqJVUNymu7vEvLCaySqmp,34aWqb8VwxywCTVVyHnZGoHHaqQw7MbjMTHbaaBTvmCj,4vkJn1Jmep6aMnKExpq3cX9heFewfHsNXTjoBdZz1n6f,2000000,5916284,338050000000000000000,99,1,2026-08-27 17:26:28,2k3KVfF3RsgeJzAnpVvwampdr4safL8yzGXSUymxoboHfGdqCjDmjEEXTghjWXHjxsXKXLk1uoQ7zB1wZbqSZVY9,7,2161379934174691424572694903294648516,5885449,5916284,,,1
2026-08-27 17:26:32,4dAYuMBqPPfzZV1sYFtYWPVZfftZjta23s9fn6auo15jYys4GEDej3HY2cDCSdspg5qsJs2BUHU17tycaTxPExRK,buy,GOOG,6a2yZjSpCncEyiPrB3ifnAJdqJVUNymu7vEvLCaySqmp,34aWqb8VwxywCTVVyHnZGoHHaqQw7MbjMTHbaaBTvmCj,BpJ4r7jDjqXmEU5RGTZr4aStMhGJvDywryJ3RUP3FU4X,2000000,5916284,338050000000000000000,110,1,2026-08-27 17:26:42,3WEApKZa9MKVYGbuqkzqyUCVEeKDBUYJbe9U853Zg7DhGRQqhHF5oQEReFE5umn4Yry6n1xkj2XQssbKzFwoiMhS,10,2161379946542024826121588218540821900,5888445,5916284,,,1
2026-08-27 17:42:37,2yEDXhNLpGVLoDNRgxrLBLq9F475EewnF6HXKEys8g6EAFGqr3G1vgyqiyTdT5Pju8GdfvF6G1s6qkVuTydm1hd3,buy,PFE,EG3rt93i4iifbhyEvmcJi13yb6E5uudJpbNWNBrE7W1u,CHAcdTTgXG2GJrdaCNrYLMUbsLK6VEzkenBa6TnXYVTU,HEL9ZPbcMXuwewpgKGqFndoTZUWiGF5bJuPxRS5GZRiK,5000000,177518364,28166100000000000000,69,1,2026-08-27 17:42:44,3JE5XicNaRL3mVN19vccd5roAutRfEk3gcXsVWcJeZGPip5rEP1zTrm4wJRdgnUZubnSCz75aC4ZMe7xxidJ1KrN,7,2161381112511059366995168165136093300,177151377,177518364,,,1
2026-08-27 17:43:11,491gGfDaqKz8goP2u3q3nto2cm2XZwHECP4JVRRpyAMVuNsMs3cr8n9jBgVxvvP7LGGmm6MRo5wU9mthUKjZnhTz,buy,PFE,EG3rt93i4iifbhyEvmcJi13yb6E5uudJpbNWNBrE7W1u,CHAcdTTgXG2GJrdaCNrYLMUbsLK6VEzkenBa6TnXYVTU,Fzn9JsoMifqfg6GDSnzUDpowtASfDZUuCKq8M3rdn9dH,10000000,355036728,28166100000000000000,103,1,2026-08-27 17:43:19,3wQmFL6sujnFJaAtrRwo9B2fJHw9MdedB8Av7PPzvXVNor4Kdnh7en29qeyFkuUiAmykq4qBWt8nokKg17kBat46,8,2161381153076584868520763011515716627,354657767,355036728,,,1
2026-08-27 17:55:54,28hWb6jokGC6rk8c4J2qHZNL6bNdVapuPzqTJv2yg9hb6A78gvTmjXpenAkrZcYsVqCeaCrS6yoMHqFMoYC5VUgh,buy,BSOL,DaBqWWKszBeiTmVqYCW58W52UUhhVjRFMUw5swJwaSDb,CHAcdTTgXG2GJrdaCNrYLMUbsLK6VEzkenBa6TnXYVTU,74v3KYkTByF9LUHvLNudv963sNr4VCiRGm2BBJ7YtcS2,10000000,673174015,14855000000000000000,205,1,2026-08-27 17:56:04,5SkuBSm2pWAsvYUhBCm4445VyWDdSwjgVXbuSahS513G6FtQbRiCERhYqHAFH65AQGEr9G8EU8WcKvNQhFjRnhme,10,2161382076602809510044869307097580266,671461217,673174015,,,1
2026-08-27 17:57:43,4A7hnpokayyxZjc7qHCHiWLJShXh35UrK2VZdGCGefkDeQw92aMttWFB2T85VvRCK2ZPWjdXpAC3DXDRqM6QaZNG,buy,MSTR,2HxYoAmyFHPrfaecKPZdMd9dRjQ7HzRKMFSqMP6Z2mGQ,CHAcdTTgXG2GJrdaCNrYLMUbsLK6VEzkenBa6TnXYVTU,Fd47khfjQMVSEoeVxUoC8Mj1vgnm8hYfJjjNijnbAfVX,10000000,72413917,138094999999999000000,148,1,2026-08-27 17:57:52,4ptawqNg5h7kEyfUzPMXWp8h1hir3ZAb4oAih3Nki2917yuirQZuy2ymncGdi2iSCfnD8dUkcuDXcWVegUnKvcne,9,2161382207640703738994874958857718011,72382912,72413917,,,1
2026-08-27 19:43:04,HiUzXYZbQTNJkKQbP7FBpUJRBTo4e7b1cA3G6WQwMVKroKMPLk9SpvK6p5keyMg1ejrNt6v2hDuMwDkVedpCq4x,buy,GOOG,6a2yZjSpCncEyiPrB3ifnAJdqJVUNymu7vEvLCaySqmp,6AsdAiXyvduJHtNDPGW2CziujSBxbj4DcU4cVfNW6GM2,5SusUsUJSUv6MaToFqYUXdDSo38NvfpgXYtJB2WvBvSB,5000000,14823511,337302000000000000000,201,1,2026-08-27 19:43:12,36jW1sHfzpNfXB67iCRYABLmNbpnnxMJEKULQhB3Ax7f2PN5bdTRsR6gM4k9oD8LLHj8y9CmTN5tW3Yfeg5tAui,8,2161389847678330141431376312991092327,14786324,14823511,,,1
2026-08-27 19:43:15,4ovi9caKEE8ukJP9oiEymzvDoMWLCQUokMKB4nri3EsJjMdYhTDZzn2AxrNR8Jafqvt3TMqWTZ2s8ivGu3xuYRMj,buy,IBIT,9HfMBSLn26e7ZTDjjGRBVuF2wfEFoQeqCPMqz6ZK6PyH,6AsdAiXyvduJHtNDPGW2CziujSBxbj4DcU4cVfNW6GM2,C99mxEEbP71cyGrzJ5JYSpe8X7tDjNGijPQ4tJy2nQTc,5000000,110265740,45344999999999000000,285,1,2026-08-27 19:43:23,2hMk1esZQdJpQdJAUxAVgTmvH4La9JS6PHSV4q6Xg2cbWE8kUuEio7PW8bcFt2fVFuLpwyUCC6GmBYNL4RqaRtxR,8,2161389864093132741872974780280039311,110062199,110265740,,,1
2026-08-27 19:43:36,2kWbfex78UrZNzZz53AkRXsNeKJrAedmhxpi5m7L4116wZYrg9VQwDv3PQKrvh2Hp6QfVgJEsQgj2ovWShsYQp1k,buy,NVDA,FkzjAJX584L1LncQb8AKSnGhc5sLvZjPGCgZLGpeHyTH,6AsdAiXyvduJHtNDPGW2CziujSBxbj4DcU4cVfNW6GM2,9su9MqmmPFPTYYL9mHUkpq9B6oj1fLNhokkPCetQrSjN,5000000,21865474,228670999999999000000,173,1,2026-08-27 19:43:44,3qAoQTTtCznU3uzgDk6t8mqKzkCZaTGX6sodwmH9Hydb4kRsD9x78dGQ7hGXySLPozR187SewJpKfxg3y36iMPxc,8,2161389888390102392177037382047585465,21850888,21865474,,,1
2026-08-27 19:43:55,3FdcgDeLeSgF9BEJHmHgrvCH6chXV2rGLMnFjrmnMJRUaxWyWAREGwLxBSXDmLBvsSBNwpLr2md1u33VfPJzha7K,buy,AAPL,B3S7TuCmBPsNJW32SzRLBwbmWmgNzFBuHnBG9rdvt6K5,6AsdAiXyvduJHtNDPGW2CziujSBxbj4DcU4cVfNW6GM2,3knbJtVZ2kvGVi7Ryh9tueN3wHFDf47BtjouzJrQEuwg,5000000,15950158,313476499999999000000,298,1,2026-08-27 19:44:02,3j9AZdzsLpS62xkDLsLFKPBDuGuuM2BpQ921oASkbpovBQib69cAL3JoMDKQrQ6X9zxZbNpZEtWLiLuH4HzZ5wWb,7,2161389911050214614783461180955976273,15902557,15950158,,,1
2026-08-27 19:45:11,4mS2uf1NuUWGxagHeA6J8yDweAsmwiUUaQWYJ3XzP9bFZNkd2AbZn8Vs1LgLWscctSH4qNuzQbaUj5w31JKWH3ga,buy,SMCI,AJA4fVUTXmjnRDmqqpEvMfTpBR9rXnQtJcRMy8e8TjaJ,6AsdAiXyvduJHtNDPGW2CziujSBxbj4DcU4cVfNW6GM2,CGuMG2svu9TBxEvXrU5UmP6sfioLuHaG6sZS1goTQbvY,3600000,94161958,38231999999999000000,297,1,2026-08-27 19:45:20,qfMqJu9BUHp9i2Chu4477ZDQAiAu39bTbaNiBybyGLqnmFTW8ZhshMm3Akx8JBmAC1T8C1pEVMbibe6YR5Cgiik,9,2161390004581192853011525855661040544,93836583,94161958,,,1
2026-08-27 20:10:18,nE1CvzQ5SzvYW8hydj7KzwHT73mTym7GhXYCR5szq9z2tn7v1LHzkJp92hRGM5aNguMULMzYC6jtWQzgj49uabw,buy,BSOL,DaBqWWKszBeiTmVqYCW58W52UUhhVjRFMUw5swJwaSDb,3C6DqYJtehNVCoXAY39KyRdGViV8oxS5Wr3NrJKFPX6A,2oFk75qyohXmkMvaEZ7ESSQymuwYCQYAkjBWuDb6QKZJ,20000000,1336889459,14960100000000000000,288,0,2026-08-28 13:30:08,49S1icoLaBowAkGeTR7iex17C5U6NDAsyzxyw6wpNXsAPdevXrx5r1QZxUpYRssXQh5qbtHu3R2h3s7XyGdf8xoj,62390,2161391813522282966700002417346362636,1387231089,1336889459,,,1
2026-08-27 20:22:36,mrBLeMAPyisek56D42yaSRJ9FvSgR5QpK1hxYemq9yqtukxnnTAq3cFGRmARdz4M6Lbtb6VfcZePLvbQd8P8Xsh,buy,BSOL,DaBqWWKszBeiTmVqYCW58W52UUhhVjRFMUw5swJwaSDb,8RnK5aFnioegaiu7YhPdfhEvVowxsaVJXJpNpciANbNQ,CJwW19FDM62bhUk3ZkaZkBGn6xy4PwKosidkb2sbZ6uN,5040000,336107554,14995200000000000000,126,0,2026-08-28 13:30:05,4aDBsL9P4U3zcennzNpsg7XDXoaJ1GC79uUwvSeJngBSu25xLWH3SpvuJzzhd6pBJb5FoXSvznpwc7DT85mUVK7D,61649,2161392701500038789686269356760330026,349063150,336107554,,,1
2026-08-27 20:22:51,3PkVAGHS5ky86jBX1YxijvLmkVYA1gcigQeQCqwb7DxAndzvRtF5JuSLCjtcNt1t2mHYfc1mTe6R55WyLhewEJH2,buy,GLD,G984Yppzh9oj67r2QUJFBnSDaPDXHQ8SgxbgqsKatd3j,8RnK5aFnioegaiu7YhPdfhEvVowxsaVJXJpNpciANbNQ,AdGSZpptt7UYhBWs7ag92rQqaskvgdGwcVtkKBUwXBpk,5040000,11938236,422172900000000000000,49,0,2026-08-28 13:30:17,3iiZMnFcxdktkh4iWuoseyLUK58LcRvangSbZ4rtH1didXsgHzzx5EhEJDVQT1An6B4jkJ4KKeBDugux67451hnW,61646,2161392731786062774337536116894451397,11912656,11938236,,,1
2026-08-27 20:23:06,4XopHj9Yhp64gDctHmyR9iV4jTa8yXD23FRQdjoWnoArEzYrgf5FLejoe3ZFyWEQagzaWvjrocuhUsvWPSHGi4Xz,buy,GOOG,6a2yZjSpCncEyiPrB3ifnAJdqJVUNymu7vEvLCaySqmp,8RnK5aFnioegaiu7YhPdfhEvVowxsaVJXJpNpciANbNQ,TjWhxNnWMc4UBM3YVW5xb7zyixf6VEKa6YjUwz5zL5P,5040000,14923826,337714999999999000000,203,0,2026-08-28 13:30:10,QqPpgmX4YkM9ppRB1WCdmnyd6rGvdYzTCWKGL45adW3PTLLZhgzQGH7rJ9Ppei9XyTdpSpQHJeLemfMDfPPqpQJ,61624,2161392748269772467191183414644601514,14894436,14923826,,,1
2026-08-27 20:23:30,5Sg6hj5t3Gn7aw41qFCAbvCUMHv58shioPQ3H1iWj8pH9veznHMPTxpf9txFp8JyME9KkrwzhZzT6rKd9GMdoxGw,buy,GS,HbCB8kGqwaQi9Q1K9EvYjfbMnFjaAUMQAeR3k7PDAKin,8RnK5aFnioegaiu7YhPdfhEvVowxsaVJXJpNpciANbNQ,5h8T7nhfPaFU2M8BFWd6EvfEnR3YsSnvxeLLe6PVhpd1,4040000,3882338,1040609999999999000000,46,0,2026-08-28 13:30:24,4DpHTjfNyxtYQ9RTJMb4WR2foDkbjtfszacsHw7DVp9FW9hYJ5HgzdSRA2X2w91Y4iL4WVxJaNzn7ZYw5CNRwW1W,61614,2161392779195275190158551736354511728,3850968,3882338,,,1
2026-08-27 23:20:00,3jcX9NP6MGPT57N5dTr64AUSVDZrNh8CatjpHHbPpdm2VjU8eSLHZ9dBbyrigRB6LFJdmo8a64VhTxbGcrECa7sW,buy,GOOG,6a2yZjSpCncEyiPrB3ifnAJdqJVUNymu7vEvLCaySqmp,A1WhTovXrq8eh38HMy2rNdkc76VtiSo8tq3iULeiMPWw,6GCzA9ffu8DwrVejwkGKKACbMaMYpKyHjUrbtzkeLFzp,5000000,14803577,337756199999999000000,2,0,2026-08-28 13:30:11,tY616bWM6GYzCwrXE7jkiNmznStaXk8iTVDtABLaYcZH61ebrgkeHMETnYsZh9zekVRJ3JHssA7p3L65rT5ZAgh,51011,2161405577680705385185291013973473285,14775991,14803577,,,1
2026-08-28 01:45:23,5HxbwnM9UFj68LN7TkDz2j1GuCgJHXcbrUtsmMwS3M65nBAFYrxzQKRhMoFTLK2hfepTdNCM8x8oyMDKvxfJvpqm,buy,NVDA,FkzjAJX584L1LncQb8AKSnGhc5sLvZjPGCgZLGpeHyTH,E1EuqZULkbXNq7DEcipqazakV4arZemM4mmqczr6Nczf,CeSnK4LP4doLDGvxSjrV1pC1JGdkgxJea2GqzhWQ2zWk,40000000,176510822,226615000000000000000,280,0,2026-08-28 13:30:20,355bm4jUf8rkyVNLrjoiBAi8nKyUd2rd6yyuaadp5NJZzQsR7gbKdYKhU3cEG979yZbumiFY4nn6qA86NimsVtme,42297,2161416116093816000495231725682488555,176159640,176510822,,,1
2026-08-28 03:42:04,2uNu89xhGu6PB8oUiwwBUCxRyWCxYDzp51ts4HmsV4oWjyMbvUFkT7vq4RQrkVcFcqaArh5ytrFiMjNJa6ZUxRtG,buy,BSOL,DaBqWWKszBeiTmVqYCW58W52UUhhVjRFMUw5swJwaSDb,3C6DqYJtehNVCoXAY39KyRdGViV8oxS5Wr3NrJKFPX6A,4imDRGP4dX3NBkesYYDYuRu9zGbfsKKGvRMXRYKPDcgy,20000000,1361007145,14695000000000000000,138,0,2026-08-28 13:30:03,4Y3kAFsRUXD2JsBAqkTBK2wDYfFBaFpqMN7SR4cqAePw5HuhvEBd1X2U2RS5qDB3CtoF7Tk3PrQibKgwD94ChHXf,35279,2161424580929536943295195743016933336,1387231089,1361007145,,,1
2026-08-28 05:59:21,41n9qUpoG8z2haKyRNqKQXnupTvGMUevB2z5B3Qogeyet3p9gDJLqRLhxiw4cBCaDVTfSKTcfEeTAc6QJz4h5Y59,buy,IBIT,9HfMBSLn26e7ZTDjjGRBVuF2wfEFoQeqCPMqz6ZK6PyH,8RnK5aFnioegaiu7YhPdfhEvVowxsaVJXJpNpciANbNQ,Bt3s6kLNqg3F1FLTgixPuUwe3nTEA768wBiMJtD3ZnGS,5000000,110827884,45114999999999000000,49,0,2026-08-28 13:30:25,3thg9eMPiMHh9cmjAiTvWzXgTfRe1ftKMttrCRy7YCwpC8M3N1kezA9URGdk7prfdsAvXrMuiPWaUYfgrAsnu3DH,27064,2161434535742152694997665802073866085,111210162,110827884,,,1
2026-08-28 05:59:37,4UuqEo868UnotGT9vmujhLG8fGKScpxREkTx9kPmvtaHKBtvYRRXpj9fmWrNqpWja2dVnXUT4iggGEhcaZuYA3VH,buy,MSTR,2HxYoAmyFHPrfaecKPZdMd9dRjQ7HzRKMFSqMP6Z2mGQ,8RnK5aFnioegaiu7YhPdfhEvVowxsaVJXJpNpciANbNQ,ASJzUyDh3P1jEzoPJqL8xTn9Ft6tTQ3JCzuoC1B7p4U6,5000000,36227946,138014999999999000000,19,0,2026-08-28 13:30:22,YNFBCVRm6EM8U6xMTuwYhSnTWwSJeN5XcpDcPC1Q7sbwLE62Tgq3YmyQsfWwaE8jDzhNXHiYK7rbSNkAJtaLziJ,27045,2161434566265111212498608795971173040,37238805,36227946,,,1
2026-08-28 05:59:50,4peityxsnMwmKEvQ5r3K51gZUUaxao1mwVFwvJmB44PEzDsdgoerY3CNMNa5oPU93MHdregaqxLdvzSfBCHvj2Ug,buy,NVDA,FkzjAJX584L1LncQb8AKSnGhc5sLvZjPGCgZLGpeHyTH,8RnK5aFnioegaiu7YhPdfhEvVowxsaVJXJpNpciANbNQ,DxhurC7NK5zXjbZQxYPrkc5nnKqZQqMWtCLrB1BhEm1n,5000000,22099935,226245000000000000000,246,0,2026-08-28 13:30:21,5TTBc6cvc6GthWNUFo8sz9d3ZwE7S7j1pWVmkEUDDL6CwFVdKg4vgm6uYKNUbSfYN64aT5aXzGYMXUSNT5J4aHkK,27031,2161434583393144170812847987432087016,21981410,22099935,,,1
2026-08-28 06:00:04,2Zv4JKWsrApzXWRQwGbGtzHVegSEGeYawtbCgZitCuBd4VrHDiSdP85GFs54XeVQWMY5qPGFoWnFjqpqZd8rGzFD,buy,PFE,EG3rt93i4iifbhyEvmcJi13yb6E5uudJpbNWNBrE7W1u,8RnK5aFnioegaiu7YhPdfhEvVowxsaVJXJpNpciANbNQ,FUu3orZEnZLfcpDUYxtuhmbSL6cX7t71G7AHSr9tkzQd,5000000,177683013,28140000000000000000,199,0,2026-08-28 13:30:27,2aqFMuMqzGjSK965qdtdrdTkBAo12zam2C8DjuQdybpwvZWgdxCdfX2Cxfax4cwt1eCNckjUEEmMYoatbZKGWYNr,27023,2161434600188757979610693111148607258,178214285,177683013,,,1
2026-08-28 06:01:25,3SRBTYg4F15S1gQiuEnRre7baApLxsF89YzATsjMPCSJSrSvNznr5HknBWQ6XCUYe9jGUhVH9sWAPB3mQYoKjwN1,buy,PFE,EG3rt93i4iifbhyEvmcJi13yb6E5uudJpbNWNBrE7W1u,8RnK5aFnioegaiu7YhPdfhEvVowxsaVJXJpNpciANbNQ,GXhL2eybPyVcamRtv266bZ68nDdMLwJun8jRZoC5sjuP,3000000,106609808,28140000000000000000,280,0,2026-08-28 13:30:30,5NSxr4jai3vdAs2TMktQ3aT9PbBYQXjnsztSEkrrACTtSB5XVpVSsnZuka8wRgpojR4jY5ooV3dDwaeT1E3dsfEh,26945,2161434698478070749765623968498300290,106785714,106609808,,,1
2026-08-28 06:01:40,2PQCderAvNQJSzvmiJHz8BDEvGDc9mJjwaMW1wh8zbWbLER1WfZ3DmC6pfXp4mFygdryFVM6Crk6hnDzf6hAwt3n,buy,SMCI,AJA4fVUTXmjnRDmqqpEvMfTpBR9rXnQtJcRMy8e8TjaJ,8RnK5aFnioegaiu7YhPdfhEvVowxsaVJXJpNpciANbNQ,271Dzda5KPT8V6dG12AUnVnMFRH7NCgaeT8ukRZHHLxW,3000000,79501788,37734999999999000000,69,0,2026-08-28 13:30:29,46N7twHCykci37Ynwa6nyzuNgGjD5FB61rBNFG1JyoTtiX6QEKiL3k9AGV6rT4A5in8RWTexPUviXXNKnNqaBPCK,26929,2161434717647994650899333005111334998,78684210,79501788,,,1
2026-08-28 07:26:07,5whGGhtTMSuskFr2Gh6D9JCemDprYcLv5bb5UafABNkfAaTBxg6UzYjGNFHNEyQ8NUguwgEq89TyqQ8C2rtzkZai,buy,GOOG,6a2yZjSpCncEyiPrB3ifnAJdqJVUNymu7vEvLCaySqmp,J5SS8KD7jMoEdcmZ75a5DsQQEivaZLmp5LgvrcPRvAB6,GUuxW3YxNGhszjS6sAhZmQiMs2vBTvTuvtJJsrMFpx2w,10000000,29532500,338610000000000000000,67,0,2026-08-28 13:30:13,2F17JTR7oBQW4yMqSK41oZQnyEPFQm6BCAiT2v9nUKKFDRnJ9iDdK9BLhpFaBmt6hNcytwQZQGDAsKEfwYczuPH3,21846,2161440844429641150805203478774283808,29581593,29532500,,,1
2026-08-28 09:14:24,4uRGz7CxMURPcRNVqmLzU9qbRVSeRAstcYmnzn4QAUo1KSjJabUEhDunxftfe8qmWCkpr9azvJMppKKvQWYYxnzf,buy,BSOL,DaBqWWKszBeiTmVqYCW58W52UUhhVjRFMUw5swJwaSDb,3C6DqYJtehNVCoXAY39KyRdGViV8oxS5Wr3NrJKFPX6A,7Wf1mbZhb4dUVs4LLtZs4bvFAqKXzWsvy84FF7ZMkx6W,20000000,1370801919,14589999999999000000,126,0,2026-08-28 13:30:07,3uUnBEWBn5mzvZt42ZCDVHsqfWmCpTpJwewNbD97vVJuLkrbvELi537JDBFnDtog9dKRBkqELFswo2EAB5A1aZ4L,15343,2161448685333941733939375622950709434,1387231089,1370801919,,,1
2026-08-28 13:16:24,2HRZZyDcpgEwtrMtZqfmjvSiKed4qAVMm7PaT9NWhs8UsW8w8TBJcLGmfPnNkGJvJ3Vnhd8LfyPGXX9q3v982StX,buy,GLD,G984Yppzh9oj67r2QUJFBnSDaPDXHQ8SgxbgqsKatd3j,CHAcdTTgXG2GJrdaCNrYLMUbsLK6VEzkenBa6TnXYVTU,FcxaotztK2sdB8DTFMaBSif8DwzHW2hNNtTW3GdptC8f,5000000,11854914,421766000000000000000,156,0,2026-08-28 13:30:16,5iuoMAr6RP3XVRBGb9mfoa46qv9aNEWXeuwJNzLvu6vZviCZhv1mUgDtnnBMESYDg9suZmoKHTYkaU4Yzj2bh1PF,832,2161466253544268015935089836478390829,11817923,11854914,,,1
2026-08-28 13:32:31,TzAdcHBErLi4DB2P7KjL92FJfiq6RtyXissZDH4Ev7nfNQmSYP8AoHAhQh3x4QdfVqBss4aLopTrmBDmbfFUpY8,buy,GOOG,6a2yZjSpCncEyiPrB3ifnAJdqJVUNymu7vEvLCaySqmp,3C6DqYJtehNVCoXAY39KyRdGViV8oxS5Wr3NrJKFPX6A,CabgQHJss4f8Wm5eW2reXLhBNrmiL7mJ3fE3TLpWa3YV,20000000,59002445,338968999999999000000,106,1,2026-08-28 13:32:36,3ioTQSxkBdtM59ZbNFo6aeSa9DGnzBSZHWeFbCXa9e4ryXK8oTHmbk5cBLeh3K2Nfnoki6cdnrQGeNtgz5N8Pda,5,2161467403097320067546222593180302600,58883828,59002445,,,1
2026-08-28 15:25:18,5hgtWRQWYPcwHJkWZneL7Gce8ArmNc7FFpuVYPM7XbEVfrbxtQyDpRwDn772wwhv5jBfdnn9oXRtfdjMeWPdCuri,buy,GOOG,6a2yZjSpCncEyiPrB3ifnAJdqJVUNymu7vEvLCaySqmp,34aWqb8VwxywCTVVyHnZGoHHaqQw7MbjMTHbaaBTvmCj,5cjmFAEUZ3gaYhpN8Cc9Gvrgp6NKcHCxGxWYyLKrQhDW,2000000,5821041,343581099999999000000,273,1,2026-08-28 15:25:26,xYHTN9Y5uKZJh3o23SCpS6vsn8GP3qReCzA9xzGDzGZd693vKi4hdszkVtn4vBw6VgxrmfKdQXHTKCXe9qdsnmr,8,2161475603798472048380558864165407375,5783000,5821041,,,1
2026-08-28 15:25:31,5xtyt6WG9tBzwScgvwbWwb9zFunwoLfEdiFmWTsYyVBoMTBbBmsvSYyKjtXheW9M7zjBWkJazX3Xuz9fZrAYruhk,buy,GOOG,6a2yZjSpCncEyiPrB3ifnAJdqJVUNymu7vEvLCaySqmp,34aWqb8VwxywCTVVyHnZGoHHaqQw7MbjMTHbaaBTvmCj,BxakESK4AGHHXYHGFeYDzLFsyf88mhpJBcBfoEDirnP6,2000000,5821041,343581099999999000000,286,1,2026-08-28 15:25:39,cgFWvdEDMUtFT6CnhauqdTdU8W5maxx3S2URXrR6zfMM6qdhwTK4HhbcbteJH3bMcUtEP8vikWT4gPfSAuGAYPV,8,2161475620366826947297288127636903200,5783101,5821041,,,1
2026-08-28 15:25:40,48wtduwac8r56empEB1x1Pwx95BZx3jXSVmZTKRR84WHtMzuHYJD9PYCcpPrFWHfk2nrEMxo6mTVopp7aAp3FikG,buy,GOOG,6a2yZjSpCncEyiPrB3ifnAJdqJVUNymu7vEvLCaySqmp,34aWqb8VwxywCTVVyHnZGoHHaqQw7MbjMTHbaaBTvmCj,J7C4KAzYH2GvxwWK6qxzaqPdSnieHKGxedeAQuL4TymP,2000000,5821041,343581099999999000000,295,1,2026-08-28 15:25:46,Rz7sJ6DitgKhWt5JDuAdMLHfnBRzmoNj3u2NFjEkQVkr8QjGYU1TzevtWcKiNKSNUohbrPjbjfnSigBbHfhJT7b,6,2161475630863896267132276782469458966,5784312,5821041,,,1
2026-08-28 15:25:53,3m395YXtQJV92yd6WJ9MGZr8Z5mkddUnXb3Z2nUFTS8oQhyVc3E2u94M9xPnS2HPXACGoFAwtrtTQr6oDqGn8fsJ,buy,GOOG,6a2yZjSpCncEyiPrB3ifnAJdqJVUNymu7vEvLCaySqmp,34aWqb8VwxywCTVVyHnZGoHHaqQw7MbjMTHbaaBTvmCj,9a5gVeCmNKbviLgg95J4nkb2as3yFesMaqp7SH53EpYJ,2000000,5813269,344040500000000000000,8,1,2026-08-28 15:26:01,54Kh4mqL6Y8ap7neozyHf3BqBSuBkBAyKVWkrNJ8q2e5qneZVYFtf8vekF5weELUyh6aitQYKsUvo7ZjyojX6HiM,8,2161475646993399548525350569550511660,5782127,5813269,,,1
2026-08-28 15:26:14,38Lyotvd7XUe7AvY3Nny6dVZ8HXboairmDQwXPH79kK7LTYzaQyQiep2QmsDkmbLKZSDyQALDGL32TsbVb2DEHT4,buy,GOOG,6a2yZjSpCncEyiPrB3ifnAJdqJVUNymu7vEvLCaySqmp,34aWqb8VwxywCTVVyHnZGoHHaqQw7MbjMTHbaaBTvmCj,EmhLevpBqLrhg9VZsSw9iHomJ3LN4uP5uwtybANdZUep,2000000,5813269,344040500000000000000,29,1,2026-08-28 15:26:20,36UdBui1CVNx8Ui8XaZTE59ffwEHks5ogDoFzv6PAQEyxVqBBYVY3RQLrbW4dkJRjWmSY8Q6nctaN6YG4RptKSMa,6,2161475671246855399513422232045439290,5781959,5813269,,,1
2026-08-28 15:26:21,5u6cWHPJrpgiPRpnR1DojUZ1C7A6ZhrEoMH1MSdo4c1P5JWHHME6Mi9qDQHf9Nj2kJi5xYbUqSVAgNkC18dBPDP7,buy,GOOG,6a2yZjSpCncEyiPrB3ifnAJdqJVUNymu7vEvLCaySqmp,34aWqb8VwxywCTVVyHnZGoHHaqQw7MbjMTHbaaBTvmCj,Fk4cJyTFXet1VMjuzaajv6T3VSPiao46T9hoyG64yiPv,2000000,5813269,344040500000000000000,36,1,2026-08-28 15:26:28,4s28DTmtnRQ3FKWCvdL7JxEnPMCbj26hBgRwweBZNfNQeyMQ1K4aDqnWR7ZRJWNEhq8mXRSX3cCGkz78fSfWYFe2,7,2161475681132265621876436659828850939,5782227,5813269,,,1
2026-08-28 15:26:40,4Jm2Sb6aUqAUza3TqFAmJCjtiB9hZXEpeqTK3Z6PkHp1czvnocskwp9xK1S988pqpQDPfnsR8VtX9cjjFbxnWiqg,buy,GOOG,6a2yZjSpCncEyiPrB3ifnAJdqJVUNymu7vEvLCaySqmp,34aWqb8VwxywCTVVyHnZGoHHaqQw7MbjMTHbaaBTvmCj,TgDDNpQDsXa2dN3nqfTZQbX8vkY9iu8M5kh4K4qbjeL,2000000,5813269,344040500000000000000,55,1,2026-08-28 15:26:48,4ynTWXikyXmxzcCdMM2eBf75xVfTx9F7ok4PQCxGc5jHJPLDgG7dWAsWxx3m3qGxnuoFvj4eJgEcxFvmaDpKDJMx,8,2161475693876736466346709580342875172,5780884,5813269,,,1
2026-08-28 15:26:50,29Zq541TwrJTXbusQJr7NkJYZFRGKQopZcDX4Hr7kd9SDsf6oSzjjjQ6WVChMWPe1wXQYoaxQD2z8FzS1aZWoGp7,buy,GOOG,6a2yZjSpCncEyiPrB3ifnAJdqJVUNymu7vEvLCaySqmp,34aWqb8VwxywCTVVyHnZGoHHaqQw7MbjMTHbaaBTvmCj,APtBS6xuGLUoCiZ5u17swbJGGLpHDqgpyo8Mwt5L5VgB,2000000,5813269,344040500000000000000,65,1,2026-08-28 15:26:56,BmgyDdYWjW9xWL8TqMxtVLmJEHesHAsR8ykvAtiM6Lkt7efBkJpwaLa6VJVXouJAfKnNV6H8cJQBLckVLCEscDa,6,2161475714241092215396818978109263814,5780682,5813269,,,1
2026-08-28 15:26:58,3sERnxZQhozK9RmqAXigjXJgzHiBiUo3m4RKnSGwVGJcdNqGYr4Zr85JahSdfoCQLRfADSqfDrZ1F4VX7oQgnLcP,buy,GOOG,6a2yZjSpCncEyiPrB3ifnAJdqJVUNymu7vEvLCaySqmp,34aWqb8VwxywCTVVyHnZGoHHaqQw7MbjMTHbaaBTvmCj,AHv3qbmEFqgR1GaQUmM6vUeajobfb8PQzxsSRDpMS6Lv,2000000,5813269,344040500000000000000,73,1,2026-08-28 15:27:05,3mXQpy4dBAy77PbMMUYQh33YtaKADFAVce2TymxyNt68RQnmCQNQZrB1UifXs1v7PP9dtwaAR9jksfu3iS2h2rhF,7,2161475725782726917088478158338267128,5778567,5813269,,,1
2026-08-28 15:27:05,237bkiS3qCh1QKqHCLLq25xsKhyC575jtRKRM4mvoktbyRBfcJ984KYt885qZZzSNXSdHzyCywArZV8vJDvTWPKS,buy,GOOG,6a2yZjSpCncEyiPrB3ifnAJdqJVUNymu7vEvLCaySqmp,34aWqb8VwxywCTVVyHnZGoHHaqQw7MbjMTHbaaBTvmCj,7bZMSz3JMNG4eNPM9U281Kv3KND3o3L42tZ3TmERLqex,2000000,5813269,344040500000000000000,80,1,2026-08-28 15:27:11,2iSAdyqJywjYFpnKhqTwNN72JdoYY5mZZbAnNzWXhh4qACrRwDmdYBSVYWtLxDhtEqhhRGTgQceJN3f1S3Tvm3ZD,6,2161475733884926602635438385805575507,5775817,5813269,,,1
2026-08-28 16:22:50,3qLKvrnDE7kaZB2KtXu3C5ZcMie6NyapqU1AxZagBB1yfrbJEfA46pLxJYdsZmnmTqMWMELMUYS1mcF3XhEdJUvn,buy,AAPL,B3S7TuCmBPsNJW32SzRLBwbmWmgNzFBuHnBG9rdvt6K5,3C6DqYJtehNVCoXAY39KyRdGViV8oxS5Wr3NrJKFPX6A,8XHt8B7AFbcN1bdVi8GwmuappkAMN6awWN8y1MgaytGn,20000000,62313060,320959999999999000000,156,1,2026-08-28 16:22:59,VVFejX91Mrun3uYnvG4KF1Wy8bPFvonitXPrUjjQkFGicNDf9v6uCeS7qezXLcGXnrdRvgZRHujM2CfSEL8Eoio,9,2161479762004029948780061659334166844,62298985,62313060,,,1
2026-08-28 18:12:08,4i58oBZNkw7zUo29nfBv7Rz91pAbCbTB8S28tc5NbY2kyrYm3ZYbV6PkeaXZcRteKevYv8eEPVqDjd6pu7ycEKpZ,buy,NVDA,FkzjAJX584L1LncQb8AKSnGhc5sLvZjPGCgZLGpeHyTH,3C6DqYJtehNVCoXAY39KyRdGViV8oxS5Wr3NrJKFPX6A,3gtCowqfSp3ctKSJDgqk7BxnPRPvuZYwoZ7Pm1T11JJx,50000000,228611455,218711700000000000000,292,1,2026-08-28 18:12:14,2yh3EjtwsXpzFGzHiG6YEyqtzHUBHnCBQkba5hXMHBKCFQYpW6Zr3KU1acXZUVqAQSW6RXLEgiqKsxZhmfCdX4Uj,6,2161487696399351017993966360561102154,228486022,228611455,,,1
2026-08-28 18:12:44,4A3sT53VRKnhBbo7VHQLXFgzyn8bmi6sacmjGs7SV4aA6VnRGDGzZjaW82EBbULd4mnKLit3g1bykRZMavpADUtT,buy,AAPL,B3S7TuCmBPsNJW32SzRLBwbmWmgNzFBuHnBG9rdvt6K5,3C6DqYJtehNVCoXAY39KyRdGViV8oxS5Wr3NrJKFPX6A,DSx29Vn4use7xkKVAgeizHxrc8hXdiBPVmE99eaLffC1,50000000,156425979,319639999999999000000,149,1,2026-08-28 18:12:52,2Yapc9RVbmYh9G1G55X6v7JXVcYcQvdSgvsqpGjivqxCRAKUj8C6ase4Psghv7E7Dewpwinp91kRNtLkmPPBCGwV,8,2161487740369213105018889430146318927,156378060,156425979,,,1
2026-08-28 18:14:25,2XCvfuAiWSCb3MPe45f4BsZhRP5zEJAU8atu5jr5cY1eEMtzyaUWLU8Nh5eqYqZgyr4tYebFr5cNM1gjyEqeJY2s,buy,BSOL,DaBqWWKszBeiTmVqYCW58W52UUhhVjRFMUw5swJwaSDb,3C6DqYJtehNVCoXAY39KyRdGViV8oxS5Wr3NrJKFPX6A,J1XgNW792Y4SBWQYpEBL1w6dZ14LrDGtDsDiioefW63L,54850000,3849663110,14247999999999000000,37,1,2026-08-28 18:14:31,shqxePQZanV4i2hWVVxSMP836hqRrsPC94zRQsP5vvrPvMybXu2ceGgmFGov4opW7SdGU6xerGPc8YQoH6Hvifz,6,2161487859048219404444990509806136378,3848421052,3849663110,,,1
2026-08-28 19:24:31,4iyUbj4hQt23PC2xySGKkm6z8sqaEuZUDaoSsVaVUSvimrXHAewuRdefH7M5kZHkTaPSEpWnqb3kcbk4LMPNzZJq,buy,PFE,EG3rt93i4iifbhyEvmcJi13yb6E5uudJpbNWNBrE7W1u,8RnK5aFnioegaiu7YhPdfhEvVowxsaVJXJpNpciANbNQ,FxaSHtCoiYHUT3MFProyxqCbtjA3YcoMBHYBSx3afp3Z,4000000,143549255,27864999999999000000,120,1,2026-08-28 19:24:40,53Jkwr3Sk8PDU2PPsC4ezyhs6eDJiuXm3WUHWheQS2ZraZsC3Q9vxkmFmL7aV7ZGHeaeqGXs6z2Ly3wXmCPWs7Jr,9,2161492939295457938503222628426540471,143123610,143549255,,,1
2026-08-28 19:24:51,4YA84FBAk6BkeaNAy8QrNui2Ymc7m6RQziM8hAhLZWU5PKknRGpSFfrMrKHW6b6b9AuseBRDy2A6VN82P2HirSTi,buy,SMCI,AJA4fVUTXmjnRDmqqpEvMfTpBR9rXnQtJcRMy8e8TjaJ,8RnK5aFnioegaiu7YhPdfhEvVowxsaVJXJpNpciANbNQ,BkJYv9KAkZx1BtA8tbd72przPE6hR1CM6mT7g3HyyVN8,4000000,107388316,37247999999999000000,49,1,2026-08-28 19:24:58,KPizpgRccr29HfZ4WtAtoijzfN5C6irXevpyFkAirTTrbV1MMoWGJ1nnXu8Bixdj48Uwyygs15RCNwZX8tTKqUR,7,2161492969481101271145530956517148161,107004934,107388316,,,1
2026-08-28 19:25:10,4aSSFzURgzZeWg3toqan7zNSMWagevniH8WtWpo2M8G8ssFw9UfmjPCzt4gGWQQUSYPSaY4LnxWEuTDwyueFuSVG,buy,XOM,DwBR6tLSWzQ6ZDMJ7h49p7y6hQtE5gBxwEfQfLUmZuxF,8RnK5aFnioegaiu7YhPdfhEvVowxsaVJXJpNpciANbNQ,6iTSiJgBMUPCd5Ej7T7DZGGMb4iPh1jMJ6cKAaWHNbi9,4000000,25686635,155723000000000000000,98,1,2026-08-28 19:25:16,5S83hm5XpB6R7f3qfpMuEEQisKfk8nhLkgCq9b1k64krDCnN3n5HnXpH6TJPSAWCQoku3qv8hFud46SLnME74bbN,6,2161492990799315000405149288477269579,25618964,25686635,,,1
2026-08-28 19:25:33,42zNEMKD27zMub48Zchr4YV8uGAUGvZ9GB4eLxFtsKZcxYYayQq2je2Goq8giyCht2oZH8ujx1h9RyeVN2SHau6J,buy,AAPL,B3S7TuCmBPsNJW32SzRLBwbmWmgNzFBuHnBG9rdvt6K5,8RnK5aFnioegaiu7YhPdfhEvVowxsaVJXJpNpciANbNQ,FH88uBPmX6KSnbounQXirLqyoronLNcJMM1JLJQfpy3W,4000000,12508677,319778000000000000000,3,1,2026-08-28 19:25:42,3jTAyYkYcWpjCpMEUSu6kwHa9QLF3p3Zqd4XM3YUahVEtYYDN3J9E66onZR72hiRsPT2apG95FyV4qJmGsZgf8MZ,9,2161493013878919079240285236755749178,12477406,12508677,,,1
2026-08-28 19:26:45,57zuUB5XGjhryxxbhMyNns74d8wDNEsHGbLfmYrvaa9xj1djMNF3nM4oY6AGBgce9rdYk9ymhxFJApts1tiHqDRE,buy,AAPL,B3S7TuCmBPsNJW32SzRLBwbmWmgNzFBuHnBG9rdvt6K5,8RnK5aFnioegaiu7YhPdfhEvVowxsaVJXJpNpciANbNQ,j4Y8DhzYktFKU5xmgsytMyxAbH1tFdeoXrrq4XA3keq,4000000,12508677,319778000000000000000,75,1,2026-08-28 19:26:53,5WByRjtyLzjyoWJSvuD7m8WH977PqHLD9QUoe8JPXBEkwyJpN7J798hpdo5KgtMW1G3CyX7PgWZFcEmk3EhPmxSe,8,2161493107696389362641598630707834235,12478811,12508677,,,1
2026-08-28 21:56:26,3ksP4uH5aswdiPLX488XbfY6gkE41nCFPePh9HRt99QZyD5rPaL6UeRgiXJY5d8hsuWnmpv5L8c4jFNpcHuXw7NP,buy,NVDA,FkzjAJX584L1LncQb8AKSnGhc5sLvZjPGCgZLGpeHyTH,8ND5JEbrcXgJ1cT1X9opMxS7zePsJK5uBxH5jt6Rebyn,GRAtQSpH52DkMTMieAcVn7CXgYpSodqTC7L44XBNiqAD,300000000,1377685625,217756500000000000000,250,0,2026-08-31 13:30:40,5w4vStezUwzr9c5TfnGrMUQqJJ8XqmpBefunJajNMmBLKxN5HjY6c6gxEtPtMhUyXJxR97U7NrzWWn9Xn237e9fd,228854,2161503974838170760340599132256452192,1371570958,1377685625,,,1
2026-08-28 21:56:41,5nCRHp8Kd8oZfeRid9otU5fshuW8nBfvMsSE3x7XtApBPzCWDwhiwUiyfSFATpBYjQXYZS3ikVtsLrYrVAmtzdr8,buy,AAPL,B3S7TuCmBPsNJW32SzRLBwbmWmgNzFBuHnBG9rdvt6K5,8ND5JEbrcXgJ1cT1X9opMxS7zePsJK5uBxH5jt6Rebyn,81k2zv2x4ZPERt6e4kEsw6zXqnpmnuvy3Nw368KK8wCt,300000000,937690468,319935000000000000000,70,0,2026-08-31 13:30:33,2ihkJZrws3QseX5eks444La1wQ44SqttPs7UUiDFMQTviMjhfaEc2BMircVy11FymAGH6jZH95mK26i1ehMbxgHt,228832,2161503994687542720259083505225533726,938818301,937690468,,,1
2026-08-28 21:57:15,5pA8uaBMCGquf3SAzmLGMFWBUjLeRrBv9ZQxKF2EqcpwTv1m1ZCNtyYb323XyRFZcxwSx5Nej6yHuGfWcDtCWuqz,buy,XOM,DwBR6tLSWzQ6ZDMJ7h49p7y6hQtE5gBxwEfQfLUmZuxF,8ND5JEbrcXgJ1cT1X9opMxS7zePsJK5uBxH5jt6Rebyn,HEdBpRprgFMEihJTkd9pg1r8Uzd8H328VyBjvdbj4kHA,1000000000,6384171340,156637400000000000000,222,0,2026-08-31 13:31:37,3JucFAHvCs7Ghvm354khTidDWtGXdME2qabyusrAYrCZRiS5sW9dS5dRYaCQLYcvgLwjhkBkL45fu3sS3UMs5Wum,228862,2161504034605058621954926945748585842,6242134831,6384171340,,,1
2026-08-28 21:58:19,nnAQXKDqs8NXtBg46gdJJ9sS4jqLCrMLSQr5u5E2jnWgJ8Zj42g683tDCyiZCS9zXGmWQcC4pbu2WvBnikduLZP,buy,GOOG,6a2yZjSpCncEyiPrB3ifnAJdqJVUNymu7vEvLCaySqmp,8ND5JEbrcXgJ1cT1X9opMxS7zePsJK5uBxH5jt6Rebyn,BYnNE4ZTyib1G6GcTNj2gMCEdbuFCR9ZyaYK6ryVukUR,300000000,875592849,342625000000000000000,107,0,2026-08-31 13:31:02,2Bao4PbAbMvgGoipL4dMf6doR7JbAP7Hp8EBwGddzkG6habSeUPrmndwbE1eKqseJXGU498NiZiHVqfZchBJX31z,228763,2161504112907170620262570522746200416,882323529,875592849,,,1
2026-08-29 04:24:37,4TUYLNS3eoaj7D2sR19qXqscKizKKC9Gck2ZuDEx1SeEkNayad9SHQQHZMdVixjBCcVxXXXB82gjS7AL7spdZLhq,buy,BSOL,DaBqWWKszBeiTmVqYCW58W52UUhhVjRFMUw5swJwaSDb,8RnK5aFnioegaiu7YhPdfhEvVowxsaVJXJpNpciANbNQ,2bKuQqEduLP3rWrW9LpuYP49MeuEAzjzbNCMvFQ4NV5a,4000000,281114054,14229100000000000000,122,0,2026-08-31 13:30:16,4L3ZgebV5SMf8MS5Z68x27DFrivf83JLJKjThdLqNePA8hnBMFVN9Rjo2yhchF3HyBNtJtMeFJtRzzNveCAhnJw6,205539,2161532113457051925159032251868588418,282778171,281114054,,,1
2026-08-29 04:24:54,5bAYqYQ65emEDzvGG4MuH2UwUMkXeToFu5GuoDzqsceCSxQnwvuJxZtNZEVYHR2rnsjwRu7FoNjmVq1NTMsHTjpb,buy,GLD,G984Yppzh9oj67r2QUJFBnSDaPDXHQ8SgxbgqsKatd3j,8RnK5aFnioegaiu7YhPdfhEvVowxsaVJXJpNpciANbNQ,DG8ymNUAFUekBNcdXuuKewDzuVRppeXWHBdyfNAwNERP,4000000,9777130,409117999999999000000,136,0,2026-08-31 13:30:02,3kngWWiPd9Czj3VfoutXTEVQzCmwcafy4vjTrGvw5xMfMS3x3b34wKG1xCAQRrtYh1tsYthen5YDydA7bdYqHzmt,205508,2161532144971332624946862233280418567,9783488,9777130,,,1
2026-08-29 04:25:11,2vujASyDKeVGPTBKuKin15jxfrnXJyqdgKqDzn9J11k4sWAB9oGoJ7vLbmZK7ZzjZr7dUc6WUMLJTkDBroBPUcdT,buy,GOOG,6a2yZjSpCncEyiPrB3ifnAJdqJVUNymu7vEvLCaySqmp,8RnK5aFnioegaiu7YhPdfhEvVowxsaVJXJpNpciANbNQ,EVfEGXjwMNwudFmqNZqW8Vxcu4piu1mjC1bSJ9o7sMhC,4000000,11679582,342478000000000000000,186,0,2026-08-31 13:30:58,y6vkjzeD8VC3pKmHLmAGmjuBh2GrmJEHJ2eK961e2wUeXxNYfoFu7FNtMBEuJricnyAV9YWaVv2tesbNFz3rEX6,205547,2161532165225690197588345200276286507,11735294,11679582,,,1
2026-08-29 04:25:31,2nKPCnJMV5YJz33YcEmNe6ktR1dyKpiEJ7hHuNRZkJjwc15wLmyhcMbMKxsVgRZWBMyHj3gsAxgsbnSjxeZUdU6H,buy,GS,HbCB8kGqwaQi9Q1K9EvYjfbMnFjaAUMQAeR3k7PDAKin,8RnK5aFnioegaiu7YhPdfhEvVowxsaVJXJpNpciANbNQ,HX3a7tnKMoEDDBGPs5K3ZnRrCndKG6SLua7Pbab5ptF3,4000000,3870810,1033375299999999000000,204,0,2026-08-31 13:31:40,5w9pANaRkG2DpsPeM3KngFcrj6g7PC7yG3NEr6HDbC5AJnC6jrCvLAXYbgS8u34rfR4FUU7oMT7umQWjcQEfYKDi,205569,2161532188000632240016776926296698825,3873786,3870810,,,1
2026-08-29 04:25:49,eJHuWpJTD9icQRRq5VZadHmDCjgUfn1TbN9KbJKBN1EARUnYJzSLiyHDtRVy6hEqTvCZngyKBPRRsqJkLqZYhUu,buy,IBIT,9HfMBSLn26e7ZTDjjGRBVuF2wfEFoQeqCPMqz6ZK6PyH,8RnK5aFnioegaiu7YhPdfhEvVowxsaVJXJpNpciANbNQ,Fnz3ubu12LjR67tfq9hEWaNh4tDSYkfr14ZQLAesbZVW,4000000,90803841,44051000000000000000,207,0,2026-08-31 13:30:27,5SadqvGgzZV7n53pLdeJh8BTECpS35TR8JLAJwYNy8L66YvL8d9y2bz1n6pbUjNA2WDa4YpvhEEzXFhHqEWgAb5U,205478,2161532210350034478908920264606100218,90353260,90803841,,,1
2026-08-29 19:02:56,5r5MNhoNhnxjQdTBKiy3XyktgttL6gvTAonCCPxG6yH3PE4jn4t3Tk28defYESANxKmCgncY5bWrmEWQZRNHDvRc,buy,NVDA,FkzjAJX584L1LncQb8AKSnGhc5sLvZjPGCgZLGpeHyTH,FbmDobZRM2xbHzc7KXei32zKyMiSL7drTHRETGKSc5nX,AzZnNFPMp13SfaPELvfqj7A3V9got1RBFAz9a17HxuwF,10000000,45898698,217871100000000000000,21,0,2026-08-31 13:30:49,5zsEh8udw4zyNpZ51Ef8egvDS7DmQQdbAY9VgcgHmQRrcBcRLyeYxSVMZ5TDv9UBAhna57GVBMstWjGCb49FHkys,152873,2161595841771271663287312028900062765,45674835,45898698,,,1
2026-08-29 19:07:44,3DsRXHpTx5a1EvFaSMYT74kL6MVQewe9J3s1sQsGzSTHfPoTwz9DkhjcoPXN5jqhCX3CdhGDAdkXaEutXK91ghHp,buy,BSOL,DaBqWWKszBeiTmVqYCW58W52UUhhVjRFMUw5swJwaSDb,FbmDobZRM2xbHzc7KXei32zKyMiSL7drTHRETGKSc5nX,4kpTndCb7inBmCncsPGSgcVUJ4cCppwvehUBAE6Y13W8,10000000,702785137,14229100000000000000,216,0,2026-08-31 13:30:10,2M2qDu84CozMQBfsWui48mFvYCAPrrEYBwgmNnEu4iLzPXvwhMnQ4UNw5RLPGjgUWBuXDWgTVkTBe7qXNVaXewxo,152546,2161596189344724533246074628794535352,708008504,702785137,,,1
2026-08-29 19:52:26,3vZ281E36nTJpPn5fF4zLeTBbLHo6cqeezzcJ8eBMprXRdAtedvX5SzW4GULVQzo7G56Es56t4WPT6PJ4Kv6rmtn,buy,MSTR,2HxYoAmyFHPrfaecKPZdMd9dRjQ7HzRKMFSqMP6Z2mGQ,8RnK5aFnioegaiu7YhPdfhEvVowxsaVJXJpNpciANbNQ,8vQ18CcxowgLHZ73LmuYneWsfQD1phq7i8mT8ukb2eNf,4000000,31280792,127873999999999000000,195,0,2026-08-31 13:30:29,3zG48izuNC53f4SCLy2GJuChNJ5PNRyb61ad9r1Vkj8cpqr7LZ7C4tZsz88jCVuFBxZ9z5c8X9ynaCqySNYZ2xEM,149883,2161599408743185742896083208068465855,31031264,31280792,,,1
2026-08-29 19:52:58,5WjDeuGdJ1XMs5UMtqfTZ7ZxBG65BG5Q3V671oJgQvNmi97io7knyVeaRLBGoe1ew7auqsAvRbgCK5SKNtdP9bSt,buy,NVDA,FkzjAJX584L1LncQb8AKSnGhc5sLvZjPGCgZLGpeHyTH,8RnK5aFnioegaiu7YhPdfhEvVowxsaVJXJpNpciANbNQ,HsEwXJh5D74vBYqdDcqGLXKnUhmUVPKrgGw2gNSwjBjt,4000000,18359479,217871100000000000000,7,0,2026-08-31 13:30:43,5vTXR5UQfdp88cUkGf2WX7uC8KmxS8gtcYj1xbRwnvdvuueZxvGgdd8Unba1mwLJoaTn5aXY9gwBCcWZge4G4iAz,149865,2161599450694130370517822037995495405,18242501,18359479,,,1
2026-08-29 19:53:41,2J16C68oPJsjSPrEgRUovs8QspYMkDYEHdtHP8hhH3LYKcQ3JkCC4n1nbzQk1Q7xiZjZE8Thyc9P1cpNcGZW6ecF,buy,SMCI,AJA4fVUTXmjnRDmqqpEvMfTpBR9rXnQtJcRMy8e8TjaJ,8RnK5aFnioegaiu7YhPdfhEvVowxsaVJXJpNpciANbNQ,EcYkZ8rD2u79EakSZZuGan5wEtKGKFAncCfCeGHaghHt,4000000,107979699,37043999999999000000,287,0,2026-08-31 13:30:07,4AHZQvH8fqmF2QGpT7kXpgcGCkrF77FYSYJzLkaTTCqTwjYdJC13fsWqs4F8jFeHYKehkGye5fSu6ZMuqpB26Vhi,149786,2161599510491213317015271796485943951,109135667,107979699,,,1
2026-08-29 19:54:06,3MDmwR7zuTN3AsgRBk97htvo2fChL7MhNMzteZ23bpBqxMr5Rh2mSKLe1RHcmGBMoDxuQDmmH7sCBntAfjev3E9e,buy,XOM,DwBR6tLSWzQ6ZDMJ7h49p7y6hQtE5gBxwEfQfLUmZuxF,8RnK5aFnioegaiu7YhPdfhEvVowxsaVJXJpNpciANbNQ,GE98Zhg3ymRvHM87hEmiMPEH4AAnybKoNPJ6G96g5BXj,4000000,25478356,156996000000000000000,13,0,2026-08-31 13:32:46,yWBoXHkDqp6Pe2exqi3rM53FxppsPui5Jxs88YMd38M53yp7Ay18pW54yC9JxUEGxQSTK6eu6RXKVpRW2t4TrB7,149920,2161599537786361813610868255437854720,24859813,25478356,,,1
2026-08-29 19:54:43,5YQpyJyPGz6QFx9ZfRTnmDU278NcaJdrosBtyCeSD3tWXHi83Lv4aQBEoD6zEjonYnLboveKmUPeSFRX1FZZcdPA,buy,AAPL,B3S7TuCmBPsNJW32SzRLBwbmWmgNzFBuHnBG9rdvt6K5,8RnK5aFnioegaiu7YhPdfhEvVowxsaVJXJpNpciANbNQ,GgbkiUMeF3UfDpTn9B7dsXVH8STUEsVTaZCFAEBw9xCX,5720000,17874162,320014999999999000000,158,0,2026-08-31 13:30:38,2YFMUukHZfDH4EuUX2zdLCV8YdYHUGctpgt9P7A62XfK6LTpFQtcE1HfMxJcnJijYb3GhYZ25dwpWbvnSmdAHNqX,149755,2161599578207992865043483512099918272,17869437,17874162,,,1
2026-08-29 22:18:20,431nth8htuQLsZCrYqtJFLBnfm4hyG2kLupVwjRr5ngfK1JAyZ8w8ccGMAh5217FVRw8y87RcUFzM6shiN7DgB2B,buy,GOOG,6a2yZjSpCncEyiPrB3ifnAJdqJVUNymu7vEvLCaySqmp,34aWqb8VwxywCTVVyHnZGoHHaqQw7MbjMTHbaaBTvmCj,AsUwau5mq7cPeZho9EnDZSB8Qd8WNvWiGcH1rxnsVtGS,2000000,5839791,342478000000000000000,13,0,2026-08-31 13:30:59,5tmSxBqAJASLtr4K2KVyGm4eaHdCMDXjBdoV2WxNJ1ode8cPCFLeADdCzhdtpcSN7oWo26Cb7S57SokdDciyUBGg,141159,2161610012903701273117617151173220426,5852941,5839791,,,1
2026-08-29 22:18:27,335JFhu2L7ucnEfD5Q7G3etD9ohSJ15ft5GBnfNR5p35NBA2MC8uRoCwDFQ98MSBsy9L5FvxtcAaonrop2bBN4pJ,buy,GOOG,6a2yZjSpCncEyiPrB3ifnAJdqJVUNymu7vEvLCaySqmp,34aWqb8VwxywCTVVyHnZGoHHaqQw7MbjMTHbaaBTvmCj,9jUJJyfjkTxUQKqUFUMVW95xrNptLBfBKvswTCAFf8XU,2000000,5839791,342478000000000000000,20,0,2026-08-31 13:31:19,4g934VnyfPwwjRCavucibTjfHz5xFB5yreFpLgn1B21umMa4vvh7wcMyoMUVpL3DAG4M4cG7yHz5GRb1vhDZdv9h,141172,2161610023892859755439816219087201129,5852941,5839791,,,1
2026-08-29 22:18:33,VBrMkjQxYjq8smH2DmpvJAUVifWSGedU76YAHQ9bRBZnsB7eiDYVrxvGbcBEYGBFr8LEVHP5xFKWBj811mTqfPR,buy,GOOG,6a2yZjSpCncEyiPrB3ifnAJdqJVUNymu7vEvLCaySqmp,34aWqb8VwxywCTVVyHnZGoHHaqQw7MbjMTHbaaBTvmCj,GcpgkxTjWprLRVbh6B2WyAcyMEvM4Fai6T8YBhNKmeXQ,2000000,5839791,342478000000000000000,26,0,2026-08-31 13:31:27,2s3doqeDq2cd5PbUuK1nQR2yEdsGPm1V1kNMwy6z8kyx73HCann4vefdVjzuKhkxiZSDr67zxVPujB5EfF7KMpui,141174,2161610032011986539506615928007848578,5852941,5839791,,,1
2026-08-29 22:18:40,4o9pQEADb3crdVMC66kytgT7Kw9TMUPkEnCuczBKhZgckXFAo8BeXMMCGifMAzDx2HxWKywRXEnPkq8XU74Ehy1u,buy,GOOG,6a2yZjSpCncEyiPrB3ifnAJdqJVUNymu7vEvLCaySqmp,34aWqb8VwxywCTVVyHnZGoHHaqQw7MbjMTHbaaBTvmCj,AkxTSEJdrwxrSYZFDCLYhggFTA1CknuTAqeSGh2EQn4S,2000000,5839791,342478000000000000000,33,0,2026-08-31 13:31:25,3o5Mnw5QPkEwELvjr3rz4GBopBAEWiMJZiRitwJvWER99ztyBmWZoEwiFigehtdRZ29idc1tVa6Vc9Gep6qGqVJK,141165,2161610039616148575292253391585257066,5852941,5839791,,,1
2026-08-29 22:18:46,5Rsc8AYEYodvY2APfE1R6jh5JcthgKKpTbsbgyaE5EH1BbXcx6zexcSU2EHipfsrgVUW4rouNGnf18CQWAp2FrkC,buy,GOOG,6a2yZjSpCncEyiPrB3ifnAJdqJVUNymu7vEvLCaySqmp,34aWqb8VwxywCTVVyHnZGoHHaqQw7MbjMTHbaaBTvmCj,DTDPdU9GB63rxztNv4LraG8UYuWnACaqVD2mmxmYRi6L,2000000,5839791,342478000000000000000,39,0,2026-08-31 13:31:33,3zhXEN8YVA12eibQbGT8C3eNsazKcGjMcnrrevCRAtPBBmDfd18x4GwU3iGMa3kxfkvYyfevhTqSu5o8a4iaHVxy,141167,2161610046947083770090117275284525759,5852941,5839791,,,1
2026-08-29 22:18:52,43c4rqEw4jW2Sdt8GdcDC6CksSiewbTfbhQfqi7ac5C9w8TagXh1M9BEURMiZvuCWSPHBQFoEE1LgCjNenZcYQ5P,buy,GOOG,6a2yZjSpCncEyiPrB3ifnAJdqJVUNymu7vEvLCaySqmp,34aWqb8VwxywCTVVyHnZGoHHaqQw7MbjMTHbaaBTvmCj,28smWmxos38CqgCHWEv98L8vMDe2UfZDCAfuSFctJPEq,2000000,5839791,342478000000000000000,45,0,2026-08-31 13:31:23,5AtGDCojMv9oFyrueudFp9KL8KG17Q6f6U3HwA5cNrEUtk159NaxaTrmMbw6je7yq5f2cxgAaNG8bbXPgxqXVZXy,141151,2161610054379529915209274406778864616,5852941,5839791,,,1
2026-08-29 22:18:59,3L9UT3E5cNKSEjMDD8wTGSFnkE56ojDHJmkH8L43hn8RNLB14oLhcnd2ZqEBD2ZTDRfvS5ZyAdHHHwwsk4kv7n6o,buy,GOOG,6a2yZjSpCncEyiPrB3ifnAJdqJVUNymu7vEvLCaySqmp,34aWqb8VwxywCTVVyHnZGoHHaqQw7MbjMTHbaaBTvmCj,HCy1Kxn2911GjYMiFJwFd6qRpu3718nyXq4gQhUThBVe,2000000,5839791,342478000000000000000,52,0,2026-08-31 13:31:09,46DkA9ZMtWJsGV9GPQ3Rpe2tAWeSrHUTSMJur3DQ7Pi2ydb2qLXMjhWmWsYUJtEVoY21bvmbU7pWMAA2yq4RtmxJ,141130,2161610062609901323663247544762809263,5852941,5839791,,,1
2026-08-29 22:19:06,2LNzMqhYjJHKADntpBDpUAB6piC7oR1ccn86sxi24GPdm2LzxHYZJyqAqVYDiJ5ZjSSe4WJk3opr6LdGZu1CQqqe,buy,GOOG,6a2yZjSpCncEyiPrB3ifnAJdqJVUNymu7vEvLCaySqmp,34aWqb8VwxywCTVVyHnZGoHHaqQw7MbjMTHbaaBTvmCj,8Ph8PFVYDDQXFm86ntvdZwGcrfuVwHdoDc7D3mTRgMkn,2000000,5839791,342478000000000000000,59,0,2026-08-31 13:31:15,6BraFGRJPBnjBQ6s64CVnfLApMQm9zbLDL6RZB8MEXKiA3UrJcpX4jN7JzBzn16z1DYVWCsQaaEfRZFphFcqT7G,141129,2161610070794339910905812092681086428,5852941,5839791,,,1
2026-08-29 22:19:12,VKmgMgSsToNTvWZWpcqZEYyQx2ejrLVaaFTj687D2B6NbyH1BETTU55nTg4yuVPANutKT28QZNzNvmvTdVudoYp,buy,GOOG,6a2yZjSpCncEyiPrB3ifnAJdqJVUNymu7vEvLCaySqmp,34aWqb8VwxywCTVVyHnZGoHHaqQw7MbjMTHbaaBTvmCj,ByXiRn4jvMMRYjQk6LAnw9TDzcK4biaUP14rUoXRKNtS,2000000,5839791,342478000000000000000,65,0,2026-08-31 13:31:07,HZMGLGDkdhvbJKc4gtWXVYHMQz2ceQFsDq1LRGk4NcSEysmKLzLr71FmFZK9C4Qu5WdA1KQn62ChffLdhWNjcKB,141115,2161610078560492531151800452129771141,5852941,5839791,,,1
2026-08-29 22:19:20,23uTKHNewQSim75yrEtfiLzaVhu8UiuiHqn4kbSgEocjseSYhqHezb2Vfh5TcnVJ8Bpk6j733V8JT2mToko9ygHe,buy,GOOG,6a2yZjSpCncEyiPrB3ifnAJdqJVUNymu7vEvLCaySqmp,34aWqb8VwxywCTVVyHnZGoHHaqQw7MbjMTHbaaBTvmCj,GirHSavYdSb553uhZQiYEW2WCwCRBmBXa17dGmtbx2Rc,2000000,5839791,342478000000000000000,73,0,2026-08-31 13:31:10,38QE8VXsfGwejcr1fmT6j6vMtgaS679Zeu6UHSWyWqe7oDbHWNqCoxc8iU62YXAFsuCUddvd55B6caSu65j44G7j,141110,2161610087615346642497909359436880991,5852941,5839791,,,1
2026-08-29 22:44:01,2dzYcnhpr1GGgZb7ZiHTj8bCjnPGGZhu2VSL8vACbdbrwswyqBE3UL6zzVZ9equxc5d9StvHtHN1WFpdXwUZ6jTL,buy,GOOG,6a2yZjSpCncEyiPrB3ifnAJdqJVUNymu7vEvLCaySqmp,3C6DqYJtehNVCoXAY39KyRdGViV8oxS5Wr3NrJKFPX6A,7oTu9GCCLfXjp6aMzdWot3JQJNpoNRz1aKnHZWcyLPvY,43000000,125555510,342478000000000000000,55,0,2026-08-31 13:31:20,51f26as3sW51DBxUSQWqqbRAHwKvkZUozPnos6Ku4nQ63Nh1P3pSSNGfRyPfd5f31xyoBRHBewiGTyFHpUegjuiJ,139639,2161611866445701905360634398038086081,126441176,125555510,,,1
2026-08-30 04:50:21,2hW9CSHeMpkyLofVQVr16qMH6oRd8bjY9WppJc8kFiMrVEoqKYWUJVE7WMH81VXuvWvQUitWoj7fQKfmK21M6Ju,buy,BSOL,DaBqWWKszBeiTmVqYCW58W52UUhhVjRFMUw5swJwaSDb,3C6DqYJtehNVCoXAY39KyRdGViV8oxS5Wr3NrJKFPX6A,BptuxhLr8sFxHLY4KpSp6F5qpHd4n8qNtTmK7cpBWCM2,20000000,1405570274,14229100000000000000,41,0,2026-08-31 13:30:19,ANbJHpq9en4ofgxaaRzMTjGTDtVMFf2yXkTzke14hURNihWc42BKGMM4Mwzhnu4b2zpBTK9h3duFJ88DNXdrN64,117598,2161638430128016463761854730379291571,1416725726,1405570274,,,1
2026-08-30 06:39:09,ez9d9rBdnMKLno7dGoJFt8gVipQtwnSDpDhu3VcYRfau41NrXt6xTS4UKExpR9dV8G7Sy3sGj1H8VQg6CsRceQf,buy,BSOL,DaBqWWKszBeiTmVqYCW58W52UUhhVjRFMUw5swJwaSDb,E1EuqZULkbXNq7DEcipqazakV4arZemM4mmqczr6Nczf,AJzjZfJR996HuZ3hne7875ock4BAcojqTGAa7YDy7J9z,20000000,1405570274,14229100000000000000,269,0,2026-08-31 13:30:15,3onPNmKWzZQudYbmugHW7uyK5ETkSEcZp4ytXp4Gbpc5C2EXAvnm6sfFj9qVFCQeWSa26sdMvkh66kiX2NM5DYw9,111066,2161646335244392197905873393323809790,1416725726,1405570274,,,1
2026-08-30 06:41:26,aCN9cU7LAFwh6dJ7GSikXrid43eLyuy3kzH7DPUZpSxxCNAj76sbLAiK34JEmJ4Ueuei4SDxfiDWhtPb8BKMSQJ,buy,NVDA,FkzjAJX584L1LncQb8AKSnGhc5sLvZjPGCgZLGpeHyTH,E1EuqZULkbXNq7DEcipqazakV4arZemM4mmqczr6Nczf,k9gW8k1c9PGw98WVdYe2PBMohQos5paD8ZWAVhXVfdT,19190000,88079603,217871100000000000000,213,0,2026-08-31 13:30:53,5uEjwCruRVoBmifPfVh7eXQonc9CyH2pnyavAg4GRAbceKAL1LahiE6C8yZ9xrStDB15d2cSEbCTBSYVz9ihgNFm,110967,2161646508362565859315710482509077482,87692026,88079603,,,1
2026-08-30 07:15:01,34JQTp9K4uHGLi9h7QFzk7hx9zbNoECAN9DGo3kAjLMJZmuj1FMsM7ziHVsNBo89mD6QhYbrGSQZzzsUd9SSniTo,buy,NVDA,FkzjAJX584L1LncQb8AKSnGhc5sLvZjPGCgZLGpeHyTH,8RnK5aFnioegaiu7YhPdfhEvVowxsaVJXJpNpciANbNQ,BT5DvUxQv6WsuVvGkDdtJESBQguXGdR4hhoBzzb14wGr,4000000,18359479,217871100000000000000,113,0,2026-08-31 13:30:50,2iRDxaGVntyn9CooZzvYwDE4wkfjvMHjvamVtDusPAirwBpQvfzXJRAcQ7AkuHVogaLuGDZL6tjpspU2y3wr4MR8,108949,2161648936681090052941637144436172597,18242501,18359479,,,1
2026-08-30 07:15:24,2YxwXuifgG7xxCmMoiLChdjKN33C15KPaDMhx7m63VEhnNQtmocj5GrJxgyiXrwdGYiAwzqHisBU4fHyAKCeSczU,buy,PFE,EG3rt93i4iifbhyEvmcJi13yb6E5uudJpbNWNBrE7W1u,8RnK5aFnioegaiu7YhPdfhEvVowxsaVJXJpNpciANbNQ,DM6CpTdnfNHoNa6sMN6exnAbwNeUURBnoZXd3HcMtiwS,4000000,143117821,27949000000000000000,105,0,2026-08-31 13:30:25,3MgChq95xiTv59fRbSv343Rgo2a2STxBJ6uMVXHN4Xzg7VFZprmuKFqFFjdKRfRvebNiEMENxNhUoykFrBfjDp1s,108901,2161648960396557181032183838285981670,143267504,143117821,,,1
2026-08-30 07:15:41,EiNPVNpiRgvXeEDg3fMED3VUqn2xPeKdTqXpxmkHsnyhAbs1LbK4Yq8xZFfRdHyynUVEjX3Q2fiDm2BP6GmoP77,buy,SMCI,AJA4fVUTXmjnRDmqqpEvMfTpBR9rXnQtJcRMy8e8TjaJ,8RnK5aFnioegaiu7YhPdfhEvVowxsaVJXJpNpciANbNQ,F5XKnX7wMoEZRk2RQcrS8s8NEfL5FykgEhNF7fdL4Tj6,4000000,107979699,37043999999999000000,74,0,2026-08-31 13:30:05,2ach1UgRXvLZe5ikQj6eEsU1dDohE6PD1j94AaVEZuJuoQQEbz8qAgc3hudeESp8AQ3ZBWuAPwXErNtrk6dvmnrn,108864,2161648988778535523404035115656590866,109135667,107979699,,,1
2026-08-30 07:15:54,2MTrULZcm5vdpr67FoP97jaiKB7DLxpWFGFCtPckFKfAdaUMaVcLUPkoEPgyBjoCbWPH8cDDHHxifrr7u9tfiWKv,buy,XOM,DwBR6tLSWzQ6ZDMJ7h49p7y6hQtE5gBxwEfQfLUmZuxF,8RnK5aFnioegaiu7YhPdfhEvVowxsaVJXJpNpciANbNQ,4aBS1MKekACrFTtf2JfubTFTWBvCMYBy3NEJfBTHU4Vi,4000000,25478356,156996000000000000000,89,0,2026-08-31 13:32:48,52GZG5KtpC7tS6XZEfnzTFEhvdP79YTzuamHvVrWajxz2GRT5MzHyMst1PKcj8519LEDwX8br8ak9YxxHBxRJKo8,109014,2161649003225185236140249486881939864,24859813,25478356,,,1
2026-08-30 07:16:08,32K2T43SyEXSzniEqX7VddPYqNHdhvkWzqnY2kGeteLv5ET7oAYWJcG8Dci1qVEEsEQjSUfmoCLCuDUteTyWtyFu,buy,AAPL,B3S7TuCmBPsNJW32SzRLBwbmWmgNzFBuHnBG9rdvt6K5,8RnK5aFnioegaiu7YhPdfhEvVowxsaVJXJpNpciANbNQ,EqFjURcJZV16jwUJDiSo4oycRmJoAfqiVgsNXJRPvWy1,4000000,12499414,320014999999999000000,240,0,2026-08-31 13:30:34,5Q7TvrYc9CMaQjq5HQSj7myuBD5yLxXw6mACs6kCit9bSAib5wuHMzYewxpdSos5CTWixg5jANMVXoNpCauzJjCi,108866,2161649020839221349627084250224799984,12486699,12499414,,,1
2026-08-30 07:16:26,45yATBapK1RDLEwkcQwJzL6NsW2CPR7vDPfVVzpofQLQi8pSxNwT1S9h3Cz5nJFQsNp4LBxdyNff7CakYmTgPvgV,buy,BSOL,DaBqWWKszBeiTmVqYCW58W52UUhhVjRFMUw5swJwaSDb,8RnK5aFnioegaiu7YhPdfhEvVowxsaVJXJpNpciANbNQ,79RH783mebjfUUzFKTWPusDRdzq1tWx2fL5h61d5HsW8,4000000,281114054,14229100000000000000,106,0,2026-08-31 13:30:12,5TkJba1S94fnaTMbf6m4soAAc6o6GQkRd8UwN58gkCissTVLbqoRBiu7jXTaEtvQdGAuCCvRVHirysbsaWZBnsCP,108826,2161649041921691091923794788220523705,282778171,281114054,,,1
2026-08-30 07:16:38,e346P3Q5kDg17DmmaEMLpmffrt9qr2AS9Qp1yvez1exZmqFSX23zB9cGBTPSjq5LTHyKAxrytndXo4QKGM1koeo,buy,GLD,G984Yppzh9oj67r2QUJFBnSDaPDXHQ8SgxbgqsKatd3j,8RnK5aFnioegaiu7YhPdfhEvVowxsaVJXJpNpciANbNQ,4fBhJGphiTUKrhhJ2YdoiY3zbv1Yo8ZEi9j5yyDvNsgo,4000000,9777130,409117999999999000000,101,0,2026-08-31 13:30:01,2gRbwKESK4JS1d1y5GNuwojotWMosptxst6MfvUYDqTkUqsJQYgzLXpRpXEMDrxfhPoMuodGi19UHLWQiGiJ9MTY,108803,2161649058429565615686372250404284611,9783488,9777130,,,1
2026-08-30 07:40:17,3XQcwLDQnocTpixDYnFu4q238k4tEWUGytXwLQc4w4YTxufQ79Gq95BzGgZ4DJiRRh6C99tpsu13A3rzd1Y6h3kG,buy,GS,HbCB8kGqwaQi9Q1K9EvYjfbMnFjaAUMQAeR3k7PDAKin,J5SS8KD7jMoEdcmZ75a5DsQQEivaZLmp5LgvrcPRvAB6,F3CKGo1FnyPyGtHqqzAkQbMzj2cWjoT7JxBLMS1VRYFo,10000000,9677026,1033375299999999000000,53,0,2026-08-31 13:31:39,xQdBw1RGBxwXnQsnfVDWThNMwu9Je8CZmcRwJyDhFdpjfrdzhRt3YGTVNSNp2XKSQYBbsj8vKwQf8QM155HL2Qx,107482,2161650772375708078466842238752856998,9699029,9677026,,,1
2026-08-30 14:49:56,4iWUJRm3LEtfbV5RQpscLyGVSyHiSdfjN6upGW4f7iM5WfpCLr9nPQemrwctMychDhAjNu9UjTMrm7JB1XBhL944,buy,GOOG,6a2yZjSpCncEyiPrB3ifnAJdqJVUNymu7vEvLCaySqmp,34aWqb8VwxywCTVVyHnZGoHHaqQw7MbjMTHbaaBTvmCj,52jbJ2o15SpL3eEZVVHM3nEXsZKC3EXQZitHkQBcEeDy,2000000,5839791,342478000000000000000,91,0,2026-08-31 13:31:06,6s5sTmwqQ15egs1qK64FEYdfUTDLGxgi6rerjtkPX9NcE36fCSaTDWVWmKzQPwGvPZhfkxR85sDDiv84CaFRS5Z,81670,2161681939869955919967261594185440188,5852941,5839791,,,1
2026-08-30 14:50:04,456vLy9nh8ZzTXmqKKHiQhP7Q5cr6pHeWYvUTB1aV1CmJxXaHMsS3iQm9ksvi6nVH64FRugzGv3CUzVnZKtk914J,buy,GOOG,6a2yZjSpCncEyiPrB3ifnAJdqJVUNymu7vEvLCaySqmp,34aWqb8VwxywCTVVyHnZGoHHaqQw7MbjMTHbaaBTvmCj,HrNhGMGJdccDmoyLzhNbcFkrt2nCQ5PHvZs8oMf5CAY4,2000000,5839791,342478000000000000000,99,0,2026-08-31 13:31:28,4rAFbMJTYEgHDsE1X68aJ1jP5N3kTfuxA3WN1Q1pjxc11e43kFC9qNtnF3pyS7PkiUKASj5wYnrSJLvdw4rBxGdp,81684,2161681950685026224363158288749436111,5852941,5839791,,,1
2026-08-30 14:50:13,56UYP4x3wwzUAwrFSgvhvfqyG4pzyfkJa6c35vsuaaD276gHN3mKQqLegLzUZTdyWxZkcTTmaQq521k9HAaRegwk,buy,GOOG,6a2yZjSpCncEyiPrB3ifnAJdqJVUNymu7vEvLCaySqmp,34aWqb8VwxywCTVVyHnZGoHHaqQw7MbjMTHbaaBTvmCj,8dZrSxbxrRquccgbtTAf94kw1SKJ7j3Rh64uv4jA9bY5,2000000,5839791,342478000000000000000,108,0,2026-08-31 13:31:04,4F5BSMHyQ42pywgSVwNbDUEFRBP6q9erTPbWFw9ETZtz9H4QqeqTjuLawzrGSREeNUGJkMva4LXsyHbWZDmC1mfH,81651,2161681961092646323183863142815710722,5852941,5839791,,,1
2026-08-30 14:50:22,4FQR5aZxy2M25C6izhSeEcQ4oprrFf2MpDtyHX7JeR8zTdxQz9T64XZXDMRWbL3xEqCn6RuCA5V6B8CU4UX7LJi9,buy,GOOG,6a2yZjSpCncEyiPrB3ifnAJdqJVUNymu7vEvLCaySqmp,34aWqb8VwxywCTVVyHnZGoHHaqQw7MbjMTHbaaBTvmCj,HWXoGzdTYs4JfxiPpT7wJzb8AuwKpKcH19BDVnBaoZSi,2000000,5839791,342478000000000000000,117,0,2026-08-31 13:31:14,2XkStmWxoDQjh5oXZMLzSccioPwqRcQSLeaauhWZ3amDtGnbiroJd7vEvhYpmRzjfKi9smuXDRi4zw4L9yFfe15r,81652,2161681972460184232076913103077136406,5852941,5839791,,,1
2026-08-30 14:50:29,64e3BgxJTtLkvtiYTCn8gejLJKkaKJc7puba5yXqmQ7qWAkv298SscYV5UG3ekxVKfHbUHdM8aACC6VHXawzWbUD,buy,GOOG,6a2yZjSpCncEyiPrB3ifnAJdqJVUNymu7vEvLCaySqmp,34aWqb8VwxywCTVVyHnZGoHHaqQw7MbjMTHbaaBTvmCj,6mcS8GB1rmdQCTpaHUgQLGvcDKdsPtAbtHRYYThLB388,2000000,5839791,342478000000000000000,124,0,2026-08-31 13:31:32,5zr2vEyawwbdmKXYiydzrTXeVML7ecbFC1BXjdtdaqZMsyxj1fBfcYE3jmWaBzEjRrGfhBEn2LDUpXHY3QQ6tcfL,81663,2161681981151154294465062808258143856,5852941,5839791,,,1
2026-08-30 14:50:36,gRGJxLidCi6ioF3Dr1trWywPfeFVrRs1huW7wbG42KPc71eopzsRte9Nvhoc4zQUp71bcYwm16FFs9ozTXx9kRS,buy,GOOG,6a2yZjSpCncEyiPrB3ifnAJdqJVUNymu7vEvLCaySqmp,34aWqb8VwxywCTVVyHnZGoHHaqQw7MbjMTHbaaBTvmCj,HDdAk6GL65SpouQ8q4upp5FSBMn5RsDEV7cb6pmdfydx,2000000,5839791,342478000000000000000,131,0,2026-08-31 13:30:54,3DBtbL37HicknvvD9qX6EU7C3Va24rXNETKGYmi9a3RG1WQUPge5BF62ez9X8ULrvBRQKY4c6udWiPA9E65btvYy,81618,2161681989884418014053064547909948693,5852941,5839791,,,1
2026-08-30 14:50:45,6xqRDHhWur7TDrRzd8T9EGLmW912h4jAkACGydw74WvtfCmWaSHozgp6CktMJMYVSUpnognYdxSPWevdu8aHkA2,buy,GOOG,6a2yZjSpCncEyiPrB3ifnAJdqJVUNymu7vEvLCaySqmp,34aWqb8VwxywCTVVyHnZGoHHaqQw7MbjMTHbaaBTvmCj,DMUW4bfLN62zTHneMouoZDoLV5WTEW7VwQZUUSNeJoqw,2000000,5839791,342478000000000000000,140,0,2026-08-31 13:31:30,3ScXaqxjcrHLZjqES2AH8fW9mshdFKTDffQh3DYy4xBGL8gMgwGhMjxwPoqJVMbf11vUrRfyPW6r92BAZojs23th,81645,2161682001162501966636807006385414733,5852941,5839791,,,1
2026-08-30 14:50:52,2muQHF3ij4Ep1rvChDYPgzbjrdzHUPxA4FsZ67FAujrqdu6QWePzzQtq3cEMPdKj8N7hpFbCLsjcHW1Kt7HZQxCx,buy,GOOG,6a2yZjSpCncEyiPrB3ifnAJdqJVUNymu7vEvLCaySqmp,34aWqb8VwxywCTVVyHnZGoHHaqQw7MbjMTHbaaBTvmCj,9x9v74Whuqen3oguDQsQJChmyXxis3KSmq9ThgHhcodv,2000000,5839791,342478000000000000000,147,0,2026-08-31 13:31:22,4LhS6uYQ196oYXFGfuM4HgPLvMUJhN9whANvXv5jMLHCvUfGhiMKj5bzQaRtH7v9s7muvY8kuSwRKvLmMYKSL6Hd,81630,2161682009531904435021361714102241247,5852941,5839791,,,1
2026-08-30 14:51:00,2KRGdquZR5c3XWbZJxLkxu6Q2T8FUnLsxy5ajmZp71vXVVURxTkdZNXyUJbTsSHcmHhF8Y6HCtFoGEYUWivAEDbp,buy,GOOG,6a2yZjSpCncEyiPrB3ifnAJdqJVUNymu7vEvLCaySqmp,34aWqb8VwxywCTVVyHnZGoHHaqQw7MbjMTHbaaBTvmCj,5sjdMgMQnWYFuJBAshTWtgQKo6TsqgYiVEEeRrtTjwhX,2000000,5839791,342478000000000000000,155,0,2026-08-31 13:30:57,3QJtcNsALsAujW5L3dWZt36sYbtDARffHd3kAeARdBZkxT1Er1Xg94wHDpoufYgec2QgTupsfeHTCZ7KUmyK9LD,81597,2161682018623021065027026989783845063,5852941,5839791,,,1
2026-08-30 14:51:06,26fxtAXu3hL91z2sKYwaQtT8UGmSGbdGS1hW9UD63Q1U6BdB22PTRoEnSXZ2DgD7KFKyLY7SsdMs8tSQsNBoucRo,buy,GOOG,6a2yZjSpCncEyiPrB3ifnAJdqJVUNymu7vEvLCaySqmp,34aWqb8VwxywCTVVyHnZGoHHaqQw7MbjMTHbaaBTvmCj,4ywszv3AgpCFbL3mkhJTLzQFjGYizcQvjmac5tSvPNxQ,2000000,5839791,342478000000000000000,161,0,2026-08-31 13:31:12,3U8h91C3LymZtRHAcei1Pskhf25D9rfy36f77kauWsS2Z6ZJVPHQFu7TJufhpvyHzqrTtRFW4sryDydUuTbCmVk4,81606,2161682026803835074246385360173181224,5852941,5839791,,,1
2026-08-30 17:49:04,2QMDzFGhLcyjVanYKuhFxX2VYWwfs7UPCbhbbL7hp2AGVAogXyBrsngVWHGjt78fKe6dxfne4b1syJF2BfmAARpC,buy,NVDA,FkzjAJX584L1LncQb8AKSnGhc5sLvZjPGCgZLGpeHyTH,8RnK5aFnioegaiu7YhPdfhEvVowxsaVJXJpNpciANbNQ,9591HTzNG7EnmKEpydL9fpDr1wM3xt5AyzhRqadEzxws,4000000,18359479,217871100000000000000,54,0,2026-08-31 13:30:44,5KUgHBG4Pz75wAiZ3JQqd2YmLGi1ZUxkdTnjeWA45CdZRHPyoJCE8WCCefoyo7nbBt3eKaXJhCTZEC3YSip38gKb,70900,2161694920426843787829575342799105695,18242501,18359479,,,1
2026-08-30 17:49:21,273gZgiyQgDoAwARPJRoSShZqqncLcXQRLuRdQVHSE1nUtV7n35xvE8R4g4gXrb1ecVasRnGZYTbVAetWtv1Vzrc,buy,PFE,EG3rt93i4iifbhyEvmcJi13yb6E5uudJpbNWNBrE7W1u,8RnK5aFnioegaiu7YhPdfhEvVowxsaVJXJpNpciANbNQ,GsA9x3iy19eVFLs4XZXoD4EVtMyDLTauHG7W6yc8Nyst,4000000,143117821,27949000000000000000,40,0,2026-08-31 13:30:26,194Dw51N6XFtY6CRXNV2DNmnfwRwFKpypMReKfVcCGUdwKiuhJyKgosybw6E5ncZtWX5Nbk6GNJt3Yr28rmewEV,70865,2161694949769882670312903377729831899,143267504,143117821,,,1
2026-08-30 17:49:35,5o7dLcc1gDqMd5fA8KWpWa8s8g1JKHJBhdsoSMZgxSXqhjGqjAqbcRr4ZMnr7XDWzHZUw2kRqe8fZoYMbsn8Xydz,buy,SMCI,AJA4fVUTXmjnRDmqqpEvMfTpBR9rXnQtJcRMy8e8TjaJ,8RnK5aFnioegaiu7YhPdfhEvVowxsaVJXJpNpciANbNQ,5fj7uNU3kytxw89Zsw44kewvyB59xtk2i3yjyEUQRZRG,4000000,107979699,37043999999999000000,248,0,2026-08-31 13:30:04,2DKXoYbzAJ67bMNzgGA9Bqo24Cct7YyRqY2z38kVHcV1xaroLAfx8fG7KWE8p1H2SPuHWfwM6PiFNixzix4Ph9AW,70829,2161694967889285618435928095664969647,109135667,107979699,,,1
2026-08-30 17:49:48,5q2NxD3wYzJudiGkpCrh3sQv5Fdd774jnRG1apBjc3zMyUgeiB6uJ8RQh7bEwPJhdKagmWq4FkDSEEDKnmB9pZTE,buy,XOM,DwBR6tLSWzQ6ZDMJ7h49p7y6hQtE5gBxwEfQfLUmZuxF,8RnK5aFnioegaiu7YhPdfhEvVowxsaVJXJpNpciANbNQ,GD7JGadjvtsjS22bLGSpoBnjmUWjsk5oM2mJVbqXPJ9r,4000000,25478356,156996000000000000000,291,0,2026-08-31 13:32:49,4nEQ471uJpJyZ6YADhWyau4nTVs31Bmewu2WRAF464567HPrtmoEXWXiuFu5JHiXSCBRpqpx8jZeFeip9o2AZnP5,70981,2161694985283315309563012958805764189,24859813,25478356,,,1
2026-08-30 17:50:22,5icL2EdFUz33znftuF6hZNmZNkjCX5fovfMz8XG81owatYhSczu3Hb3Y5hEywg1FDcQBQTX5A1rE2FZJZE22nMdX,buy,AAPL,B3S7TuCmBPsNJW32SzRLBwbmWmgNzFBuHnBG9rdvt6K5,8RnK5aFnioegaiu7YhPdfhEvVowxsaVJXJpNpciANbNQ,6skihTRagLVn8wr2NFmKPpnF1LoYUi2RnoHd1Qr2LqEa,5530000,17280439,320014999999999000000,192,0,2026-08-31 13:30:35,3Mvd6bcGNonT2AYGzKuUCgwmoQdD3ConDKw8e3nzYE1TTYDMrViVBq4xpgvP99Qbrfy7cnYHHN8ecre3ckDz3Cyj,70813,2161695024801888731132115965280992561,17274832,17280439,,,1
2026-08-31 07:34:24,4ZpyggkaTY1bN7KU7ocgWSgiV1WSFSGCJzBeAwVJ12hp3kY2fGbzb9n48Uc6xbCTnTEucqoh1cMydJm5t1xxRS7V,buy,NVDA,FkzjAJX584L1LncQb8AKSnGhc5sLvZjPGCgZLGpeHyTH,J5SS8KD7jMoEdcmZ75a5DsQQEivaZLmp5LgvrcPRvAB6,5anntBLS9eUK91WAAj6uXG9eNXwTaYeuXA1arFDuqx6t,10000000,45734147,218655000000000000000,251,0,2026-08-31 13:30:46,25eYZWw1ubAdXUZirDQW7bWn2TnhaB3VWuoEFqHXGAk5MN3QXmg8hijgLe8TUS3CcLaHqbnUWWrKnuzaqry3SVSc,21382,2161754777234725834756677215518182440,45674835,45734147,,,1
2026-08-31 07:37:04,2cHKAWYWdNQtiBPmFc61HHnKZSZKuoEaJzVd8e8ZHXzUkXvMPZXNZRyYsyYhfjJvgqmDM2ERaxqCGGFeFaVtjwgR,buy,PFE,EG3rt93i4iifbhyEvmcJi13yb6E5uudJpbNWNBrE7W1u,J5SS8KD7jMoEdcmZ75a5DsQQEivaZLmp5LgvrcPRvAB6,ANoGSybJzanu9MJEzJhrkuST5Dzk2DSygHmC3hiopr8y,10000000,358615743,27884999999999000000,186,0,2026-08-31 13:30:23,2gjVCY23V2JmZksZpTgaAeX1nvrx3BFGEnTy6vra6ka3HszkX1zTS7fWGBkiViZQy8ysHE6Poh3bETpnfggDhSwm,21199,2161754989350412961174085855478407815,358707360,358615743,,,1
2026-08-31 09:23:27,2nsS9FFrJ2pL6i2LFGDXyhGiR6QMRUumsfHsx4CN6WQapo9q1RtF3YPbdTMZEBUL2RNjCWndkxAsNB6B5kracuba,buy,PFE,EG3rt93i4iifbhyEvmcJi13yb6E5uudJpbNWNBrE7W1u,8RnK5aFnioegaiu7YhPdfhEvVowxsaVJXJpNpciANbNQ,49RPSnFrN3cPvYibQ89ic4xCVP7R693kL3iYJokbQgJB,4000000,143497757,27875000000000000000,253,0,2026-08-31 13:30:21,2PxWyQzZbmX7UsrE6poJ6YuFo3Jn6v1gnninwoy8Xx31cuAGza1VVX3uQcGhoBEkHbq3osLWgKFCZ2yzcrceGh1Y,14814,2161762696989992209933432075009233094,143267504,143497757,,,1
2026-08-31 09:23:40,2TH4PPU2djCTrxue8jKNYR8DZAEqWrSz593kRGhbvmnJy3HNMUZqLd3us9xMsGbqPaccubiPqt1s3w4LAGbvrU4V,buy,SMCI,AJA4fVUTXmjnRDmqqpEvMfTpBR9rXnQtJcRMy8e8TjaJ,8RnK5aFnioegaiu7YhPdfhEvVowxsaVJXJpNpciANbNQ,5bNEMonvKVfnvGgH9RVdNxraiwYmtXEQWsjyehScQZ6L,4000000,109021531,36689999999999000000,295,0,2026-08-31 13:30:08,3Drp9BMsKEZ4VijDcMX5UnnMTbmLrLiATKGd4cuZGe4va35Dnb1YhJXSkaG39RTAGEeP6rjSnmsdjprVm1cVWNXT,14788,2161762722381046461415093349277149337,109135667,109021531,,,1
2026-08-31 09:23:53,4SDPgw5bKaRMcJ3Vr8xPxjczAoQ2jK4EMQ5i3gWGBtDeiHkWQGbdbLkwEgegoC3QLNGbrVaK2YZjncgUxKWfgq3w,buy,XOM,DwBR6tLSWzQ6ZDMJ7h49p7y6hQtE5gBxwEfQfLUmZuxF,8RnK5aFnioegaiu7YhPdfhEvVowxsaVJXJpNpciANbNQ,GjLrFLcavd95zMiegUW5381BvXhViCic7qWR6XKRaZge,4000000,25181368,158847599999999000000,173,0,2026-08-31 13:32:45,5ckJVkRhwwH89F8Y2puHgUjh1QwY3DNurkCuSz1dZot3rRhb2drPiK8QWDkZ6X6QCx7qYo1JcvUU5ayxqNeSRePZ,14932,2161762738163574345256876855092657932,24859813,25181368,,,1
2026-08-31 09:24:05,5jRJLd8wmDyDZA2twRh2BRViHARK5bUUCqNzDgbruAoPkEu4FGNSmruWhs98Quf5pK7HbHWwPPWSUGsjqjC2nLyt,buy,AAPL,B3S7TuCmBPsNJW32SzRLBwbmWmgNzFBuHnBG9rdvt6K5,8RnK5aFnioegaiu7YhPdfhEvVowxsaVJXJpNpciANbNQ,AdwjCRsRdxM9uUWiPqWx2XnrWR26wPZpKSwfGwxGeKmG,4000000,12522697,319420000000000000000,112,0,2026-08-31 13:30:37,47BQ4AMppUr1iTJPecViwNFcDh5CBpwC1UedA5kNPK5vBcBGGPdEpYpkq48mBz5fu9m2HRrE8DVK338M1yW9FTc,14792,2161762753219520915997127508599728514,12486699,12522697,,,1
2026-08-31 09:24:20,2nJGKjhvjdPufZVSiRgNJUMQnzQb4hTo1UHR3as9UTAmjW8N2PwedjxkPiqud1EtukZGsKmLgEGsGvuzVGZmWbKj,buy,BSOL,DaBqWWKszBeiTmVqYCW58W52UUhhVjRFMUw5swJwaSDb,8RnK5aFnioegaiu7YhPdfhEvVowxsaVJXJpNpciANbNQ,ECvHCYiN2Kq4ViAT1Lqg8HJiMdWyY3uCLsHKBpji3fej,4000000,282641568,14152200000000000000,243,0,2026-08-31 13:30:18,TWUgxnVYe3GAKPX7DwFwWvJ2zftEJB8VLoMXCRXvgst2HmreunVrdz9296TNpfYnEpkJstcuzUBAJpT44LLv3F2,14758,2161762771372781292977864507035378588,282778171,282641568,,,1
2026-08-31 13:26:03,VqKJge8hW9ZGqMfy4RQpidVsPkN2fw5Sd4cRokmq7Km3LCbaeMMqVrv5Ryf6TFDupbaX9hA5bXXWiH81zxTBKS8,buy,GOOG,6a2yZjSpCncEyiPrB3ifnAJdqJVUNymu7vEvLCaySqmp,3C6DqYJtehNVCoXAY39KyRdGViV8oxS5Wr3NrJKFPX6A,62zaW8CKXj713sdYrT1spGJTTx67SYmHihbUGf9xjCh3,30000000,88188606,340180000000000000000,4,0,2026-08-31 13:31:35,i7zP5wK4dRKXY27Ru5kKN5FBXi8VuK2ZJi3THczDPMH6Ce7oCucHo9qJrvZeKWqtaQDAc1946SzL4rvvTfqfzLB,332,2161780296152453246905576288415272341,88205882,88188606,,,1
2026-08-31 13:27:08,4myg1j6VDThdNJwUx62jERwWpiS2ioxCKDi9QQTVB9Tj4b8XWx8DqAmgvddqJsifZ73Jfb4eL2MU32YHztTw7JHv,buy,MSTR,2HxYoAmyFHPrfaecKPZdMd9dRjQ7HzRKMFSqMP6Z2mGQ,3C6DqYJtehNVCoXAY39KyRdGViV8oxS5Wr3NrJKFPX6A,6dZDe9ZvoJpEzigwV4gK4CPBYQsFeuTdv2VTxdCjbef5,31000000,241590695,128316200000000000000,80,0,2026-08-31 13:30:31,59VYgPuQQSmt1ucQu5oTg2UgJEaunHXzbkJQaHzRqnxGSN2eQtvNHKAU8CzTAVE9EbcinypinFULvmiHY8397xs2,203,2161780375836378063283916231054146931,241017265,241590695,,,1
2026-08-31 16:55:56,4Bmjzph4TNT96M4xfjPLFcDme7h87VjnmCjzbeQaepxxDTkTFFikVUfJEWyT5MHs9k8EgxZNifcWvFmNUoZUyvPe,buy,GLD,G984Yppzh9oj67r2QUJFBnSDaPDXHQ8SgxbgqsKatd3j,8RnK5aFnioegaiu7YhPdfhEvVowxsaVJXJpNpciANbNQ,7dvZtXyk4fSisgxyoN2HLYdx2jmjVvwJ5NMpihbPbZ1o,4000000,9834171,406745000000000000000,158,1,2026-08-31 16:56:04,3EdisYT7MsD6wipfk3sUZF6JLxZmTJYrsTDzRMt7xkLdLk1cktc64ARfTVFAPjL1LU9gpeSgvuxEoJNgd5eR9Gv5,8,2161795519173637702225506229187862434,9812263,9834171,,,1
2026-08-31 16:56:26,hkFvZBvRrLUSjxCFcaYUdRCRaaWAL27DUZJVt3Ecat4iXcVAZeUjV8eVvfXmAhkTxdqQDiFW8tr8a7uCgvzeTxz,buy,GS,HbCB8kGqwaQi9Q1K9EvYjfbMnFjaAUMQAeR3k7PDAKin,8RnK5aFnioegaiu7YhPdfhEvVowxsaVJXJpNpciANbNQ,AKFRmj6NpMmqNyCdnqrozSr7FPwXqJ1hSWoW6Caevfod,4000000,3894687,1027039999999999000000,280,1,2026-08-31 16:56:35,3T86yZkADaLRUGjrWhicFwKFvzyUP2w3sBiySQA71tjBBnrSoAJtZ6HqPCtCL5e9NeBHjhbC8AbfWN2p7nJEoVFD,9,2161795559325700079409707492022181217,3885215,3894687,,,1
2026-08-31 16:56:41,4asaaAcnnhCxoNk93Csh5Re1FKTjhjCikiKegfErs1MPWQw78yRi6M78hBUAKMHkFjijjpPqaCcwgXswYQmirAHd,buy,IBIT,9HfMBSLn26e7ZTDjjGRBVuF2wfEFoQeqCPMqz6ZK6PyH,8RnK5aFnioegaiu7YhPdfhEvVowxsaVJXJpNpciANbNQ,Cwtou4SMPYnt2ntKzAD5Q2JNN2vih8LZ3GHKLRaXkS26,4000000,89726334,44579999999999000000,6,1,2026-08-31 16:56:49,4fMX6GHETMQQhqGvAxhwQismss4mwotVNNEXraxAHxR7hiy9eMUkVhiGgxiqM66KytGSX7SmD3ZnJbRjoUtTp6HN,8,2161795579650181804733558500545790242,89506034,89726334,,,1
2026-08-31 16:56:58,5AVa2sTXgVx4y1nbEewapNcZbmuNqLX5Ld6eRX3B4ouZrtrm5LFi7JF9cpj5Kxe9j2QASsuoJobJqPUFvfPJhS34,buy,MSTR,2HxYoAmyFHPrfaecKPZdMd9dRjQ7HzRKMFSqMP6Z2mGQ,8RnK5aFnioegaiu7YhPdfhEvVowxsaVJXJpNpciANbNQ,8AAoCwKuK1WQjc8qBaQu6vWqPZdnA8nmykd4PiKPi6T7,4000000,30625291,130610999999999000000,22,1,2026-08-31 16:57:07,3ubbbP98qa2VCsURyuhSdZudbMJQ9TdRKCNoTk1bndbWnd7hxUGnDrqEEBfgLhqMBKDLNLbSoULYUWuMmLyoXUbv,9,2161795600344564613885794240824216290,30616003,30625291,,,1
2026-08-31 16:57:26,heQiovrKD4Crm31xMxWVbUvNNd77mWQ35UEjrDHkLQD7pUXjjkX3JYbq8rkcVk4H4uoYeuUn5f99MGjEbfRCrUG,buy,NVDA,FkzjAJX584L1LncQb8AKSnGhc5sLvZjPGCgZLGpeHyTH,8RnK5aFnioegaiu7YhPdfhEvVowxsaVJXJpNpciANbNQ,Fq81aWkaByXVUkcjPaSvGczgXJVYgt6EibRTJuHG4Pxs,4000000,18189060,219912399999999000000,101,1,2026-08-31 16:57:31,4D4WDGKBEyyybEKCZCCBsGD31sEjG66jRBWbTeb2Zs57uPWr7tviUMPgnqC81fxazvabig3a2CFX5atrXBYLSFvR,5,2161795631195120892990875701147977866,18134879,18189060,,,1
2026-08-31 17:29:46,hhHgitTFrBc7cGX9zRGNfyeB81fRezfGuKLm87tKkEwsdnGvAHRTFDEpUaU4kVrweNfWqhgsE7wCfWoB5qe4YDf,buy,NVDA,FkzjAJX584L1LncQb8AKSnGhc5sLvZjPGCgZLGpeHyTH,A1WhTovXrq8eh38HMy2rNdkc76VtiSo8tq3iULeiMPWw,BQ4aJnUFtm2z6KUDELxVoSrkcaYPWnzjqS4V7vnNP2ZK,5000000,22751461,219766099999999000000,241,1,2026-08-31 17:29:54,3caTbUakxHDedGnmmRRYF9PR1dZWKpUsPhJAp1UQ4hEsMBZVpP5bMEzShsDhA4D6osFjFEhNFoXPekmoWa8hwDnQ,8,2161797982576406816449737386898478199,22746335,22751461,,,1
2026-08-31 18:17:14,37KfY5VAX4p6j95W5tbNLNYS2KMK1ZwhXubG9SKA7MAzNqSMieKiKoDRo6uPSoY6pHy9C3X8h4USVnMGKencPTsL,buy,MSTR,2HxYoAmyFHPrfaecKPZdMd9dRjQ7HzRKMFSqMP6Z2mGQ,FbmDobZRM2xbHzc7KXei32zKyMiSL7drTHRETGKSc5nX,CMWTuzEWWT8M6SK6v8evY8msTqgJVcShhuUngh8xBMcN,10000000,75943983,131675999999999000000,8,1,2026-08-31 18:17:21,4YBas8TTL4WqVGCXgPVrphz2PD499CzTbLvwBnHrU2paYNitXadNdgBq289d8UoevWHC61R6MPoeMd2mx7dKpCGX,7,2161801427080488744480027400087023043,75878412,75943983,,,1
2026-08-31 18:17:24,2J49TSLCR6dkCJoSF3GjWfx65SqcxEYaVEuCyTghfGhmRf6pEe7bpKW7gvzzrAokWTjsHytLjDuPWXZP39pa1nUa,buy,AAPL,B3S7TuCmBPsNJW32SzRLBwbmWmgNzFBuHnBG9rdvt6K5,FbmDobZRM2xbHzc7KXei32zKyMiSL7drTHRETGKSc5nX,6qbvWqTbybyj793uFQjoFfFt7XQGjDhh2JyLCwAMFjZK,10000000,31716329,315295000000000000000,55,1,2026-08-31 18:17:34,B3u9kYuvxSRaAqnJWJuhX5reHL52qRvYUe67kP9eZdSTTkypvFs3Zt7a4CiqWQD8tv6rBQDLbPDSUAK5cVLhfP5,10,2161801442287554487994685810288501281,31694765,31716329,,,1
2026-09-01 00:14:33,34qwqMn4xqkf573FgPscQbmvMwSaT6uvPvUbzDkWWQJVRcd4wu57hdXXEkWUgMJrHBX3ymuuF1orLgxPeYaHjgYT,buy,PFE,EG3rt93i4iifbhyEvmcJi13yb6E5uudJpbNWNBrE7W1u,CHAcdTTgXG2GJrdaCNrYLMUbsLK6VEzkenBa6TnXYVTU,2PQxGZLSJkeqRGPvu3SdKXAYuebVJRaX6NrvgGyBkKLb,10000000,350754121,28509999999999000000,136,0,2026-09-01 13:31:39,2U7oZJELHhkMViTWLD8zwBeZ7EyfBHLXgWPseUbWSnEGbt7Hu8RKv9FLwqU3VrCWmXhBDSYGs8wS65Z1tPiYuzwR,47826,2161827345609850162560122189599271306,346033945,350754121,,,1
2026-09-01 02:50:15,3MgT9G21PfYSAzFDZJG4v3wMsbAjuysWDKLTYFEPACHHgu2UUZiBcLkSJ2T7bfhH4XCGkg9dWwDQPbmfoDymEqLt,buy,IBIT,9HfMBSLn26e7ZTDjjGRBVuF2wfEFoQeqCPMqz6ZK6PyH,8RnK5aFnioegaiu7YhPdfhEvVowxsaVJXJpNpciANbNQ,J5uT1QzWjtnwucWrXYc2H2MihDK5evJUHDQx5bDqxjbT,4000000,90191657,44349999999999000000,161,0,2026-09-01 13:30:09,23G4vt297EXim1CT7Spq63ntyVPpFVQdKnNRCEReoETGktMxAdRsQ8QLFYiMmUjxzwpsfbbFZayMk14htdzNHWPF,38394,2161838616306810088663591372976850989,90558329,90191657,,,1
2026-09-01 02:50:36,2XLJ9FYGvykeV3ZZxQb7VBv3JXf8FYoxuNQYNFs7erT13kEZavwW9xr8etcRC7PmXH982Qk7KQJsVZ5EGCuBWzvL,buy,MSTR,2HxYoAmyFHPrfaecKPZdMd9dRjQ7HzRKMFSqMP6Z2mGQ,8RnK5aFnioegaiu7YhPdfhEvVowxsaVJXJpNpciANbNQ,Aegt5TGEJs9XyRLunBdNgEkwgAhXEJCzTBySx1vbn4jf,4000000,30589224,130764999999999000000,106,0,2026-09-01 13:30:12,3HtZvfq1ti9S7pu6MBi8pE3nrRcKFK7ZuQGpWySDwfEZjPJyReKEC138TGnqvfanXhDUdRyiCXWq6U2M5pfBrKjt,38376,2161838654281578877622345276969977372,31184056,30589224,,,1
2026-09-01 02:50:54,BmQM3pt7DLyZVMsMkMX7smsiFBY3SXvgzhw4SxJs3WNG8yh16Mnkns17HnjGEi85ZWiK2ajQoZuFxjR2N6YT1UG,buy,NVDA,FkzjAJX584L1LncQb8AKSnGhc5sLvZjPGCgZLGpeHyTH,8RnK5aFnioegaiu7YhPdfhEvVowxsaVJXJpNpciANbNQ,GcywVBEj47SDUPde3f8aKTywwKM8fL9YD3LHEeXRV44z,4000000,18190913,219889999999999000000,8,0,2026-09-01 13:30:11,uBCXQbuHjz8gyiEqApGvGZ59nNaDjkhPRpH8TCdxcJ49sj3hDHrRL7RczsvLY2CY836NbX44hz8Hh3FrNyoVqnH,38357,2161838679392166967623724582546028774,18383708,18190913,,,1
2026-09-01 02:51:16,G8V1o8HZQfu1J2ssL8mZDsu8EW8p6xd1uWsabpouCRU3WbZLHsoDLjvi4bsRjgwG1dv6bnTTCqcoHGA3UbhQ2pY,buy,PFE,EG3rt93i4iifbhyEvmcJi13yb6E5uudJpbNWNBrE7W1u,8RnK5aFnioegaiu7YhPdfhEvVowxsaVJXJpNpciANbNQ,8CWhAFqjwzWFhyEzhkf675DxdsLfNEqeAmQwacYqyC3N,4000000,140301648,28509999999999000000,239,0,2026-09-01 13:31:36,54JYpYMxgMe5bfAYZkzE5CrrgExifq1iGMEV8N7vxBmRtJ5aofweYLNso9Kz6s9uih5Lfa3w5owJp5qaQ99eGu3b,38420,2161838704935568636675019507516176299,138205749,140301648,,,1
2026-09-01 05:06:43,5dyRD3CS1JLiYrhYbYAMX6RNnyQMcXc5tuDVJSrnaHVkXgQK7mL4yr3FScAgWdz4dm5z99cqERkwmrVtfsnKezoA,buy,GLD,G984Yppzh9oj67r2QUJFBnSDaPDXHQ8SgxbgqsKatd3j,J5SS8KD7jMoEdcmZ75a5DsQQEivaZLmp5LgvrcPRvAB6,Hz1YBFrFDurm3U2ZQ1VCYYSmPdixgWBB8rCXTjHzPNNm,10000000,24616293,406235000000000000000,183,0,2026-09-01 13:30:04,jYgQUUqwYUk4sDQ99bqKxCVJ5hmMmmdupu65hVSFkGUsSUEfqyUNsUSSp4mL5eLCMYRF8yrFNCf1fCZjTFhaUZD,30201,2161848527173757727077412588178222845,25078448,24616293,,,1
2026-09-01 05:19:24,3CJrk7ZjdhhSaELNUHznXupAd3rP78SUJECESmPsFCbHEoqJpk8XBJxMY5LmJXPWHTRgF8tY9yzRriVt2pmKxhgR,buy,AAPL,B3S7TuCmBPsNJW32SzRLBwbmWmgNzFBuHnBG9rdvt6K5,8RnK5aFnioegaiu7YhPdfhEvVowxsaVJXJpNpciANbNQ,CNPx2ba9SGqvn81cgnKGNJSDcoYnv6Psjo5QW9mVgXe7,4000000,12640826,316435000000000000000,167,0,2026-09-01 13:30:06,3boM3vX2FRPDATZM8zZyw5mT2JsgQebXjLLCmBHBGiuTZg62MkfjEqSmHvrdLRmpxmU2rDyiAUstbsjbQg18r6up,29442,2161849436924281300466304308483522137,12586353,12640826,,,1
2026-09-01 05:20:37,2mPEhCD3ydszP1uXGrsz8B6ijebfUqhdnDH1WLV4vLPyFCZssXiu6rwo7i2B36vmrySuz5EjxSvQka3bjwfdpmqg,buy,XOM,DwBR6tLSWzQ6ZDMJ7h49p7y6hQtE5gBxwEfQfLUmZuxF,8RnK5aFnioegaiu7YhPdfhEvVowxsaVJXJpNpciANbNQ,Ggbt5XDLgtgHM3SSEV2qxAsKcb7ZydhxfSavHHfVTXn6,2000000,12357120,161849999999999000000,13,0,2026-09-01 13:31:31,XFYy8Mj54EcpYVnqLTJ67fdjH7fF4A6U3yCaD8Y9X5DRZhMncnUqx4iyghwrkhJL7ZcJc9y9GeCw8rabbXjDi7e,29454,2161849526199828771384119111849785617,12157126,12357120,,,1
2026-09-01 05:21:01,CpsfN3fBTBtXeJk23ouq5nsyHefofAuQmwvvygz1No6sViWebEH7wGvguCEyodknBvAac4wr463zSRMVuKoD5o5,buy,SMCI,AJA4fVUTXmjnRDmqqpEvMfTpBR9rXnQtJcRMy8e8TjaJ,8RnK5aFnioegaiu7YhPdfhEvVowxsaVJXJpNpciANbNQ,EGeMnvoxDhgLhVkAquSZqhoP9MTw2zzZufziEkoRySCR,2000000,53814072,37164999999999000000,52,0,2026-09-01 13:30:08,2JLA99tVo3Pd2Mtdh3K3wELpGJ6fhiK4Tz9vkMpKx92sg89sq1BkBAeQPQ4HctBU5qqFUsZuQ6fBRTaAftX5qahF,29347,2161849564468368452378470830667747415,54685353,53814072,,,1
2026-09-01 05:21:24,VBcToESuq2qT4CeFjasWm4U986N4S5YrkfGz4iLD52TiH2Ce13VMHxND7BgoRQdTsHFnZTz8jhL99qPTwQB1Pnw,buy,PFE,EG3rt93i4iifbhyEvmcJi13yb6E5uudJpbNWNBrE7W1u,8RnK5aFnioegaiu7YhPdfhEvVowxsaVJXJpNpciANbNQ,5npgCUhFJfLkgHvu5xj64a9MhVE6vsrGJbLjVuhZ5Fdi,2000000,70138523,28515000000000000000,241,0,2026-09-01 13:31:38,27VkLFkW6kHfDahhSq2YuLsRinJBg9LwEKBUXj7VgAvrK1PxcAy66gjEHNn6MB5B541dUzu1rrm2KL1XeCfHbEuU,29414,2161849589183670637085316628827108681,68929684,70138523,,,1
2026-09-01 13:45:50,jpaepNURVfuvo32HJDzVh4L4raZrKioEyTfSiuztUcAKAP3gEtgQ6YFw6MgkbdHZ5SZYaXSnvHWgVX2SxcnF1Xc,buy,SMCI,AJA4fVUTXmjnRDmqqpEvMfTpBR9rXnQtJcRMy8e8TjaJ,8RnK5aFnioegaiu7YhPdfhEvVowxsaVJXJpNpciANbNQ,8fdts6YyGGua2eajgiPC2YPcGxczuL8mYv27A6HoZGpZ,2000000,55256098,36195099999999000000,1,1,2026-09-01 13:45:58,3T6rZvz7L7gjL3sfTZAWSr3T1APsw2frJztVbe6UZmhp7GR2Bn2FWjPp5itqNNqV1g6fVWNFcVPzDNfses78Q9hG,8,2161886177692333995004377655781715822,54932921,55256098,,,1
2026-09-01 13:46:10,3DvvQ2nkvwhEWSEFhMnbJK76a48SSHkGwZ3VKZBHiY8M2tBboXDXFhWw7aBRA6ea638MMGxaBhob3qPqumbVmLVY,buy,XOM,DwBR6tLSWzQ6ZDMJ7h49p7y6hQtE5gBxwEfQfLUmZuxF,8RnK5aFnioegaiu7YhPdfhEvVowxsaVJXJpNpciANbNQ,4Tk9q3AR9BFUVyVvYDCkGfi4zfWT3fNTrBaGs63Lrq3e,2000000,12294852,162669700000000000000,7,1,2026-09-01 13:46:19,4rYAK2JJcKPaxmG4rSuXsAEtGghG6HxpoCSDiU5yBYEar1cfuAGGViQst42e5zzcoriBuiQRPe3xoNSTYGsgn34Y,9,2161886206872176412091482252847098540,12228093,12294852,,,1
2026-09-01 13:46:24,4oQFs2y6mF4YDZ2oPBEjBNu84yrb18CJfZzLjwSB3efiztjDNc4ehcvZQqmixwTmkatwZ9iLSLafLebCZZ78AsZi,buy,AAPL,B3S7TuCmBPsNJW32SzRLBwbmWmgNzFBuHnBG9rdvt6K5,8RnK5aFnioegaiu7YhPdfhEvVowxsaVJXJpNpciANbNQ,7AkJgJpUtFYd5m3JGsqXjLLhgVKWD9npS2MzuGdjmEKb,2000000,6276998,318623600000000000000,278,1,2026-09-01 13:46:33,mbsXajNakEsza6LaDgXD9tSmi8kq2FaA5KXafSwt2WeDrw8qTQUAPrgQAmrM3QZ7W9XSRxY41qCPghXEh3CQHfa,9,2161886230067808701082819194949611850,6218089,6276998,,,1
2026-09-01 13:46:42,2oVS4E6YmbftX9xswCDTTW4kuMpk5kr5zv3jeiC1KdXV4QdgJm3PtnTY7zvmESdo9VBUxHjEqCRNE4ofGdRog9GF,buy,XOM,DwBR6tLSWzQ6ZDMJ7h49p7y6hQtE5gBxwEfQfLUmZuxF,8RnK5aFnioegaiu7YhPdfhEvVowxsaVJXJpNpciANbNQ,4s3cXM7DBHzNX2dubgzfS5G8zaPQ5dURxAyvBqMDNDnz,2000000,12294852,162669700000000000000,39,1,2026-09-01 13:46:48,2W1X9dmeqo7kc9e6j6kfwuMx9yhqDZhrA4geHyoeG9i4mzkAw12uCbi37bttDvfSnn8HJxJPWfMiMmWYrJpTcPb8,6,2161886246044973331458863073501865105,12227192,12294852,,,1
2026-09-01 13:47:05,5JbWr67W2r7Jbw6PRMpPqsBKP56J1Lj7dB5tVxYwF1ZoTMm9cRYcaxxSNonX4ADogE9dZY8Mq5ekc2mMax8BwB5F,buy,SMCI,AJA4fVUTXmjnRDmqqpEvMfTpBR9rXnQtJcRMy8e8TjaJ,8RnK5aFnioegaiu7YhPdfhEvVowxsaVJXJpNpciANbNQ,3fAh3pkrAGhWkQMALPKNiLpVVcXAafyGTY1rRjTzKJ6x,2000000,55256098,36195099999999000000,76,1,2026-09-01 13:47:12,5EXNUS9mxPwmWZVX1LSa1PWemWG3WapgXmKQ8EZYNhX29GQkT3F27bJRfsmNV7LM8PEBTCYskFUTSimVKTyvr8W2,7,2161886269909193689563739793519480500,55027098,55256098,,,1
2026-09-01 13:47:31,3vXMRThUmq34Y9A4XHSjs2k6BkX8cCxov3y71ZzA86cnHpjUcz29NuSSFhab2G8vxUhRVVC6Yjd83eFGrFXujFVc,buy,PFE,EG3rt93i4iifbhyEvmcJi13yb6E5uudJpbNWNBrE7W1u,8RnK5aFnioegaiu7YhPdfhEvVowxsaVJXJpNpciANbNQ,54fpQeDhJNZF2xJqp7oiKiKAkjiGNMeXxUXcKAj2rPYm,2000000,69139558,28926999999999000000,57,1,2026-09-01 13:47:38,1Nmg6Lfp5XZj1A4f47tFuaS51UWmk1iP2ARvo89dSMLLckiio5yKismUmU4cWF4jnFV68N6kzCFfVAiHswNwMho,7,2161886298850873439917028699844247550,69006172,69139558,,,1
2026-09-01 13:47:52,371cohhJd8FuP66aT84eDZgvvgAsY1gRcXxGBogepQAD6rJ79ejUaekqeZPhxibZSwdF32XUTgCDKEuBc8wLp7xr,buy,NVDA,FkzjAJX584L1LncQb8AKSnGhc5sLvZjPGCgZLGpeHyTH,8RnK5aFnioegaiu7YhPdfhEvVowxsaVJXJpNpciANbNQ,FB2vqsm7ZKJ2CnAb9PgcygMXEb1N6WNzwk7UmCnVBSRG,2000000,9259516,215993999999999000000,80,1,2026-09-01 13:48:00,63hoDDwGvBUQVDfRekf14vSHEdB3KcdSRjitFjHB6kYgZunKseNZYgqToR4eDL6r8J4jeLM4xgEfCF3XewRkumqa,8,2161886328727042630832390193278627945,9202567,9259516,,,1
2026-09-01 13:48:07,2vsXe1uA4nRx5hmovac15efCDKjTD1ck6VjSkeR6mLkCDFHBAZXfAKCDCWyzJG4KW962DhW7UwS4bCET9uvSs1Vq,buy,MSTR,2HxYoAmyFHPrfaecKPZdMd9dRjQ7HzRKMFSqMP6Z2mGQ,8RnK5aFnioegaiu7YhPdfhEvVowxsaVJXJpNpciANbNQ,J6JUtgbD2MeLD8YgXkU575Wx76jPMBTDPE5evA2nyzAi,2000000,15619045,128048799999999000000,47,1,2026-09-01 13:48:17,3jfHWwm5h85UitEm2sku3kyQBCBUvuwQuEazADUZ2hz2xYCAyKw7drtDqurijmvyTxivKGgsfTd6EsUe9yJRfKQz,10,2161886354298234941429419627965574149,15483007,15619045,,,1
2026-09-01 13:48:21,3DVCTkfNgD2G2B9wGEHSRNB8Cre2DrX5oXjASbzZiRHQZ1ucf3t79kNyozx7RvhiwKpQZQZKCcT3VvHjgUPF9TdL,buy,IBIT,9HfMBSLn26e7ZTDjjGRBVuF2wfEFoQeqCPMqz6ZK6PyH,8RnK5aFnioegaiu7YhPdfhEvVowxsaVJXJpNpciANbNQ,G9yJXerrGiasax47daWwWpmEUqriJH6yeN1S1jWnpEUk,2000000,45372050,44079999999999000000,272,1,2026-09-01 13:48:26,2FX2UvAbUNkKJDGMMdZ83eFUBjT4p96A7K1WJKv1kcuiE9sWrEFQD2SFPQqXNCBPtXTeVMEJ2NiwnEx1F88BfBqL,5,2161886371564124678031792085248228425,44983950,45372050,,,1
2026-09-01 13:48:37,5VUFo4DPBi5dYs6YgNoxHZTsxF4g6vsWTF65PTUSa4kyiKP8EunYpv4jp1JT3WNieiyK8jfYGJ6Fc56PmdmRrXKR,buy,GS,HbCB8kGqwaQi9Q1K9EvYjfbMnFjaAUMQAeR3k7PDAKin,8RnK5aFnioegaiu7YhPdfhEvVowxsaVJXJpNpciANbNQ,8ujSzMws2jE6hYuaHmBLrHWgHScHRsTit9k54iohaeV5,2000000,1973760,1013293999999999000000,213,1,2026-09-01 13:48:44,5AHKBbRkamq62LkdFAdg9X3w6QzVQRWzHeW7XL5HKzQWEtoEJ2NxduZcQM88nsn5k33aDd9two4snf9qYH7ejHfJ,7,2161886389520307788509128135927503289,1967947,1973760,,,1
2026-09-01 13:48:52,XyEwMq1jHdxeozAoLL19xSfjrctHVBAVXiwa779LiAGY9nATBcYRCCHZEU9HhGTP2z4YNzgWz68YSKLnbEthXnJ,buy,GOOG,6a2yZjSpCncEyiPrB3ifnAJdqJVUNymu7vEvLCaySqmp,8RnK5aFnioegaiu7YhPdfhEvVowxsaVJXJpNpciANbNQ,71fDPoGZE1Zh84XSRbAAq9utFVutLTgaar8n3hrw2wCH,2000000,6012271,332653000000000000000,215,1,2026-09-01 13:49:01,54KDW319fCjigVbB5R1HNANQqAFWeoQyJbqn9yd4WpteaqKBeijR2zbUN2jadui1ihZzv4Ch4pbm2D1W6QkcJufi,9,2161886408270734542914836856975822902,5972173,6012271,,,1
2026-09-01 13:49:06,67XUAusi5nk2U9P8Mxgr9eJQxLNbLScx5zSb2EG93GRYX6zKrVNbk3KE8rhmBEHAHsJ8yCr6nJEc639atrCRaGCk,buy,GLD,G984Yppzh9oj67r2QUJFBnSDaPDXHQ8SgxbgqsKatd3j,8RnK5aFnioegaiu7YhPdfhEvVowxsaVJXJpNpciANbNQ,3a7dm5DJ1mX5y2MwUpi3n4rrv4aLtKZpxXfLb61NRfjH,2000000,5002125,399829999999999000000,286,1,2026-09-01 13:49:15,3aWbKbtseTiKjz5SaEzzmsizqZkGNS2he1o3WCwVhEkejHcff8h8m3vW6RXfPhQdxeyEnBwvd1LSPeYubXrRki9S,9,2161886425647839881746647290304768940,4977140,5002125,,,1
2026-09-01 13:49:20,U1iuCYqQQ1qvPV4nyGbCceUggcJ6Xhymn94qonKUFRaDfGGPXVgmdbqMeWfsSdLnscsHfpnSyCuSL54CxBBbmBg,buy,BSOL,DaBqWWKszBeiTmVqYCW58W52UUhhVjRFMUw5swJwaSDb,8RnK5aFnioegaiu7YhPdfhEvVowxsaVJXJpNpciANbNQ,J643i1tyH4jyyadXTU3qvVXueRt4WviaMTRmnfjZnhTj,2000000,143061516,13980000000000000000,226,1,2026-09-01 13:49:29,3gfRFTCRmdCvSzjc9eV3pUKBdmLUkBtFFJWdWgYCc1TA7Eyrnsyimku8u2eNjumKednEPxVJh7ytETFj6pYoALig,9,2161886442565537967987152025934350095,141960336,143061516,,,1
2026-09-01 13:49:42,AeFtnfNrAGEGp1j7XnxECfZBkyEJXtTA2kcsKU6xXopHTGuGVBt5gL1Qv9G9DqycNcX4azdNBBUexpmbacPeZAx,buy,GLD,G984Yppzh9oj67r2QUJFBnSDaPDXHQ8SgxbgqsKatd3j,8RnK5aFnioegaiu7YhPdfhEvVowxsaVJXJpNpciANbNQ,FntTwHjb9etNG2Ui8eX8k52yi6KkTHJjJZZfjt9Y9JtE,2000000,5002626,399790000000000000000,22,1,2026-09-01 13:49:49,2KvzHJtWYFstjXAQW4GnYndbEbkaWQHWacp76jrWnLXi21tnxUtVemui83nq8pZbMisbF9LFNnpz9BWEe7Qcgu5b,7,2161886467670115057571329652464463371,4976692,5002626,,,1
2026-09-01 13:50:01,36VbnwHyPFETiaKe8QnjRaixFHAqjiChJEF3cifvfF2a6bUpyPJLLmaHdsESeoRo5UdkfomuPBtG24ffAJCqWEA4,buy,GOOG,6a2yZjSpCncEyiPrB3ifnAJdqJVUNymu7vEvLCaySqmp,8RnK5aFnioegaiu7YhPdfhEvVowxsaVJXJpNpciANbNQ,AbJ7tW82B7RFn1fcxMp6pEJ2TT3ZP112zzdfjTgwECgc,2000000,6012271,332653000000000000000,284,1,2026-09-01 13:50:07,4bf1fA1xYYkrc1y8XrYtiJxqNNEUgDa8Hyr7KYm8r52mfJWgGs3pAnk3u9Pyqb7hvKSdUimydFhwVubENoNqousE,6,2161886486300866197232187863009922043,5967302,6012271,,,1
2026-09-01 13:50:30,3i8d9TEgdDhbd7AANNZJxhPGvViCaM1HVs7tEaTwSP9id83a4me96XErKojFuJFrLsXiLQt8prLhv7nx183VWeRT,buy,GS,HbCB8kGqwaQi9Q1K9EvYjfbMnFjaAUMQAeR3k7PDAKin,8RnK5aFnioegaiu7YhPdfhEvVowxsaVJXJpNpciANbNQ,Ey1szRFHyaGj3adAZh8XnZhFq7hqsB2scae9gNpBg691,2000000,1978991,1010615999999999000000,10,1,2026-09-01 13:50:39,57oD6MKiheT2TdofRf7NRC1CH3nXRdn3EgdhbyxcmRNhBpaSmV55sMszSa2kyWqfWZoAedfoixEbxRRjyqfx5Gct,9,2161886527902390662010706395561671569,1967713,1978991,,,1
2026-09-01 13:50:43,2WaKzKC83UiVgE7wESDNzRVXtTj6h9N8EGBsSFiJ47kdME6PyjU4jcEfV9i3uySFiEAUqqFLzESQdDpTUebh9thF,buy,IBIT,9HfMBSLn26e7ZTDjjGRBVuF2wfEFoQeqCPMqz6ZK6PyH,8RnK5aFnioegaiu7YhPdfhEvVowxsaVJXJpNpciANbNQ,Fi6s1BfZtcJus6XGdoGnffHZw1s1qLTjcpRidt7Dhrz3,2000000,45243034,44205700000000000000,114,1,2026-09-01 13:50:50,3Dq3E7cfeB3sCSR6tVJbawwPNafE8wqLuZiQsn536xwC2R88gEBYTR8UJgQ35vf2bBEXxFkHSJW9P99H9Qe68R71,7,2161886543848154760885272885359168933,44953465,45243034,,,1
2026-09-01 13:51:01,2JDZtKB6Wmv3QK28wAHWWP7EJMFvBQ3DLaiXFTq6VwYYRjkhbpDbgE1B35RVfG5RKx8V64mW6Je7nbfgHQ28cFSW,buy,MSTR,2HxYoAmyFHPrfaecKPZdMd9dRjQ7HzRKMFSqMP6Z2mGQ,8RnK5aFnioegaiu7YhPdfhEvVowxsaVJXJpNpciANbNQ,7MwtcjgRNUkoVFvNqEaJpcLybmffoKzW1gp2ezXv2EdF,2000000,15527468,128804000000000000000,25,1,2026-09-01 13:51:08,53bk9uM6tknsxh3MMsVaYzs9b6St22PXfdCjn78d9n1H7LPKt9q88akLKXh75oJYxGV4Y15AoWZdQj2UxJuMBVqb,7,2161886561454933094063455179995363347,15467603,15527468,,,1
2026-09-01 13:51:22,VoeeX98YDY6teMhERySDsxwuYzHE9jqJWUDc6H3MJQuuEJ1PptHSkdEkkH7jQ7i5ACt4a5J72YRECE8W8vv8uT5,buy,NVDA,FkzjAJX584L1LncQb8AKSnGhc5sLvZjPGCgZLGpeHyTH,8RnK5aFnioegaiu7YhPdfhEvVowxsaVJXJpNpciANbNQ,E8XrY7LWvz3caN6bj4zrd4GEvKRqaiN9wLN6iHoa54kK,2000000,9259516,215993999999999000000,290,1,2026-09-01 13:51:30,Pzda3fm6uJSk1ea6fT5mUikAwEuwuSrREjjTYWbxbmvK54v5gyRJfm8UTQZUxQf2E9zP9VFeYEtifiQbN7aHgzK,8,2161886584420908269421662611838929250,9181253,9259516,,,1
2026-09-01 13:51:38,5uasYAqr9EsFzHLiQZMZoD4wa3tqzQkLV69ihJj1iAPLmahWPRrQBXqvet9ZBNCc8UGd9RCJ4aBriT39nTvrjmJy,buy,PFE,EG3rt93i4iifbhyEvmcJi13yb6E5uudJpbNWNBrE7W1u,8RnK5aFnioegaiu7YhPdfhEvVowxsaVJXJpNpciANbNQ,GtCWewhJe7sPkxEA3S2cs72ieebmRA8RSmvbjJP4kgWF,2000000,69516857,28769999999999000000,125,1,2026-09-01 13:51:46,6577NGBYf1sBzQAosUhUAqykbY9pgGynxraeFBvGqx9AbBsGFTQJ1deSavKxqTJA2GtGnuYom2WptToyR3ckSM6Z,8,2161886608223445230610083676718693936,69391170,69516857,,,1
2026-09-01 19:10:40,2CnzGbGWnCaVgT5AC5ZwFXT7Qa69pWj4VmPg4F6P1k8maq8XHQd39q88ga8VthqJ8X24B4xzpVjuptUskdda1fWE,buy,NVDA,FkzjAJX584L1LncQb8AKSnGhc5sLvZjPGCgZLGpeHyTH,FbmDobZRM2xbHzc7KXei32zKyMiSL7drTHRETGKSc5nX,9AEPWh6fAMdShitPFKsussVuv5hQyWuV62iCuZGfSJDE,10000000,45964542,217558999999999000000,217,1,2026-09-01 19:10:46,5FFFoomjuWKJyqXwAQwDzmj8W1mu5FwfzA9Gjo3FgLfb6mngcQQFNkD5vCig2oat4c9VYDfa1kkPdNSw3sB1Xz3Y,6,2161909755122333734377319989829304268,45877036,45964542,,,1
2026-09-01 19:10:57,4nhymwdajmJ2xDHd6WEURNfuuCmFw6rKhoYR9SqRBcTU4kmTPNmmAE4tNC4wUi5fz1qxhUp2N7bqwX7qi8nDZvRA,buy,SMCI,AJA4fVUTXmjnRDmqqpEvMfTpBR9rXnQtJcRMy8e8TjaJ,FbmDobZRM2xbHzc7KXei32zKyMiSL7drTHRETGKSc5nX,JCt7jQobGCPU3xcT2M77MsUXJaD6vH6hWkqRRVRQFqXA,10000000,271034293,36895699999999000000,52,1,2026-09-01 19:11:06,47ffbKvCPLfEjvmiX97PxZamH4jHw81NChPftuCXfoMHvUgrwa8AKZ6g6FXLuZdX5YNvCGYf3EUmxM1FGrh1PEPG,9,2161909776904756534719413720164556734,270379993,271034293,,,1
2026-09-01 19:15:12,XSrD7BD63yRTV8CUEEGqB97PVD9Bm2zYisW84f3BEnPHVMgzxy53MymgxwXFDejnnSgKmrKjCLeQE1mBCTfyRaA,buy,MSTR,2HxYoAmyFHPrfaecKPZdMd9dRjQ7HzRKMFSqMP6Z2mGQ,3C6DqYJtehNVCoXAY39KyRdGViV8oxS5Wr3NrJKFPX6A,emxxmEXeEZUroFA5881VRf669bFMFPYvTmAJMKy23TX,20000000,159146972,125670000000000000000,51,1,2026-09-01 19:15:18,33hPhxqa85c4jHZB1zx1sFe1bim5mwTZQM955mf4QtSnc61fzqSiqwXhmMmnK2gCKYgh7jFPHD8rrEFDD4bd7PD9,6,2161910073688781714897153010694876166,159206753,159146972,,,1
2026-09-01 19:30:22,5CczQWCXDqrjSk31TiBQbbuoSkwHwmqip7DFYw4ccCriBEbmdEAVfLbuMEpYbcgmz2yTTzGjmi77mgSQPbbDaixZ,buy,BSOL,DaBqWWKszBeiTmVqYCW58W52UUhhVjRFMUw5swJwaSDb,34aWqb8VwxywCTVVyHnZGoHHaqQw7MbjMTHbaaBTvmCj,5M12iZMniZVvmxD418Hq7QLHXmtmi5hS7skKGvHspmCy,2000000,145740727,13723000000000000000,285,1,2026-09-01 19:30:29,4NRDtuowNQyp2kx4XrvEiTsLn7QfeQRJ59MWuoZ5DA9AgVvWxqRsAr2wxFBSeDLcYKR4N96gNBbE3CFoYSdhumcC,7,2161911183133314021794532207581089517,144853690,145740727,,,1
2026-09-01 19:30:32,3Zr2uq5E1G7WZiUp9a3otCqvZ6FL3KC2BMp5P2sQZa2qN9pu2Ysx4bUk4asZaQihaG2MG2f94TANateGkH96qyg9,buy,GLD,G984Yppzh9oj67r2QUJFBnSDaPDXHQ8SgxbgqsKatd3j,34aWqb8VwxywCTVVyHnZGoHHaqQw7MbjMTHbaaBTvmCj,2Rod7wwEDMzXutLtd3pqx5f1raxo15cQysntcZykDP5g,2000000,5032434,397422000000000000000,10,1,2026-09-01 19:30:39,5XVPrVCtkDvp6v4EbHz1TexpMMJ1TvwwT7dK8rzHecTAwqZH2syk3qQheBmxVQzqQ4B4RueWkW99Jhe242MgK9e4,7,2161911196788131761457821482933692433,5008103,5032434,,,1
2026-09-01 19:30:44,4xGnzdikAAmwpjVi74yJRsGj7uwT2KAzcubTTwS8KbUsh7FoKghVZ1Zsc6jcctDfd3otdKmS2SBMpsBevJgRqvoF,buy,GS,HbCB8kGqwaQi9Q1K9EvYjfbMnFjaAUMQAeR3k7PDAKin,34aWqb8VwxywCTVVyHnZGoHHaqQw7MbjMTHbaaBTvmCj,DAZmGCB2yzZQ8G2kwKCYa5wXBi7nRaoeqGRuPSExGZ6g,2000000,1991479,1004278699999999000000,54,1,2026-09-01 19:30:50,F15QHejDFKruFbmCzgNapCC1XGCACLBTwMmMfGWdhdyR7uLN71h1UVpNM7kgaRZc2ptuHPmGoLuzstJNWQaat7Z,6,2161911211152579845504382660026515429,1984617,1991479,,,1
2026-09-01 19:30:53,iTkUSphr8KgpwQLd8XAjJs2xsKrTh7K7HfUxKXc3M8TkGh1ob8ixC3XJAGT9JTUhc7ie4YNdUBCsdo9CpU5FzGL,buy,IBIT,9HfMBSLn26e7ZTDjjGRBVuF2wfEFoQeqCPMqz6ZK6PyH,34aWqb8VwxywCTVVyHnZGoHHaqQw7MbjMTHbaaBTvmCj,DU3bhtRnViPhLnbXfnt7adafmHjvMZbd425uja7WKeTE,2000000,45696529,43767000000000000000,60,1,2026-09-01 19:31:00,679vZgnvtNUu2cUgMmACVEhMQjAR51abx4zT9QsGTFYzyAvT2m7YtbomQUcJTcUQwnEsQqopqBvJehfinfgS3UE7,7,2161911222255344190418193347060685588,45456622,45696529,,,1
2026-09-01 19:31:01,5NNxUc1Hm2zn2EauhC4hoF5eEMRyMX1HKEsJ9xa32qJQqXWFt4Sb1z2HvWebLqUi51cQ6X19A8NfYo5NEqG5Qywz,buy,MSTR,2HxYoAmyFHPrfaecKPZdMd9dRjQ7HzRKMFSqMP6Z2mGQ,34aWqb8VwxywCTVVyHnZGoHHaqQw7MbjMTHbaaBTvmCj,4eD6WnUSjkHkKoyFkNA6cG4c5a97cy36F48ZsXzYpFz2,2000000,15858164,126117999999999000000,100,1,2026-09-01 19:31:09,5PNshsipTC8tfSiWkFo6AUrg4Xb97Vjr6ggX4K5hTjZuHZUBTckBieGJcNuXSov74nAZwQbf4j99DAUHkvyw2LEa,8,2161911232395833222891246681297302993,15822784,15858164,,,1
2026-09-01 19:31:10,4c2agNTEUzKF7FRYzMBWRFe6ni4FN5d3AR39MQzppiVGbWMmsjjCMryrx3a5VqEWf9QcLvuBD4mDw6DuSSbCPvZu,buy,NVDA,FkzjAJX584L1LncQb8AKSnGhc5sLvZjPGCgZLGpeHyTH,34aWqb8VwxywCTVVyHnZGoHHaqQw7MbjMTHbaaBTvmCj,3RYstoHBs1WDsi4qWD4Akb2ZnizaGtWXYXf7BeRnVQH3,2000000,9188178,217670999999999000000,247,1,2026-09-01 19:31:18,3F1xN9vgwSCaAqVeaNdL9sEeXFtKzr777BDJMZbYrXnoeMmpr8Vh1RZhgQfzmbKdEV581JARkFSFguWawAKXSNWw,8,2161911242825244714827965042378507604,9151276,9188178,,,1
2026-09-01 19:31:19,5oDRid1gXoqV3tyAPvq2vLNVTixw3cVzPCh7cdRegBg4z4viporgW4mekXMRhmWc42UGv4Fgt3jtdzCNbNAcy2Tt,buy,PFE,EG3rt93i4iifbhyEvmcJi13yb6E5uudJpbNWNBrE7W1u,34aWqb8VwxywCTVVyHnZGoHHaqQw7MbjMTHbaaBTvmCj,3ByPfN9FdE6dvSNqTZw9toKfDwMKr9QY5rWMUvg1n92u,2000000,70139015,28514800000000000000,90,1,2026-09-01 19:31:26,4KxhVK2ZjMRumsfsad5hXEHGPra7pybU5i31Z8busdWatQpkg9bNu6uandjpN2PJPNo3PMGZRUucSo1PrKSopLaD,7,2161911254516737723808824485103917554,69756029,70139015,,,1
2026-09-01 19:31:29,mb55XHKFgRuQgCCsjkgbhKc5MBF1feGAtYBNSxRAvzA8eyJ21QJmFjt1YHv1xULVUcxyU6YD2o5SxQe8nwHT6bG,buy,SMCI,AJA4fVUTXmjnRDmqqpEvMfTpBR9rXnQtJcRMy8e8TjaJ,34aWqb8VwxywCTVVyHnZGoHHaqQw7MbjMTHbaaBTvmCj,4SWwmghMuDLA8GWgrx1swyQavgmqF2CgXgQbbB9ougxF,2000000,54250528,36865999999999000000,84,1,2026-09-01 19:31:36,5JENtayoncbu1jtygicuxUSKWxDJEpMutvGZAWt5KFXTV6e1CQXC7LWhSnsLKBHcBxJAL5Wx2evUeRniidyYCK6t,7,2161911264316298923640706669701535173,54270753,54250528,,,1
2026-09-01 19:31:40,EHkm6oyyvprN4Go7RSjmPLYvagQkJ8ZdUjPRXzEcy1x1XA94YwAdpeF8BRp6MZtZfeFKu6ZRUQweJx5gu9HHiKo,buy,XOM,DwBR6tLSWzQ6ZDMJ7h49p7y6hQtE5gBxwEfQfLUmZuxF,34aWqb8VwxywCTVVyHnZGoHHaqQw7MbjMTHbaaBTvmCj,8BBW3SiWxMkjmKYSp5UxYn24dmWsfRmXuJR4wGxDkrVj,2000000,12153843,164556999999999000000,155,1,2026-09-01 19:31:48,2i9TbDPZgdiDU8SfjXEXujp7pr28MjVDAJ7coSa6hDYBKJhKV2nQ15T5zZJzNKU5y7bdwuyaNZW27d4AMP19yTxn,8,2161911278511503240203653869304250806,12086537,12153843,,,1
2026-09-01 19:31:48,5UUcJgAG3YfbnhjYBeUEkBf8ZBiSuxPBh8hUtyCGrDGhaAP2A9aEiDxoCK8cPcRVnofePr2A3zEMs997kB65AWd4,buy,AAPL,B3S7TuCmBPsNJW32SzRLBwbmWmgNzFBuHnBG9rdvt6K5,34aWqb8VwxywCTVVyHnZGoHHaqQw7MbjMTHbaaBTvmCj,DE7bC5U57KiBq3LEAb3LTjQg1vZ1dZptwWQDPmKn48oS,2000000,6140243,325720000000000000000,180,1,2026-09-01 19:31:58,yPP1cs5rDqQMhwoJXCmnx1MZFCigw75cPMW77Xt2nZkBsa84PLQHfi3RsyGq9aWezhgGzzjNYpbnS3omf4LcEYX,10,2161911288467001592770143974271315718,6114911,6140243,,,1
2026-09-02 06:36:35,3rXFjUo4H7uNjZCsVjAihs4TQJjxzZHCzD2QrPax27dsnKuymRdBwzFkUqp4pGWW17UAwajYvMUpvDnr2tWf5vmy,buy,BSOL,DaBqWWKszBeiTmVqYCW58W52UUhhVjRFMUw5swJwaSDb,3uyZwaXBpjrzGZhpktPFsBffuTToq9tpH3HfmsEEnULt,BkakofkRcGWEpEXi2KG7TKxFMGrCuc3U9oKgtdvr7ePC,15000000,1093693036,13714999999999000000,192,0,2026-09-02 13:30:06,24oAKTNy2nntJSxQucYfV417ixECS5gHEqLSi671uWwMwyncgCUTNU5JNhLRCK15Mm94g16K5S4T7edFegpWsFya,24811,2161959502349704948891225432711734394,1111193476,1093693036,,,1
2026-09-02 06:37:28,3iUzjruFoL7nsXN8rduyAn1tHyJCogC454SEzpMre75ytAGZtWr8wn5gmQxEsKx3LW9Ap1wceStWfDw13ABKfw4x,buy,AAPL,B3S7TuCmBPsNJW32SzRLBwbmWmgNzFBuHnBG9rdvt6K5,3uyZwaXBpjrzGZhpktPFsBffuTToq9tpH3HfmsEEnULt,Cm4tW1FEZUQizJc85BEGdZL2ya8aww8m8wn5RFGohEHU,10000000,30848011,324169999999999000000,217,0,2026-09-02 13:30:18,84TVxRdwDkxfz7Lwd1pDGxwhVweSJfv2zq9ny8j7pEha11z5sk1oSVKmVYgjzToyKDjTkXoVN8ddnJEbeftmwV6,24770,2161959574223946024342161319107424110,30573833,30848011,,,1
2026-09-02 06:37:47,CyJQnTb8GcT1QuuSSF3ztDeHB37H2FaVQNJD6Up1d9okGteAfadvnhgQY7cqoUSw1zBQGMEUAXJRz9ymaLvXLQA,buy,NVDA,FkzjAJX584L1LncQb8AKSnGhc5sLvZjPGCgZLGpeHyTH,3uyZwaXBpjrzGZhpktPFsBffuTToq9tpH3HfmsEEnULt,7DQYsDNpaS2BAV8GmP9wDZGjayKgBDB99arYgKcnzjku,15000000,69079856,217139999999999000000,41,0,2026-09-02 13:30:10,2afXqN58P8XiFZe2FTZWcxXtZ6quUetaHxExwXYrwy9aJnqT482CQyYbBVK4ERMRMTLJvYWg8W1bvR2KChsnbGmH,24743,2161959597957567809839015263731482503,68466246,69079856,,,1
2026-09-02 06:59:40,3fNAdaxM6mBQTSih2DUxMEH2Mc2qtbBNQf2ZY4LG3idmjmW9i77kuHqcpYV41AyrfBo9q5EpTpVMNsxD8amzr13U,buy,PFE,EG3rt93i4iifbhyEvmcJi13yb6E5uudJpbNWNBrE7W1u,J5SS8KD7jMoEdcmZ75a5DsQQEivaZLmp5LgvrcPRvAB6,BhLiVUqksNRzUDcSEYYBsXfoNo1Yv9S5ZhAUjvbrmpGE,10000000,349772647,28589999999999000000,288,0,2026-09-02 13:30:15,3yZaLGEcRxZcaR6RMzxz2m5qy2qPzjRE641FoQWCpAETsS3mv9EpkFu4k3zJ5mYkQkZesHu8PJifLExr2dnb7QPY,23435,2161961171431350295700952246336239212,347236704,349772647,,,1
2026-09-02 07:21:00,3PZdSa3GCLKUAF7qBH7iuVN1v67USJ7LrteUyNFLU82ExLZAVzamPvXvT6oCDFp21kfvPUNjLvKWhTWTxg52Ppd1,buy,NVDA,FkzjAJX584L1LncQb8AKSnGhc5sLvZjPGCgZLGpeHyTH,B75HaEXEu6v51PfkQbFkzMFv5vDvpZmS349MKQdNLmHJ,DqgXXSM9e18FcnJ5ukZV8DjHxZ4KXnhzhYmafnCR5GVa,5000000,22980053,217579999999999000000,234,0,2026-09-02 07:33:27,di5PqSfccGtHXS1gG9gMsnrd94o9KGgFUpBhebBRjfwNTnQipGdSVchTXorFBGdhASM46CjvKvNeW82aLztiJ1r,747,1788333659369593069,22991677,22980053,,,0
2026-09-02 12:21:58,2GKV8k8YPnnTG3ngTE1BSkg7GtsA5HjJbCSgCtMu1ko7Q141PX9SzTGdMib8Yg83t2FxcUZRcbu6y4oXp2DotqhT,buy,XOM,DwBR6tLSWzQ6ZDMJ7h49p7y6hQtE5gBxwEfQfLUmZuxF,CHAcdTTgXG2GJrdaCNrYLMUbsLK6VEzkenBa6TnXYVTU,F1rz3NPiq91DcJoNJyoHJi4wGvyyphTA5XQ5hjFFmT7s,5000000,30620378,163289950000000000000,137,0,2026-09-02 13:32:57,5vvf2KBocuDwNNWk4w1irViZ9SBTaiMMGytsGTwFLctuGZgr2ftiY8xavc1oSZbFLSv7nL4EgayiqJwb734Rk4uy,4259,2161984559214743172061858221511238453,30482590,30620378,,,1
2026-09-02 12:22:14,3i7nqYB6x2pTad2oTXQLGhoV5YD2E99Gp31EfV1mPAN6u7A59bZFTaShddBx213xxWV2qaFp3f3QzANXT24H5d6S,buy,GS,HbCB8kGqwaQi9Q1K9EvYjfbMnFjaAUMQAeR3k7PDAKin,CHAcdTTgXG2GJrdaCNrYLMUbsLK6VEzkenBa6TnXYVTU,4t4UVQ7f1NyVrCessuZ99xybKWDnTxCDmqVt1zeEwFig,20000000,19847550,1007681000000000000000,260,0,2026-09-02 13:30:12,1Xwt7jFZKN5p4jB24Va3tNv1p7SnJ8NDhvczZTnXz1HprLnoCtqCoPgqBY7jNqsxZFWZBc1i2Y8nTG2aRk5vrKa,4078,2161984581500087578450984947646890414,19797175,19847550,,,1
2026-09-02 12:22:50,2Vyf2ocDcDbhGC6eYSqz32d9YbXBdBnjY9EZ4NUKXBqeEDr1NLDHpKE9HdviXeLKmBczzkrLj13fsTZSyxJAL7QG,buy,GLD,G984Yppzh9oj67r2QUJFBnSDaPDXHQ8SgxbgqsKatd3j,CHAcdTTgXG2GJrdaCNrYLMUbsLK6VEzkenBa6TnXYVTU,EHEaLx8ErEsXbSxKoF4cEwm9dFvUNSRxMrcxxDw2Trdr,5000000,12573460,397663000000000000000,8,0,2026-09-02 13:30:07,5J9A6SNbdaDtnApjhyL8o4xd2i1kwrtSkUMtMfWBmT9xejqz1WhsTrVJyVAK9sDF6wWbMYfW5p9TuzNL4MKaWeLf,4037,2161984626059892774776960379122982313,12485612,12573460,,,1
2026-09-02 13:04:09,5VmXktxm1fSUTmUtgi1FLshmMhnGdFFgkG4vFKxg8czq7JTBSBSMPfBoL3eh7aTe3JJNv8HP7GZF8MtA1ExK81n6,buy,AAPL,B3S7TuCmBPsNJW32SzRLBwbmWmgNzFBuHnBG9rdvt6K5,8RnK5aFnioegaiu7YhPdfhEvVowxsaVJXJpNpciANbNQ,CqM4CCUUZWvyG5Ja8MvqxeynvXShrUmdZWLnXUHgaJU8,3000000,9179477,326815999999999000000,17,0,2026-09-02 13:30:19,5DswjV1jYDt7cPyUnyDmzCFdev2wKifSEqJjNnAtAgQfbhxj19VY9NKRkU9zvgYF9kdpCejfEW7rmy7DoQ246Vfd,1570,2161987609089181994770214200626778039,9150726,9179477,,,1
2026-09-02 13:04:26,26N9jnuu5K5VA1yUYy8Y2knDRzJMX8QkMbexkseBjYBTKeuqVarreMQm5cJKnv7QWvb6WkJe4U6JghL8zV6y7XbE,buy,XOM,DwBR6tLSWzQ6ZDMJ7h49p7y6hQtE5gBxwEfQfLUmZuxF,8RnK5aFnioegaiu7YhPdfhEvVowxsaVJXJpNpciANbNQ,E4S3tFgjCxMq9v6aqwp32bW5nngqJZugUaYFYa13CWV5,3000000,18393059,163104999999999000000,256,0,2026-09-02 13:32:59,PuSiDLNkRdijYeHpH1iq16EV1xuTxgibEE7C7Qpmy5WMBjBxfjScH4v7bhKXaJc86TsgMSiFvB1x1aERcMZz3CL,1713,2161987634078878703708516351634791709,18265119,18393059,,,1
2026-09-02 13:04:54,pRnYyXRR957DNGBviaQmN1k9ddqxRxnLTc8H6LP26pBCqAGhrbZDkPG7iDU8DYKtFzEzmpQ84JQddxNemVMiHEm,buy,SMCI,AJA4fVUTXmjnRDmqqpEvMfTpBR9rXnQtJcRMy8e8TjaJ,8RnK5aFnioegaiu7YhPdfhEvVowxsaVJXJpNpciANbNQ,BRvu7sfg1xMdb51x7fELYesCgoifs9nk5TB6bdRGTn5f,3000000,80597496,37222000000000000000,269,0,2026-09-02 13:30:02,3k2kzP3FkYQgCxCaSqHfAFkn9J92CCa9TA9ss8V6feLSMAEeSt9FYbT9tLm978DhUTxVHW5E8x683rcnRxV84qvY,1508,2161987658571742391384304232652272012,79415670,80597496,,,1
2026-09-02 13:05:18,2XGWjAi2EzVKMSvaJb9QBDkgcyDCNu3zLtVLHozQevEWMns2gsy2DvR5frdNM62cjXFsFbyiaaMkGQWYxVa6RNDk,buy,PFE,EG3rt93i4iifbhyEvmcJi13yb6E5uudJpbNWNBrE7W1u,8RnK5aFnioegaiu7YhPdfhEvVowxsaVJXJpNpciANbNQ,3u2qKpijLngjsP4H4PQsR5LKFyYEqz33JAgu5dYgBmUo,3000000,104658707,28664600000000000000,280,0,2026-09-02 13:30:14,3rMEwuQHPGKQf32wbTzqka1oEfkcCCBh83ZFVj7P1ioC6a5CTHdZfXs5gikTBUeyAPy9NBpGyeatqER1fwP9cT1o,1496,2161987692989868405917173169008461728,103927702,104658707,,,1
2026-09-02 13:05:49,4mNrEs4qnnkMQdBCcJLKDJr4VU5BFfJrz1s8P5aw4cRwoiJL1BVheq2wTVLyTmRZTwSivRC9YhiWM2x1bAgHfzo5,buy,NVDA,FkzjAJX584L1LncQb8AKSnGhc5sLvZjPGCgZLGpeHyTH,8RnK5aFnioegaiu7YhPdfhEvVowxsaVJXJpNpciANbNQ,AmbhuGy5jTeKH4utYgEM81o4FxMft8VV6rde8bfLZNdm,3000000,13767783,217900000000000000000,206,0,2026-09-02 13:30:11,5pdyDSFVhr2w4KqjakPPq7Sw43tA6qF41ofYSAb1uiEZQHubR9XCbbfRq8LdouFFPtQzwmLSirLSZF24eGLXZkXv,1462,2161987728466993649115598177140696246,13656709,13767783,,,1
2026-09-02 16:23:43,2eGT5wcou4hcWNQusrUameSdbyV5tAZDXpyVqGoV12EkyqQMUqXs6k47ihqE11e7Qgp3FSnqa6AH4skWsQnG8aoJ,buy,BSOL,DaBqWWKszBeiTmVqYCW58W52UUhhVjRFMUw5swJwaSDb,8RnK5aFnioegaiu7YhPdfhEvVowxsaVJXJpNpciANbNQ,Cr7zzJXvfxMmiKDmW4ZWNRmKestZ34x3Y3BVF9zdCVf6,3000000,219458668,13669999999999000000,257,1,2026-09-02 16:23:51,5qjCeiHM2fSAAttTSh87DjeLvajMBvzEUJK4dfXVRB3K4n4zm9Qi9GWJEXEmqD6b1zPMZRxHgEFkAcAq4R4VWtF2,8,2162002080986637568026095127100896028,218439509,219458668,,,1
2026-09-02 16:23:57,5ApJ4Kj7hZCcocaS7HKLkTh4JTdz5D8XW93uhezEZrEFJGgk3dgmxvBjkbtWJqsEYDVHhUZzahrMNigHZhxsXBoC,buy,GLD,G984Yppzh9oj67r2QUJFBnSDaPDXHQ8SgxbgqsKatd3j,8RnK5aFnioegaiu7YhPdfhEvVowxsaVJXJpNpciANbNQ,5HfJ8PmCW2xdNryzEbTnmdhcDBpke6aczsXCG1bxufey,3000000,7483685,400872000000000000000,269,1,2026-09-02 16:24:04,64cQx5EGv5xr4sS48HGY82D2wCdnhfn6mr42skwbHS3zb6PkwjmJdX3b5T9r1tugxWK5jcrz4Gyt8oeQRaHRtULt,7,2162002108823384759094997743723229337,7461308,7483685,,,1
2026-09-02 16:24:12,2wmC7av82YdqkEdcqGmkg5MtPyKwvw1WDFdrUx6hE9sV7RMYq8MBkGFfCQ4XcgUyCVFLVsmSgyDu373mFqcczr65,buy,GOOG,6a2yZjSpCncEyiPrB3ifnAJdqJVUNymu7vEvLCaySqmp,8RnK5aFnioegaiu7YhPdfhEvVowxsaVJXJpNpciANbNQ,GgoDxiCvYqEHakgEEwUZmhRVKz3TYd8V8FyqcKp19c7q,3000000,8975317,334250000000000000000,2,1,2026-09-02 16:24:20,EQ4QZxfgnLEDFCK1t8TbsPS1hF25K9jcaGVri1P7UL4RehRgF9RECui4xh9252A3ydedqWnT959pT3Ze4QSvmLD,8,2162002127406970581760380201544709690,8945560,8975317,,,1
2026-09-02 16:24:26,3mgPc3UW7rEVD2vjJo1uCS54D5RBpryrHFvGR9XS7xey2eQB9sST5W2VkKX4Tpe6qsKLjDts4LWWAPKn1cBYNKwA,buy,GS,HbCB8kGqwaQi9Q1K9EvYjfbMnFjaAUMQAeR3k7PDAKin,8RnK5aFnioegaiu7YhPdfhEvVowxsaVJXJpNpciANbNQ,EHU8zNQPponGUMwk8PsJTm1hhuSbJfzRaaZaKu1fGVuS,3000000,2990991,1003011999999999000000,122,1,2026-09-02 16:24:33,4n9PbNEZ8dtFqGXNVKHwXaug9k3Ju1PMAuE6X9DfCf6qUNJxc5RAjiSoLaifk1ZMUG2nUW3JnJBzsWHLTL7EamsE,7,2162002145037969525901978795139146323,2984484,2990991,,,1
2026-09-02 16:24:39,4Ep1y1NtN5U37tGZrSrTvM7gFxNve362FKTU2VVwnPRwjj44FMMV32oa7ocP8B3vFVBki3Nd8C9hWFjdtBTLthTW,buy,IBIT,9HfMBSLn26e7ZTDjjGRBVuF2wfEFoQeqCPMqz6ZK6PyH,8RnK5aFnioegaiu7YhPdfhEvVowxsaVJXJpNpciANbNQ,A8BnqamWQ4FnAXjTay28UFSKB3gF4yKL92HCSABgDNZG,3000000,68376068,43875000000000000000,27,1,2026-09-02 16:24:47,5BBT1o3BuqvajnmbUwhY4fm8vomZvC4FcVi2ftxvDFtnmqV9RUJvbJeup8AReALQUyZzdmjn2XoV4GB6e8vvodvK,8,2162002162442874864706551129884560970,68081424,68376068,,,1
2026-09-02 16:24:52,fRuJh9qJ5p7woneR3n6cqdtKvtFD2piRdXHZGS5Q3s3EoVYKamByyCmQfkLVET1V5hKssVkCesZ3qUdCPySp8Tz,buy,MSTR,2HxYoAmyFHPrfaecKPZdMd9dRjQ7HzRKMFSqMP6Z2mGQ,8RnK5aFnioegaiu7YhPdfhEvVowxsaVJXJpNpciANbNQ,8MRYEB38v9kNnboUojHB5Zqs7z8WvbYizPe4yCvAaHgb,3000000,24377361,123064999999999000000,143,1,2026-09-02 16:24:57,mSTkQtytLDy6FLF3Xw8FPB3PZeoR92YxwvAxSRxfnLSQkEyGsDQJHFNTQTr2ML2E5kgn5BC5pPuJAsysJgQnFqV,5,2162002176668296354325207634262114806,24281700,24377361,,,1
2026-09-02 16:25:16,4KZCS14PSp3CVBYtLdVopRfsjWZzMX9vxsvWaFksMgEmYJYqrKdrnEGhBNc4foeBo8gaPJC5tqWyEvYCPyDCY5GB,buy,NVDA,FkzjAJX584L1LncQb8AKSnGhc5sLvZjPGCgZLGpeHyTH,8RnK5aFnioegaiu7YhPdfhEvVowxsaVJXJpNpciANbNQ,FAmzXr8Yw1dKQ5D3gFgKAQ1GCAmixdKMC95bAZLV2DN5,2590000,11406877,227056000000000000000,68,1,2026-09-02 16:25:21,2nn3H1rgzVeCv6JL1hoW4nGf4rFrprrxZitUMmp56EEUUkCr7Ly3T5QRXxbkV38qwMuUshbCWmeaNXP31HeCwXxU,5,2162002202633609938843056783252682282,11356333,11406877,,,1
2026-09-02 20:09:42,5MQ1FEjPhCyUg5EnzCqzUHyo9ZoWLUAvxGUqNdkUZaZh354iy5xbqRc9ib56s75mKYTUTG5g11agrz5FvD5wWtc7,buy,NVDA,FkzjAJX584L1LncQb8AKSnGhc5sLvZjPGCgZLGpeHyTH,CHAcdTTgXG2GJrdaCNrYLMUbsLK6VEzkenBa6TnXYVTU,Be4gKn28B55dCUWaPutaDzg6ps5S9VpyByvHFH34waaD,5000000,22259786,224620299999999000000,3,0,2026-09-03 13:30:22,3mq6tuJT55XteugYScJEEJTcTrDbAoULsphs8TxjGehi6Yf4nMCjBjKsXvq2atRRtZaqMuWzvh7y4AwtSZpsbLmD,62440,2162018483752619150081024528817163543,22086486,22259786,,,1
2026-09-03 08:24:34,5GCXVMjrtnUkALH379fsKssF3Vb8Hzmi5a5PdJzxGCU97xqSmf57Xme3QLrVHKSo6GS4LkPF4Qgoo62PJ3zavdzU,buy,GLD,G984Yppzh9oj67r2QUJFBnSDaPDXHQ8SgxbgqsKatd3j,3uyZwaXBpjrzGZhpktPFsBffuTToq9tpH3HfmsEEnULt,2mDRJDpvSv8mPRsmfErR1CRox5HPGEEeWqx6AwwPKrZQ,20000000,49139686,407002999999999000000,154,0,2026-09-03 13:30:11,5HsCYcPnkgoLTH6bxhYxrUWPVDqYWn4Fv9p6UVjPhZGwx1XUzM8n3BzmDt8KpAR9ggdwN9PsXWCkGGpqCZA5pGmy,18337,2162071789522028806064976836411029755,48672997,49139686,,,1
2026-09-03 08:25:07,ZQinmtXrVCmUripDDGB8q4wStGrM3mzP5UTcFCmFDJEtBrRxv7FPP7TfCDHbAPhcfYKP7NWWYEzMT36E73ujbd7,buy,GS,HbCB8kGqwaQi9Q1K9EvYjfbMnFjaAUMQAeR3k7PDAKin,3uyZwaXBpjrzGZhpktPFsBffuTToq9tpH3HfmsEEnULt,9wZsN6DYiafBdtPhcrMDfGgCBtneJ6NGWm1xQxLDRfjT,4980000,4958134,1004409999999999000000,100,0,2026-09-03 13:30:13,4YHDgdbCm7SG9Hw92gpk3XsiUj4CyuTYfjBnZSGxMb2eKxS4rUmrCk9Byx3e8PCtG9F8YRsJxQaijnYSnyFjYnqV,18306,2162071834023794308713974960225986754,4901864,4958134,,,1
2026-09-03 08:27:25,26JnEfmB7ZZJe7tsNHmiCiM8bsdaSa1MuYz3dXBcvgqpbs5K3iqcbU5FJhtry3SqAhC4QRGceLTNzAAtJtTWvtri,buy,NVDA,FkzjAJX584L1LncQb8AKSnGhc5sLvZjPGCgZLGpeHyTH,3uyZwaXBpjrzGZhpktPFsBffuTToq9tpH3HfmsEEnULt,GtEWU3carHf4gBnr3n62g6BRxAFj1FbQdTEPVgy1V3Dw,20000000,88664272,225569999999999000000,164,0,2026-09-03 13:30:23,3fkYpyavgVGshu95W8owZCD2KrBV3rV8YUFQPmyLj4hkvx3kq84TVP9VgF66k6d3o3SKtaxYAKekjrVHpWPY7gvg,18178,2162072001474517403227623755791514659,88478732,88664272,,,1
2026-09-03 10:12:43,5LqZSLguoDi2BgYCNtvbpYY66AHdmA5DeFrr2n3GAFDdhJcATw3bjvcfaTBHTNk11fhA8wd9EXPY3YaQaBeZUUkn,buy,GOOG,6a2yZjSpCncEyiPrB3ifnAJdqJVUNymu7vEvLCaySqmp,2H81WFH43EiDhaeWg6d4y7UnBAJM3zyxxK4BEjgFXJv4,4QjsuRPVCurec1MMMhoArfVsFNjgrEhd3dL8N9Vxc1DC,2000000,5962495,335430000000000000000,166,0,2026-09-03 13:30:17,5VJrGXskr51ifKJUq9RKQWXsvdpPqmrTDt6N53LXArViaUkRHXQn1vf8nvo2mMitmDxid4USCtJEKCu5t4PkwSBY,11854,2162079614084042283209068270417614526,5910481,5962495,,,1
2026-09-03 13:03:40,3saQYbx7mvfYBhTUZdwAqia7U1E5PbdnkxnMzD7YWcAHi6LHGQzUNrKiQW986tEorTotU7XTfYNQ7zeezg3DXPTW,buy,NVDA,FkzjAJX584L1LncQb8AKSnGhc5sLvZjPGCgZLGpeHyTH,8RnK5aFnioegaiu7YhPdfhEvVowxsaVJXJpNpciANbNQ,CZq6tdxoWe2KoT2ZVcLQqB9BY9sadJSnzVyerMEYVmCx,4000000,17710870,225849999999999000000,208,0,2026-09-03 13:30:21,2WeZTx7SP3K2wBcAw53VJ6bUoEf5WnHu4egzGD3eK7XM3p1YKWPYmQ6XhJM73ui7PGyMVCCmq2yXvFABcN1sJxyU,1601,2162092020785603527475767232403587727,17660337,17710870,,,1
2026-09-03 13:03:54,2H6SsRpS7yRf1pyFZfWoKXgcUaaKtLBEiGmyMnx8xk8onPDfPduNmDg1yjFy5M4eHcqG8TzFKQkBebBFoU14aZnw,buy,PFE,EG3rt93i4iifbhyEvmcJi13yb6E5uudJpbNWNBrE7W1u,8RnK5aFnioegaiu7YhPdfhEvVowxsaVJXJpNpciANbNQ,GT4eC21hNna66YjpFUtzsbecELZLYrxqHBf5LPM9xKCT,4000000,137964812,28992899999999000000,101,0,2026-09-03 13:30:25,2gBmZ8Fjy9RRFwCtAYgkze4kweZr3ZeMopx27JKQnBhM8vAbgNbyXTpsyFBWAgQJ79dA9vMTR48vkKZxWpJriWCT,1591,2162092051094571148784859349724345983,136878216,137964812,,,1
2026-09-03 13:04:11,BonzdjSPyk9NgKeQiNy7nwSY6UHtfr7nzJqnk8xnGZWRNjbGCAq2xeUShQkpyHMyWRHk6P4AHTSJLo8hmm4R7D5,buy,SMCI,AJA4fVUTXmjnRDmqqpEvMfTpBR9rXnQtJcRMy8e8TjaJ,8RnK5aFnioegaiu7YhPdfhEvVowxsaVJXJpNpciANbNQ,9Wmp7WvmNyDKaFKQct6QKwKwGgsiu9hkFAnWX2GFPZ23,4000000,109589341,36499899999999000000,116,0,2026-09-03 13:30:03,3LFU8zUDrbmzcByEGmvUEWQnhMSPAG56JiyoGUADnmsZbqqdz4hvJ4okT83KnUDYQaeCKZWxRbymYyb2mWDN76wH,1552,2162092068472892217578591586174377076,109315068,109589341,,,1
2026-09-03 13:04:33,5wNrQF2wWECqcz1uxWyMAZgyS9BvHvsZ8d3f77hEJ3qxYwyZaTUNgCDsAaCCkRAgGTdvZs4D1YEJV5pyNBshM3XL,buy,XOM,DwBR6tLSWzQ6ZDMJ7h49p7y6hQtE5gBxwEfQfLUmZuxF,8RnK5aFnioegaiu7YhPdfhEvVowxsaVJXJpNpciANbNQ,CkNZbi7LeVHnQWCj5BaHeSzF3vbhwZfwHryWzgX4pftt,4000000,24311675,164530000000000000000,243,0,2026-09-03 13:34:50,5ufEadHSXFdMjpAQ7AXqxJbrXwDKUgm8KFErAtiTYB5GrKHXA9B6XXig8VRZMG4wD6TxDn7hsHYPyFPzdNBe7o4h,1817,2162092088148149213454335084756243003,24375343,24311675,,,1
2026-09-03 13:04:47,3QqD7wqVCSccn7DTAtNjc7L68Bdjp2AuHNtz9YXoEKa6iEVoCNE9FDu3XimEyTrKJFbjYfh6Vw6dZ8U8Jpqi9osq,buy,AAPL,B3S7TuCmBPsNJW32SzRLBwbmWmgNzFBuHnBG9rdvt6K5,8RnK5aFnioegaiu7YhPdfhEvVowxsaVJXJpNpciANbNQ,CayXDWqCJBnZakcNLsujMrd23rBmEfjawcGwaNUCD8w4,4000000,12327746,324471299999999000000,185,0,2026-09-03 13:30:26,mqZhrip5ukZt7V5mk9YqMF1eDRJ2Bmjvg9D8mDSAPXNfd9SWAzM5uTMuX6GLBw1hSBftBfbpNENX8qYWsYLsiym,1539,2162092116163811895869608521088384384,12283726,12327746,,,1
2026-09-03 13:05:04,U7gYRy3iXoDzy4WGUbQ23vRmnTgTULz5XnC265T2esfazdb2yaMuSJdYPcf2nDUuf2uw2AkWWvtXuvsC8QK4vFm,buy,BSOL,DaBqWWKszBeiTmVqYCW58W52UUhhVjRFMUw5swJwaSDb,8RnK5aFnioegaiu7YhPdfhEvVowxsaVJXJpNpciANbNQ,BXE3CEeSTyh9snenPMdaRWSicUAn83MwTdkRDNPfEk4D,4000000,287203641,13927400000000000000,154,0,2026-09-03 13:30:07,ZiVeqa3mrmLH6S8cx7uQWbBkEAyQBFDYHGwagzUWic77SSrqoXK49wd5DcynDQraCfvmfvcWrPFmFcwwVJo7yCu,1503,2162092136065150838533660003565385035,286432160,287203641,,,1
2026-09-03 13:05:16,47WxbhyZBQ7nHMgCWmrY5cUaBGJjFfJiBXzXyGZ264LbBbyHh9sUWCVBjhznkNWhPoLuXcoBnD5MpBXNGXcfm432,buy,GLD,G984Yppzh9oj67r2QUJFBnSDaPDXHQ8SgxbgqsKatd3j,8RnK5aFnioegaiu7YhPdfhEvVowxsaVJXJpNpciANbNQ,8fPMp3e33GLK7gPxhaggfrKpBY6MAJsSHL9oKEX4xrHr,4000000,9715996,411692200000000000000,135,0,2026-09-03 13:30:08,5VzGRj6FT2kHg9wvYjAAfeJHeR7ERpJXyM2sETebdHwcTLmAQhFsz97BPPaMD1ueX1W86FP1wemgySZEu6g3Ee1C,1492,2162092150834607816096009613184663749,9715120,9715996,,,1
2026-09-03 13:05:28,3dao5SzgcUEzuEXKWHBKiC9V2PBcGdnwFPYvkQ9qZxwuKW5kAk6bWZEhXu3JLJepCR8gEWM2TCtER36tefC1hQ8U,buy,GOOG,6a2yZjSpCncEyiPrB3ifnAJdqJVUNymu7vEvLCaySqmp,8RnK5aFnioegaiu7YhPdfhEvVowxsaVJXJpNpciANbNQ,HkYHdiidMaUiquMqPeWGd57QDZEM16KW1oXAFSBRB7fG,4000000,11958933,334478000000000000000,300,0,2026-09-03 13:30:18,4g2HFyhgj6GCGbyZzJbZq2XTe51WKnGmM2MjUEaRovAUbKNY36NyLYf4V1d86rY5g8sdkFZris6VRf6Zc34GSSyU,1490,2162092165356204728418696243574922526,11850663,11958933,,,1
2026-09-03 13:05:42,3y7zcTqXCfPVTXHoaCFUwGWJ9LRd2CRUqUgxWRuHYJUApMmFoP4Ed6QGoNUCv6EgHonfyrQCSVTyvaAr5TtUWakG,buy,GS,HbCB8kGqwaQi9Q1K9EvYjfbMnFjaAUMQAeR3k7PDAKin,8RnK5aFnioegaiu7YhPdfhEvVowxsaVJXJpNpciANbNQ,5qpvXv2rbQbzogFZYoZoK9agjmCxAxR9XvLkoVY8SaV3,4000000,3952442,1012032400000000000000,134,0,2026-09-03 13:30:14,5crCPxs9pq1azsLjdZbWzZrCadUUm9EU3PyfjR7o49PwRYcdFEbyy15iAg88Ejo8V9GHm5igq1hHhLB9cmvkFTgJ,1472,2162092181688783088148349485706909915,3935299,3952442,,,1
2026-09-03 13:05:55,5HQ2WuSvNNZRA6mDstR5K3LupNjZngmHwH6S6v2e9wJQC8bwn7RQnf99na47793Ldes6fQpwkdwbULStbLGpd4JQ,buy,IBIT,9HfMBSLn26e7ZTDjjGRBVuF2wfEFoQeqCPMqz6ZK6PyH,8RnK5aFnioegaiu7YhPdfhEvVowxsaVJXJpNpciANbNQ,8EiMUx5fwGothxx7aJJAHkX1B1k3uW2hthwd6Ci9us4K,4000000,89891680,44497999999999000000,295,0,2026-09-03 13:30:19,5RuNAt3GXzQ8H6uusSaFvJefrq87DMopDraKcdnwYLqHLxGsFZv5VkpmiMyVrRQezEBjhsu4T1SpH5TYKsT4pTcg,1464,2162092197461664691518654135456317431,89844629,89891680,,,1
2026-09-03 13:27:43,32XEsn6P3ToBTcumh1XCHuAVV8k47VHkMbswwzdRRFFc96TAT1Q8hGukNNwvjxnHG6E5EcAys2evmEojKumEFPwt,buy,BSOL,DaBqWWKszBeiTmVqYCW58W52UUhhVjRFMUw5swJwaSDb,CHAcdTTgXG2GJrdaCNrYLMUbsLK6VEzkenBa6TnXYVTU,Ctm3x4CVG9v3nZ27AJy3yprR283CSPkne9mUgeg5nZH2,10000000,718303080,13921699999999000000,13,0,2026-09-03 13:30:05,3z2GsAYMmLayE1SLGLmFMDLHNcXnFff6MeLFX5vckJHd2j8iBMxkwEvxvsN3mTjfUU2bjBF6i6NjCTVKm7mxFtQB,142,2162093780934465765557382589961890547,717157214,718303080,,,1
2026-09-03 13:55:22,4HL28J1Zas8b7nHktvsv5BuxikzBBgLmzd9bGjrFM3v45L9jfKkr5rZbNUcuPvjc644P95Ac9hpJPzNp6vivpzkz,buy,IBIT,9HfMBSLn26e7ZTDjjGRBVuF2wfEFoQeqCPMqz6ZK6PyH,CHAcdTTgXG2GJrdaCNrYLMUbsLK6VEzkenBa6TnXYVTU,ABFFEvfggEac2TGrvHr4uxFXoQgXeBvQVE5wuMCGr5qT,5000000,111809298,44719000000000000000,262,1,2026-09-03 13:55:30,5AbPXFDBD78fZaZevuxaf72wPB99ZdSgwE4E5dXhBHtPykdfqWu9Y5yy4phoFc7GYjaUmoYS2miawkdcqk2Kk4nt,8,2162095786523033033349720395698013334,111863342,111809298,,,1
2026-09-03 13:57:15,23fAorXEbMANh6re3XCe2qdS9cvCPj3HdXEZxWW6DVcfy55cJ8Sky1uHJeBD98Xt965VfrNFmdtvJ36S2S1Uzg1o,sell,BSOL,DaBqWWKszBeiTmVqYCW58W52UUhhVjRFMUw5swJwaSDb,CHAcdTTgXG2GJrdaCNrYLMUbsLK6VEzkenBa6TnXYVTU,5mmkMr4zExBgdk4FsYwUtWLF5B1xBtht1JJVGMhhVLny,1000000,71875225,13913000000000000000,15,1,2026-09-03 13:57:23,4MjbZGCVXKoZHLXtR7Ay3j3nrhPcN3tpu4nKL2qib4wqs8XT7yNjVTU8h595cV1bjicWjtFbinoq21qpgggtW5vb,8,2162095925323445168380026065153541748,,,999928,1000000,1
2026-09-03 18:47:44,4jLxQE7Z6mGKYvBcbDKo2YjeXpy2wCYm2Acepfy9j2TbuYn7YdbubJhjK8Ba7wN7aWcF5rHaPirdL9pi88WjdYh1,buy,GOOG,6a2yZjSpCncEyiPrB3ifnAJdqJVUNymu7vEvLCaySqmp,FbmDobZRM2xbHzc7KXei32zKyMiSL7drTHRETGKSc5nX,E8nWiLxge5RZuUkzPfwgbMBj2NqFW4qL3jq5jtXxyewk,10000000,29469663,339331999999999000000,150,1,2026-09-03 18:47:54,5DJUkxcQA38Y2vDY3ifYaQRvLz46X2KgRYvysctLjnHN3orZAg3R7LgTvw3dxbYxtWWenBuoj8Zb7eKT3UKQDSFB,10,2162116989691648880603123618834914030,29442450,29469663,,,1
2026-09-03 18:48:06,4CNBpuGosjXy9YLAea5z1YwuNq64epVDopoc35harTRhGA6qECfDJRLiQYXHqqBijUC5essCmoBkJEq3i6hKexjW,buy,GS,HbCB8kGqwaQi9Q1K9EvYjfbMnFjaAUMQAeR3k7PDAKin,FbmDobZRM2xbHzc7KXei32zKyMiSL7drTHRETGKSc5nX,H5XGiaHCcd6CrV7DC2PiecBcgZEdcBXG2Ua2oGUgqjc5,10000000,9683026,1032734999999999000000,35,1,2026-09-03 18:48:14,2kHCmctG38LViMMVdEMhW6TKqk8DrWcqSM2cr57RuoBecitPhFFuhy3Mx6KNRJMm7vF1hZ2cKkM4hDz95x33bGC1,8,2162117019663335216804061252189360541,9669139,9683026,,,1
2026-09-03 20:00:18,5mJqpm5Ni6hhLDjjDgpNozEeCwAPXL1pcqESwPazcZptndFF1hsZ9gr2yf6rUqX7kbdMRh23JAVET3tDEU4BNPXW,buy,MSTR,2HxYoAmyFHPrfaecKPZdMd9dRjQ7HzRKMFSqMP6Z2mGQ,8RnK5aFnioegaiu7YhPdfhEvVowxsaVJXJpNpciANbNQ,9L81T17Rm5887XMEqbrZL4ZLUaGdS6gpq541t9fXtQYC,4000000,27634806,144745000000000000000,11,0,2026-09-04 13:30:27,3UcyV1y17nCXLLNZwfyv2v7NxQqBDSEvPc2ajnYSigJ21cFEtvLZUkmpPVGViYERm3dPhggSYr9qYiEPT6U2sWuf,63009,2162122245032425865905666864141742464,28957108,27634806,,,1
2026-09-03 20:00:30,3ERJKd1UQu98ADqFTEXKxsDh3EdjYpNpvT6Fh6yE1is64Bu2rSZfpBdtNsWyjXNfCr7QMUn4sXmtoPoJEBunez9T,buy,NVDA,FkzjAJX584L1LncQb8AKSnGhc5sLvZjPGCgZLGpeHyTH,8RnK5aFnioegaiu7YhPdfhEvVowxsaVJXJpNpciANbNQ,5HwbxT3FMsLVPXCioMyg1HEx25zrRRdGtDE6xMxSTzqN,4000000,17487638,228733000000000000000,191,0,2026-09-04 13:30:03,Mnn1WwMe3WKAtrcgeGKHmdyzYqPvFRRFcYPmXXVizjYjTK8P5zxXmA9DMAs4Yj7S5oFLt7vkN9oc7v4K6cobXeZ,62973,2162122269173456667811700485677507703,17263759,17487638,,,1
2026-09-03 20:00:42,UpqnRqk6AwrQjYde3npP5D5HVQdK1LwBrX9yZ2V8KUqxGhBV5CHAjCKgg3mhhnaSVaMpz1SN1yajzqH7GqUWJS3,buy,PFE,EG3rt93i4iifbhyEvmcJi13yb6E5uudJpbNWNBrE7W1u,8RnK5aFnioegaiu7YhPdfhEvVowxsaVJXJpNpciANbNQ,Ay1G3dm4KxEpz91wEetNJHLi5oAmZomX6cnTRkTGVNoA,4000000,138913005,28795000000000000000,172,0,2026-09-04 13:30:34,2uJxdsNsM317zyrq6YkSs8oDdRwozMymHMn15185FzTPhvbaeKtS45k7EiMsCWSDTs99qkPxfcETfBWPK212iDWE,62992,2162122283715629244890309152954285191,139608117,138913005,,,1
2026-09-03 20:00:55,23FLyTmR3Kg9G6KZC8xeB5rrLij8UBB6BnfGZ3qQbQXVTTb74MJ9HEWWopo88YEup7sGCzi2hZJvTyGmWR7Qmhpz,buy,SMCI,AJA4fVUTXmjnRDmqqpEvMfTpBR9rXnQtJcRMy8e8TjaJ,8RnK5aFnioegaiu7YhPdfhEvVowxsaVJXJpNpciANbNQ,3RaPaRWHRftRoZSdep6CkLTv6GpjaQ4gvptZxqYFoNMv,4000000,105579897,37886000000000000000,154,0,2026-09-04 13:30:37,3zNyohKGtySP9gf683d16XpE3RLzuAXPnzpdA7RbJkTWLhN4cshECwJJTj98CMCEPdYJWyMnWxJHoXfV2mZDDihJ,62982,2162122298747422514171870770383707479,104286461,105579897,,,1
2026-09-03 20:01:07,5GnqGae4xCmfeSqTVDsxqZVsPwzaHtiYgMKnFZpZPFK5GwSfXZ2SfnB2D6MeLaYJeAPrNXje2zm6GnvoMMmmc4yo,buy,XOM,DwBR6tLSWzQ6ZDMJ7h49p7y6hQtE5gBxwEfQfLUmZuxF,8RnK5aFnioegaiu7YhPdfhEvVowxsaVJXJpNpciANbNQ,FCANvaugBZGLf94AahFcNYyEqLLoW3NBcA2bdd4sW2aT,4000000,24624916,162437099999999000000,2,0,2026-09-04 13:30:54,hwfDZwn4ujZ2s9uhLv9DHdZ68ii79FA6Ld4mdQXSpwoTpx2FXhEaoQpKeCWk3cjWvZcJotrbVVymqrWX8gVyURf,62987,2162122313481802473780576992404393336,24804177,24624916,,,1
2026-09-03 20:40:37,2nnrDZiZePa1a3GaXKDxyntwd5L4aWpoAeV3nFt76KKLdxeivN7nMuWBMgLcLcGKNC5wcJmzZUSVFjBdQ96puRgc,buy,NVDA,FkzjAJX584L1LncQb8AKSnGhc5sLvZjPGCgZLGpeHyTH,jxtE6uesZTfvUYwo52vSK4YQRkL1X9iS24kNw17Hc7B,CisYC2qyAUY27uASDzLbQijsT9mUtdtweEaEDy3L7iiN,2000000,8751777,228525000000000000000,198,0,2026-09-04 13:30:08,Y8W3iEdcVoYUnkz44ioEbYhv5kkrF9zZEH88TJEgY3FncB5aCMKdNsu7NLfppLMWP5LVKtRr7BPFni7KBTKtnyn,60571,2162125175394855079392042490806013473,8610245,8751777,,,1
2026-09-03 20:42:23,tazB98tcWQMRbQU4ZSpauTDmszWDee9QKmZHcgmjsLKvRJyYSjU8cNmwWbFQDKD2FezefAzPs5UYFVhGi9w5ZWq,buy,NVDA,FkzjAJX584L1LncQb8AKSnGhc5sLvZjPGCgZLGpeHyTH,jxtE6uesZTfvUYwo52vSK4YQRkL1X9iS24kNw17Hc7B,Dt1z2XfZYhv3ed2BsA9vBttCcAFqshVZku1j9eheAT2j,2000000,8751272,228538199999999000000,4,0,2026-09-04 13:30:12,27m9Vsi2zsoUiJimmUnhkxzhrz3fSaxxzieZbb1rXAbCgt6fMc3iXrh91WpJPj7MPpTciMu66j145MgNDQbmAbmV,60469,2162125309539704987259462056056373077,8610245,8751272,,,1
2026-09-03 20:44:44,tAYT2cFUruvZt7TK4MsK2r3MLkZseTnkDUxRUzMVKReRnHqPqURZT2YaZDFtWvhEggW8Ejgvh78K682hvEoLq9z,buy,BSOL,DaBqWWKszBeiTmVqYCW58W52UUhhVjRFMUw5swJwaSDb,jxtE6uesZTfvUYwo52vSK4YQRkL1X9iS24kNw17Hc7B,3VWRbPoGJjp6LnL3TjMGoZSTnLV3XDbFuEirmE7UauL9,5000000,346779115,14418400000000000000,21,0,2026-09-04 13:30:24,898h95DTVixW8jgJNyCWX6jaCSexreWfEQoAYERxtJQq1MmWx6EuZedUSvYvJSgQdqYokuM6ViXnbdWyeVjUH68,60340,2162125480174752155046736622069548105,358477011,346779115,,,1
2026-09-03 22:09:23,4nsjVPt2diM3h3Wxe4Ntp83m6jYNM1eYPThWwYiHREVvvXkm7waEBBRycxLK3Xn1ksN5yGQhTbtiEj4CTgaj84CB,buy,BSOL,DaBqWWKszBeiTmVqYCW58W52UUhhVjRFMUw5swJwaSDb,3C6DqYJtehNVCoXAY39KyRdGViV8oxS5Wr3NrJKFPX6A,H6ooRsc4J5eJRTc4AY6apJmQEt25tPFGjTVsNrFkKtr4,200000000,13872511618,14416999999999000000,300,0,2026-09-04 13:30:51,5mqGenRCNTnNt7NQyo4aLc4ccLrwoJ3Fb52k33hw5ND8YfQTJy7kV7EmjfyUH4Ek71XzqS6ksrBAPy8uN7rNovBm,55288,2162131604638887102843414183934876523,14336200716,13872511618,,,1
2026-09-03 22:10:18,3uXiPBzxa5XQzE8tXJS5ZGT85MibRdLcEwtG18PMi2udhFombVSBNptyrUNhC2FWQPZUWwU4WygfrVwY3mbwBH3b,buy,GOOG,6a2yZjSpCncEyiPrB3ifnAJdqJVUNymu7vEvLCaySqmp,3C6DqYJtehNVCoXAY39KyRdGViV8oxS5Wr3NrJKFPX6A,2yyYvj99RCiXpCjzdi7mnaroMV6qXrbByJMKiB7HTwfR,100000000,294715746,339310000000000000000,298,0,2026-09-04 13:30:40,62Njxf6ZcCp2PUVavXseTUYDLzMsYgxYsrc7yDEqc5Cmb9RhkM5ys2NS6GvFMaSmGMKFyCgTbvqnhB2PExa1i79H,55222,2162131674460378630023268418306595891,294781839,294715746,,,1
2026-09-03 22:11:25,UzTLL5YAQPGXtm7LQfAnKofVQtyXJ1YhPWq7BaF645M5LQVnCT7A6Pk1DVxja4Kd9sYnv11KzE534Se1XNQuyuw,buy,NVDA,FkzjAJX584L1LncQb8AKSnGhc5sLvZjPGCgZLGpeHyTH,3C6DqYJtehNVCoXAY39KyRdGViV8oxS5Wr3NrJKFPX6A,DmkhvZ1qFs7nCj1XeyvZrJ6jTjPenVq27A2K6kX83cy8,150000000,655495565,228834499999999000000,246,0,2026-09-04 13:30:10,4i5phrnqYcFCM8Uw6wQdhy2ZGUyerZcjYqYFDjjayJs1y3qbpbV8n4zn5C8QPjnNyp1824TtiULnpSdbwxvw46f6,55125,2162131763021466771404763598891964438,648970231,655495565,,,1
2026-09-03 22:12:20,5ResEsWpq8MqF6vHNafeJXKbu9CsTy9SJ1EJruDpTEVnPWwdEtcFqd7ehJqkSa9AJEZZ1dAgCSL5pWh1PGJ9NgL,buy,MSTR,2HxYoAmyFHPrfaecKPZdMd9dRjQ7HzRKMFSqMP6Z2mGQ,3C6DqYJtehNVCoXAY39KyRdGViV8oxS5Wr3NrJKFPX6A,DM85mNA7hqkpb7bxxBBw1oCzTHQyTWv2N1MG4cmaXb7K,150000000,1046040058,143397950000000000000,27,0,2026-09-04 13:30:25,38gGhRN5AJuDA8ht7ZXFzUdyxzQnKxNkxvSqKeCuY4Yw3FBZoiuwQK2WhYT1pNF7WftdaSKjis1GesmepBPf1WX5,55085,2162131824839870551246650326519591746,1088540532,1046040058,,,1
2026-09-03 22:14:00,3CJiXnpRZrmGpXT6ZF9UihbxLDmd4dvZrUb2Y1jBHGLCMBWJXwkFgJKwinTj8KDryGx9BdW1QLA582kaPTAFJRJY,buy,AAPL,B3S7TuCmBPsNJW32SzRLBwbmWmgNzFBuHnBG9rdvt6K5,3C6DqYJtehNVCoXAY39KyRdGViV8oxS5Wr3NrJKFPX6A,GUPEEazYBcGhNxGg2M2KwU4YedLrTXoWhGvj9HqusAwa,150000000,457450263,327904499999999000000,281,0,2026-09-04 13:30:49,4n2ieJEds57xckh9iED52azCH8wfSNfzFq6iPncaBzET8Mx13Vt3iMM98BpthKJec72oJibHauLP8zFNSqHxnHNH,55009,2162131942896315307839923993965663265,456993997,457450263,,,1
2026-09-04 03:56:18,598iVbKWew7uAv711Tmk5axkgGxjyd74bc4QtJh4kA9WtEYXvhjCnwCmsUcpihsRa43ptdkeRyAjYCh37fMZ3uno,buy,XOM,DwBR6tLSWzQ6ZDMJ7h49p7y6hQtE5gBxwEfQfLUmZuxF,8RnK5aFnioegaiu7YhPdfhEvVowxsaVJXJpNpciANbNQ,EH16indLAGNv3TGQSvtK5M4PqWzVu7cMhosc1za3fJCD,4000000,24582859,162714999999999000000,41,0,2026-09-04 13:30:55,58tvpieEVkU3JvPT2m1sHJofm7No2RpWPzegyoYbRyo53U62wpGoDYCJSg5yzGTPGBjHkccVeHbPDreKkUMv7gW2,34477,2162156769409063844009006930401739992,24804177,24582859,,,1
2026-09-04 03:56:31,5qW6Hgdo3V7UHPKsDUs8oPSfdCdZNTyMYgxDdKSttRwXrS8eUs4VT6eMm3U87hy3YTuZSzQMefohursGQB1en2CB,buy,AAPL,B3S7TuCmBPsNJW32SzRLBwbmWmgNzFBuHnBG9rdvt6K5,8RnK5aFnioegaiu7YhPdfhEvVowxsaVJXJpNpciANbNQ,ADukYdRGkDiaxZd5gmH3y85crk3y3pwLWUfUXAsLsDsn,4000000,12180082,328404999999999000000,131,0,2026-09-04 13:30:48,31uMHM6AE5LMFSAXQVzSjVQ78PPAiRAwgHUWAaM7ig5cTp84MiCucEyN546kD8egM5t2ZtRrACT3BpKi5vynZF9r,34457,2162156797197416463434858596781118585,12156850,12180082,,,1
2026-09-04 03:56:48,4cFHSwp2QHr1j4QnxBcjMXaumWu79B7kWA62UMXT7ghMLZXNzfUNWUm55gpoAr4EgtxFGrjLP7qrLbi7Bjbym21,buy,SMCI,AJA4fVUTXmjnRDmqqpEvMfTpBR9rXnQtJcRMy8e8TjaJ,8RnK5aFnioegaiu7YhPdfhEvVowxsaVJXJpNpciANbNQ,AUNKq7EgcJtpscepbaGZbavb5rDR3w9RQvNbrZJjB4dM,4000000,105097214,38060000000000000000,206,0,2026-09-04 13:30:35,4dYvm1MBfEnug713URWF9RTMGdbtiypQmkTX92Lx1srS1CkZ4jAEP5yphtvcMXwrwpKSSAGaTi7a7rTksCaozd91,34427,2162156816694969090063075325768225526,104286461,105097214,,,1
2026-09-04 03:57:05,5eDxibAKMNBDJzk8JGuFVKUygjLqJqRXX1fhjn5ji5SdZt3WrFWme6k832gJ1TGp72a5VNEKW4im6xNcW8AQbJP5,buy,PFE,EG3rt93i4iifbhyEvmcJi13yb6E5uudJpbNWNBrE7W1u,8RnK5aFnioegaiu7YhPdfhEvVowxsaVJXJpNpciANbNQ,2eRZbLXX2YKpKd7Q75SVzt4Rk6hkQwqgWX9SAoHBRvoG,4000000,138888888,28799999999999000000,254,0,2026-09-04 13:30:32,2E7GXenBpDkex6S8X42Pm56pmWD9jfD365t6ttnpFuQEmzzT3KSTzf3VtFXmTVYN8JMibkmJVEmbCbJafhg3gZJN,34407,2162156835103292469959338306696447993,139608117,138888888,,,1
2026-09-04 03:57:24,5nyXxKL7Zfq6hAAZXx1nPzEQKNKZDpXe2qK3aCr2ENJFFxkL6FgQ8Zxvx6EpxdjRUsLZm32ePXhZeyDNZ5iAGiWi,buy,NVDA,FkzjAJX584L1LncQb8AKSnGhc5sLvZjPGCgZLGpeHyTH,8RnK5aFnioegaiu7YhPdfhEvVowxsaVJXJpNpciANbNQ,FM6ANPm7rscxH77aMY8w3jHkvKB39EqWGWepUAh7VgXZ,4000000,17395464,229944999999999000000,289,0,2026-09-04 13:30:06,2L5WrUcMbwaLUmvceeJknYHW6DEMVNQvu1r2RExUpH1D4RtDnpgwLsERb91okyXrsGhFraxoXmQn1W7rw9HeHd69,34362,2162156860684142542764726306258479371,17263759,17395464,,,1
2026-09-04 05:37:28,2boSTAVy14GTfu9DXzWUVtGPJMSVGbNVpif8wY5guzSN92rEVS1ghwV41wR38HVur51U9JHxHDN4bUJJcz6twfmz,sell,BSOL,DaBqWWKszBeiTmVqYCW58W52UUhhVjRFMUw5swJwaSDb,3uyZwaXBpjrzGZhpktPFsBffuTToq9tpH3HfmsEEnULt,ALUMNdmRrkrxkeF8qj5MMX8eCHGpkQjUxfDSwm6hdSUa,5840000,409537167,14260000000000000000,124,0,2026-09-04 13:30:20,2iYwQYF1uJoRp7J28AQ5phcEdudbzqdmqVNeFZQ7twAdjDkHxP58136dp8JH6f1CdUnrJnX2W3zVEi8Wv17yG6FN,28372,2162164117533390819357334267974454974,,,5700757,5840000,1
2026-09-04 05:38:01,SiUXwR6D6ebMRRNDfJ34VB7cw6cVBF7Nw1StU21Tcxdogmoh4vb5vAZZkHnmMw49YmwfG7pQM5buAjG21c5kbyw,buy,GOOG,6a2yZjSpCncEyiPrB3ifnAJdqJVUNymu7vEvLCaySqmp,3uyZwaXBpjrzGZhpktPFsBffuTToq9tpH3HfmsEEnULt,4Q3mAx4yzweok3BS8Yxto6J7x8R9nZWS91i52MDQEpw6,20000000,58808827,340085000000000000000,115,0,2026-09-04 13:30:42,WidkybgVdg4Hw3WoBEEeQT3BvNtY1mbu8ripvJyR92d8L98TLYZZ99zMkryWJVL32e7EaguNiywR9PsKD4anMQ8,28361,2162164159265511550470027883334512569,58932783,58808827,,,1
2026-09-04 07:46:30,MPkNvsNHAvgYLb3RWihMiYio9Y9ztMQEk9i2eJgVkzGt14twmoV6BZPPENfe9xQJqP7Ujce52pKwZpMVSoaFyXa,buy,IBIT,9HfMBSLn26e7ZTDjjGRBVuF2wfEFoQeqCPMqz6ZK6PyH,J5SS8KD7jMoEdcmZ75a5DsQQEivaZLmp5LgvrcPRvAB6,BtiCiADSxUX8shBAuipwn6P5DJr8U6E9runA4qyj24ha,10000000,218459858,45774999999999000000,111,0,2026-09-04 13:30:44,4XSmv2svTEVHet4geg8k5tM7oWw6LwQ8NJRSTKqAPyqZtBHnVZ2WavrLUpU3nUxXBrrUorzZX8Zj2c6HpuCS2MKK,20654,2162173479494833092670357537596992948,222494432,218459858,,,1
2026-09-04 08:15:10,53TKKZQvFQPZfVuE59eTsVzYjWeDhYu8rhLr18cSDfY9rosWiCe66VAzf2Boz7r7BkcLAHCSsEACMGKXwBaj5Q2u,buy,MSTR,2HxYoAmyFHPrfaecKPZdMd9dRjQ7HzRKMFSqMP6Z2mGQ,8RnK5aFnioegaiu7YhPdfhEvVowxsaVJXJpNpciANbNQ,2KMuee9mPpUNysFh9Y6fvukksBDZZgCAAYyAyoYUxrWs,4000000,28299951,141342999999999000000,285,0,2026-09-04 13:30:29,2Aww2zD4q4TAy66udsDGADpMoGKtxe8oHnyshiFCskrUfMrBw7dziNrCE1SAbdgC9KinFa6jja1Ayu54S9hnFhq1,18919,2162175549867350325315712566753803619,28957108,28299951,,,1
2026-09-04 08:15:29,4FMd2HnUMAxf73mHb7VwTAah3EurdzMc2VgtGFLxvuUGr4JqPFwQBujDytcj8x5sP3qoDtXu52jWEpc8ogTEf91b,buy,IBIT,9HfMBSLn26e7ZTDjjGRBVuF2wfEFoQeqCPMqz6ZK6PyH,8RnK5aFnioegaiu7YhPdfhEvVowxsaVJXJpNpciANbNQ,8UdQuyBBdzdFwkaZuFnRquXF1PFrJTDTEEVjWUEgCbdE,4000000,87459795,45735300000000000000,50,0,2026-09-04 13:30:46,3KLtT5tVuGGbFqWDVjUxBjBAensx7fxnoCRe6PFzKNGDJuWnP9u3MbXVd5Bv16kTBiLWvy9eeZAr66xosvCkTWPJ,18917,2162175577140716265297894698470369331,88864142,87459795,,,1
2026-09-04 08:15:41,4tJmsq3ezTvWjntd2mPuzeKuTptfhsHiVswV9dUC4q2Acf6Aw73MfPt3AREeC5MmuoaRGKQaPb2VriSeGQ3hq4Eh,buy,GS,HbCB8kGqwaQi9Q1K9EvYjfbMnFjaAUMQAeR3k7PDAKin,8RnK5aFnioegaiu7YhPdfhEvVowxsaVJXJpNpciANbNQ,HvGj8LcmULzCtvV5AWEDCSuhaKGGPc1T2xtfSzrQgrwP,4000000,3854230,1037820749999999000000,153,0,2026-09-04 13:30:52,Zt5ApaqKS1tdZVSPAE9DuG3aRzb1ywu3oe39JKzxdJ7jekhntwfLoKwKky1cfaBNkp9ztca8US1mqLEr2YBhUQD,18911,2162175596950171791096424287834449862,3865192,3854230,,,1
2026-09-04 08:15:53,3Wyng3coNfrsLaqtcpa9zQAriDCTpah62nZSCLZYR7FS9EiueA9cgQNfnRDywuz3sadiQ1o8p5zrqhUhPhLUGU6p,buy,GOOG,6a2yZjSpCncEyiPrB3ifnAJdqJVUNymu7vEvLCaySqmp,8RnK5aFnioegaiu7YhPdfhEvVowxsaVJXJpNpciANbNQ,97eN1p5erJHFDMgnhYP3ArjVipq4jr6NbQi9bXzqhcGr,4000000,11775442,339689999999999000000,271,0,2026-09-04 13:30:38,4RBbcfQygQWqbSWyuqdyvQ6zsGA8gKJu17QbhRLjHTWyxBs173V8dSbATY2xXtfaQXb91DNLJimkkPWYvKqFQpz4,18885,2162175611250563633483421095105666879,11762971,11775442,,,1
2026-09-04 08:16:06,3Exf3fmzgyA31AcR8PmyqjXKp1UMbavoqLCo1H9jJw29xMRwAjGb4QnT6toGQh6nUyafAufjFdd2mEMcPWYBUbpV,buy,GLD,G984Yppzh9oj67r2QUJFBnSDaPDXHQ8SgxbgqsKatd3j,8RnK5aFnioegaiu7YhPdfhEvVowxsaVJXJpNpciANbNQ,7Watj6X4t3MYFfJkhANLrQcLUbT5x36PnJ4FVGJu6pRv,4000000,9736458,410826999999999000000,265,0,2026-09-04 13:30:16,3rwGDTXzBxNi2pqzNuZkRLmoa5WTJfsqjd9so94EWoGvSyaQSymrmDCY2yGGZCVfKUvjw5opBCMG7xz7r9sr2sgu,18850,2162175627058462263459947828675449439,9858667,9736458,,,1
2026-09-04 08:39:01,3852dPhsEiqfGVJyBDawFJyd8TgJJYpe12hTPRNeZJRw53wCDfpBvG1Wiqt6fkfLTVje6fDWbHrL7cR32GEmKmv,buy,BSOL,DaBqWWKszBeiTmVqYCW58W52UUhhVjRFMUw5swJwaSDb,CHAcdTTgXG2GJrdaCNrYLMUbsLK6VEzkenBa6TnXYVTU,6HSdNc4LxkZVRMC5z2fwBAowK1iWyQ2Y46uGgLCoAQa5,5000000,350284781,14274100000000000000,202,0,2026-09-04 13:30:18,2KMk84ePQfg1HGq4PUKa2WLFHgQy44UnFip11xx6djxLZrJJj5BNkwLo27rE6KtrjwerFjnWZqBz3CrPQ9uh4bUk,17477,2162177292856712511494051143533801429,358477011,350284781,,,1
2026-09-04 08:43:29,3wfViHWSVCBZU1i39SkqZJHBhPiegSFgTJYQbdjNnbvMTVub9gnURtd9FraG3QNUjRiAJg2oQZdUjCL8BbNGJ2WZ,buy,BSOL,DaBqWWKszBeiTmVqYCW58W52UUhhVjRFMUw5swJwaSDb,CHAcdTTgXG2GJrdaCNrYLMUbsLK6VEzkenBa6TnXYVTU,A9D1Eyy57dWFhdPjUxR66jLUtkvUepR9RsSbzxSasEz4,5000000,350409979,14269000000000000000,170,0,2026-09-04 13:30:21,P6U8tULronqesiJKwvJQEEJRSALj93hkCt17EPqK3PQR3qR7KdMcmsErjQfV4p6oK3eC7bdrZDZchQdzs5ryteb,17212,2162177613367099703984389247599441332,358477011,350409979,,,1
2026-09-04 13:44:59,zrV17KsmVeWbFKn82ScWBdjGzEbhiWF5iqsBVkFQr7XQjFWyn2tGALmeAU8YqUCZ7sD3ptJi8NPG6s3ddVDb3KM,buy,NVDA,FkzjAJX584L1LncQb8AKSnGhc5sLvZjPGCgZLGpeHyTH,CHAcdTTgXG2GJrdaCNrYLMUbsLK6VEzkenBa6TnXYVTU,29wCmqfWgDTrgZVGLXezAHg1UvFSsmuwF9P3e7QrLp8x,2000000,8571110,233342000000000000000,294,1,2026-09-04 13:45:07,2ajNr9A8vGEBE7A1u19rRhe9dLDmMWHtS5HG3ED7fJ17Anvc32W5S2CQp7iw8antY9BF9Y7ZNkeTbTahsPtYNs2g,8,2162199489515727322302055004298304991,8543265,8571110,,,1
2026-09-05 00:41:03,6i3F9WK365goj5hDw1C7nxUJhSxzA67ZWPrduyYB43v8xEPPuaVzvRYZamVZ1kfSabmphKhiHpRRLMfokRx9fKe,buy,BSOL,DaBqWWKszBeiTmVqYCW58W52UUhhVjRFMUw5swJwaSDb,8RnK5aFnioegaiu7YhPdfhEvVowxsaVJXJpNpciANbNQ,5FHYSjWaw2UR7c1NvhnVYrABP2eyqLYoD73vw1DDE932,3000000,214899713,13960000000000000000,157,0,2026-09-08 13:30:39,QhTu2MU5u3VtbzLuGYYaH8Vww9v24vaC1Dsj1T6mspxPARKbdFDnfcqKhhP8WCSecEdaEcKKzeWwUwwwm1E4q9j,305376,2162247061601445578708261219731597733,211606510,214899713,,,1
2026-09-05 00:41:16,3DD1RPrs1eY3Y8nUgesJznZ97CD2k1CXBDBx3cehRj8KMkosCKGdVSVx8QKrDFwW24wggb5Ntnp3e87Fq1gKhXER,buy,GLD,G984Yppzh9oj67r2QUJFBnSDaPDXHQ8SgxbgqsKatd3j,8RnK5aFnioegaiu7YhPdfhEvVowxsaVJXJpNpciANbNQ,4eHaHQy6vqt22RJsMErGcbsCaN2688o47fhg6UvSmF8c,3000000,7378525,406585300000000000000,125,0,2026-09-08 13:30:17,1DqHJF6TWvq7zugQFpecBHZ3Eq91Pu6kmbemzTRLrXesBbcYJgkRtsD7wFRcwZNYkJFTVtuQxNtndo4h9zvaUPm,305341,2162247086137791323918349487733360636,7411079,7378525,,,1
2026-09-05 00:41:28,DFHNJUGS9hM7NGrV4c59suU7VC2AuTasN9UgVcgdCrE4bawQDVtmsyfXMMcTWUgRDQXKMi9M3jqiM2kkgJVip2n,buy,GOOG,6a2yZjSpCncEyiPrB3ifnAJdqJVUNymu7vEvLCaySqmp,8RnK5aFnioegaiu7YhPdfhEvVowxsaVJXJpNpciANbNQ,3wpn3JhFwZ41Z76EYsttG6Jmm1h1LQp2QpgdExJEMQ1a,3000000,8937082,335680000000000000000,245,0,2026-09-08 13:31:08,5AdJS3wzWQwijLTsgYkZrs9aazKDiUS1VoJGHVKy1LjW1Q1bgT4hqcgj7Srrt3r45vetL8nYdsu7FF8agj97DBnh,305380,2162247101092195539608192442144324489,9003312,8937082,,,1
2026-09-05 00:41:40,3nHWoZvqStbKwJx29qmwcGd9XV5FhKaEqqczp53jmYf16dLVgekvVSgX3pBeL1eRvD68HgX3DuMhJmZztqe5NrXj,buy,GS,HbCB8kGqwaQi9Q1K9EvYjfbMnFjaAUMQAeR3k7PDAKin,8RnK5aFnioegaiu7YhPdfhEvVowxsaVJXJpNpciANbNQ,A3az6yTaobJoyjcLADSa1UGVLiqMQ6zLydt1HABeXqw5,3000000,2890392,1037921250000000000000,226,0,2026-09-08 13:32:31,u5upsVtsySpB6GvjsfkfSYghKtnUNmLU7QVgwfwRq6NWKMtnfNZDs1asyy3PSEYfG5dwipwq9jwZJYmjjif6gUb,305451,2162247115135067511332788243732912360,2873480,2890392,,,1
2026-09-05 00:41:53,4FQqVmPq4RWELw6jwrRAcMbizbhN7EV3QZ3Zxs6XtiHGAPiANnzdS5CnL6yMcUuRTyHF89jEwfWUgh46jb6yJwH7,buy,IBIT,9HfMBSLn26e7ZTDjjGRBVuF2wfEFoQeqCPMqz6ZK6PyH,8RnK5aFnioegaiu7YhPdfhEvVowxsaVJXJpNpciANbNQ,Bkmr3QfrGWoQPDwhqgyJW6CK4DBo4sgmYQ9ktfnjmnrM,3000000,66508671,45106900000000000000,223,0,2026-09-08 13:32:34,5kpifZGP4Hb4WW2v2YJAWjVdiT3isMUnw1FbFEBP5UsDSEuYHzQVrKc5egj6oRJHPRmPbaBaSHLvwtXdCukpFsGK,305441,2162247129925075067171714510246856523,67463898,66508671,,,1
2026-09-05 00:42:06,5B7bFmeKcMzE9f2hEiyRY37ZUczfyjLYnnLRYw9RWuVSG5d5G1hB6kY4JhEaKeADTZRHRjT4WbWTgBmfgprtQiCe,buy,MSTR,2HxYoAmyFHPrfaecKPZdMd9dRjQ7HzRKMFSqMP6Z2mGQ,8RnK5aFnioegaiu7YhPdfhEvVowxsaVJXJpNpciANbNQ,B6qQmLcZhd57KohLxSVZ1VDbcjgrYBTYKAp7jMsRj1SN,3000000,21042678,142567399999999000000,190,0,2026-09-08 13:30:05,3W4tzSE5m6FAsHu8KAGS1yZnLbKFgYXc7FPPg3Vy4Dh8zGcYto67xphw9SUKDiv5XnWyM8cNLNbEoeGLXktYaWFQ,305279,2162247147597160926302279126606371539,21666666,21042678,,,1
2026-09-05 00:42:29,2J7tFhmCLXuFGCWnS14TNBbmSW51LEashi74826xUTVPCMbhsWDtvcKpLqWMEAveom18mmej95wDfqRRU1qKYJPm,buy,NVDA,FkzjAJX584L1LncQb8AKSnGhc5sLvZjPGCgZLGpeHyTH,8RnK5aFnioegaiu7YhPdfhEvVowxsaVJXJpNpciANbNQ,HJsKikrVLvZepPWbPFRHW81x6rzS72GAbqriohyoXDDV,2000000,8715561,229474600000000000000,126,0,2026-09-08 13:31:50,4jJsMdsFczZwZnMSkwj4bsQ89x9nwt3ZgsaTaM4cCnMgt9HKZ7YQZ49f5ag6tcDjReyBtdeE6ZBDNhotEbWE8qKt,305361,2162247172374076779381190118189363405,8535643,8715561,,,1
2026-09-05 06:32:07,66xfcHZxTreaLJoVnHozz6QBYXoQwisnjrZndCVpeuEEHL6wFzjopQEbKxHp1oj6esPfLC72cmS9TqpBFAAxVwN2,buy,SMCI,AJA4fVUTXmjnRDmqqpEvMfTpBR9rXnQtJcRMy8e8TjaJ,J5SS8KD7jMoEdcmZ75a5DsQQEivaZLmp5LgvrcPRvAB6,9wdjTdeUxTppwzfzmf3z3vYKmNJZXudTUzGsnYhLzutx,10000000,253060129,39516300000000000000,192,0,2026-09-08 13:31:33,37gJqrMj25WTqMLjiA32K8rQ6tgKVY8sAGV99ji8wzSrrRHWHDAPgE91pW2mAJbUNz5HvGgHHtkm8LdQenBKq4uo,284366,2162272526179165017720813375201802377,251764112,253060129,,,1
2026-09-05 06:55:14,7gUy4yHhGzZ5iFC4yY8YtXh7nq6sZmo4zPyHLWoD4Bkdg5wvwK7JTaRCCoUtoLYabzZEGXWknZ9z8niW9FmRTjW,buy,NVDA,FkzjAJX584L1LncQb8AKSnGhc5sLvZjPGCgZLGpeHyTH,8RnK5aFnioegaiu7YhPdfhEvVowxsaVJXJpNpciANbNQ,d2vADp9GavxKTt3d9FSHQYRdBbkkT34mxZHkMt4eGN5,3000000,13073342,229474600000000000000,291,0,2026-09-08 13:31:53,2mGEExNc34MCm8e2zZfVnGsGFRF28inVNammwrmb4fbkXAMZhHv4f8geWRpEyAcJ11Z8jvL8GembMB2DVwm1nx2H,282999,2162274196341611996284703859086150604,12824912,13073342,,,1
2026-09-05 06:55:27,4FDPjFiNzmxQCP8e636D1ZoaVF5X6DuNTRdF8A4KXcpGEYYTDCALLMenVjqgJRex2SNi2EkTRFByqkUcE4ybPUQv,buy,PFE,EG3rt93i4iifbhyEvmcJi13yb6E5uudJpbNWNBrE7W1u,8RnK5aFnioegaiu7YhPdfhEvVowxsaVJXJpNpciANbNQ,4Snx3T9nGoyMZwkCnoJDbWLfSVaHeUSe7Y6GgWKEHfRE,3000000,105494876,28437400000000000000,138,0,2026-09-08 13:33:00,2y3qrQxhhUuj2zuoY7hwn3TYAsEqr8bZozRXvqLDh3jUkMaTbU6qYXngDg19bsHmKpk2vpVZzbB6XzuGMZRWri4X,283053,2162274226979406005175104978052427346,107130060,105494876,,,1
2026-09-05 06:55:41,4TFgmpQrJJnAaSg1NZ24SJMHzm11foeh4LrKJdP8K78MV8DSDFQYY2riiQDYD6qNimjFMP2P3LaWsJccseBxdqMh,buy,SMCI,AJA4fVUTXmjnRDmqqpEvMfTpBR9rXnQtJcRMy8e8TjaJ,8RnK5aFnioegaiu7YhPdfhEvVowxsaVJXJpNpciANbNQ,46vBrLpFLb4EFkPhfihaN1pvaw9ZVaR743yPXwcbR1ZH,3000000,75918038,39516300000000000000,106,0,2026-09-08 13:31:38,rz3S684wrVk5aM8UsovUBydfyxTiWznAz1itHQsF5c86Y4HpFTAdJ3JyUE9vs6jyfTZ6Cpp2vMNctYW1vbG8Pnz,282957,2162274242961391947558580686145067724,75352822,75918038,,,1
2026-09-05 06:55:53,2zWKSJLaEAGd1QRRac4HnYiuJ5mGcfeQGrwVxAZXnQS4zgCPLNRaS5JLRycUgcujhpzWFjxqgsVL1GL1FeN5VK7h,buy,XOM,DwBR6tLSWzQ6ZDMJ7h49p7y6hQtE5gBxwEfQfLUmZuxF,8RnK5aFnioegaiu7YhPdfhEvVowxsaVJXJpNpciANbNQ,VbX9nBxpRj75gLQUwBsYoEeoU4VDngfsehhhZ2eTJsU,3000000,18794119,159624399999999000000,132,0,2026-09-08 13:32:08,25y5yfLodBh19XqARBa7EW2Ze7cqDdc1zFMFhVUHFAVbf9vjLM6c8GYKQaWgzrboZiX6qUsvuJ8xV7VHMFfqhBvZ,282975,2162274258638751474861265387690099896,18544935,18794119,,,1
2026-09-05 06:56:05,5DARHAyUJn3gjJKUd69Xv3UPVQpayNWByEbCkdS3GZwY8BC1N3TZeeB97huexHS2pK9H46mm5G8cqwLKpYB4VEcz,buy,AAPL,B3S7TuCmBPsNJW32SzRLBwbmWmgNzFBuHnBG9rdvt6K5,8RnK5aFnioegaiu7YhPdfhEvVowxsaVJXJpNpciANbNQ,Hm5HzFoz2QX9xbWnNWXB4xERubzeJoFsotyjP2tXMdJA,3000000,9373652,320046000000000000000,207,0,2026-09-08 13:31:00,4eHkMtsKKPWVWwTd7jXcba4YczBptWLw9Rd8eV1vR73raW9phgpQzDNvtGCsa8hjW2To6qoocREAb7bY94UKweaq,282895,2162274274316117164513758683590062840,9425338,9373652,,,1
2026-09-05 06:56:24,4wXjTf4eQLvrnvTwNm3tEjE4VEdBFbrSqLpR1KjaSNy478C8Eo8tDCPrdXERV7anTDjMb292pGPiuBkXvJdCoqvi,buy,BSOL,DaBqWWKszBeiTmVqYCW58W52UUhhVjRFMUw5swJwaSDb,8RnK5aFnioegaiu7YhPdfhEvVowxsaVJXJpNpciANbNQ,GazU5sHTkxFR8zKzSDwrB7dXN7CRiEZ4AbVh8EaVzXtG,3000000,214899713,13960000000000000000,160,0,2026-09-08 13:30:38,3ayT1hYC8SHvfZzRNbr36BpEo1cHXmFsqiLyM1FQXfZdXpY8iP3iVJSnLtH26G5LeohtY1nCZFjgzNpVuYhysch4,282854,2162274293104015287484009326777318742,211606510,214899713,,,1
2026-09-05 06:57:43,36DGPFDTqEgKpUCt2TbRBgosWJRjpwNpwho58JXZg5CtQMKdT2uMgBxr2TPmMdkwbYp7NnzHe4iw73sNCDLPKyoj,buy,BSOL,DaBqWWKszBeiTmVqYCW58W52UUhhVjRFMUw5swJwaSDb,8RnK5aFnioegaiu7YhPdfhEvVowxsaVJXJpNpciANbNQ,CiYrTBta1fHHumE1GrB1aeu6aDZrqcb5LPs3of4hoeJW,2000000,143266475,13960000000000000000,239,0,2026-09-08 13:30:29,PERyX6UUdzpEzjUn7KsCv9rU6ZtTfXowkCEctBbY72UQ2QYdP3673dhzS1Z1wAoW2jX6mJEb9GQK4Z4jMy72H26,282766,2162274392494646270764273232910319919,140835102,143266475,,,1
2026-09-05 13:41:28,59DaiGkkbQo3qpRFcVkLrkBQmo26PmRs2zy9LZ345LTq7PYckSnB9tLGnhGz9Qj1XX6EtBCWLyzD2WWHPVswBwhr,buy,GLD,G984Yppzh9oj67r2QUJFBnSDaPDXHQ8SgxbgqsKatd3j,8RnK5aFnioegaiu7YhPdfhEvVowxsaVJXJpNpciANbNQ,9VZc19Luve1wtHzaSqWXBXqNutv5kufrwinui1CpY7Nh,3000000,7378525,406585300000000000000,28,0,2026-09-08 13:30:24,2ypgKY5wei8zagQL3UxQzAYxEuLSPRJg3CP7H7CUxMFLmQjGfeyJZ2BrzNe8VLuGYNgxKMreYXvWQmnFJvAiftcH,258536,2162303668434679148231675764911858110,7411079,7378525,,,1
2026-09-05 13:41:40,3ppXk4m8qo5oBaArsu56GA37BTQSUfMgcQxFNTgVJCwxFa6qHNTLcywww2N8C4scoTdEpeRCz5NNXqjJ5ygLDkek,buy,GOOG,6a2yZjSpCncEyiPrB3ifnAJdqJVUNymu7vEvLCaySqmp,8RnK5aFnioegaiu7YhPdfhEvVowxsaVJXJpNpciANbNQ,9hmBbY7ZbaEo4d97Cc61jXFfofkjYte3NSdH5PembfsH,3000000,8937082,335680000000000000000,195,0,2026-09-08 13:31:06,4fRcEryAFfjZc1BawBPYSgePRk1AYRXFRuyMfQfYJdX8vFNRq29GH5jtAf1hBvyNZ2KRXcbWAf9HAqQGSrWeAXUM,258566,2162303692313365264562037441839643629,9003312,8937082,,,1
2026-09-05 13:41:55,nbVzzgjdecHXHg6JR6f34Fwtaq4Tb9feG45sZtEnnb1q55Vm8MXXMMkfPx1mKPo4GFN1HJAzyLoSunMH3vKyRAR,buy,GS,HbCB8kGqwaQi9Q1K9EvYjfbMnFjaAUMQAeR3k7PDAKin,8RnK5aFnioegaiu7YhPdfhEvVowxsaVJXJpNpciANbNQ,AFHzKzfSjWUVyLji2tmyeb96vPsiCH9zCd7FskuwwSZN,3000000,2890392,1037921250000000000000,163,0,2026-09-08 13:32:24,eajF2LV6png2Pi7pMwTBQzhqQpqMGkQt8GL1kQgANebh6LsytzNwBR6guy9JM57JJoqCqtWLMQH9em7w9EnfEna,258629,2162303711743224999953166702106126054,2873480,2890392,,,1
2026-09-05 13:42:06,YgAq1tLyyeoTUNB2KBDpp1nDiKYikoHxWYxsgjgz8A9dV41nqp9sfkT2cEY735LsT8c6EvhBvLvy6Ybobf88emF,buy,IBIT,9HfMBSLn26e7ZTDjjGRBVuF2wfEFoQeqCPMqz6ZK6PyH,8RnK5aFnioegaiu7YhPdfhEvVowxsaVJXJpNpciANbNQ,7trUdmagJYfq3mt63cxyBa3QGenqPM55E28J51KZtEwb,3000000,66508671,45106900000000000000,128,0,2026-09-08 13:32:40,3H1fkF5isabsAboym8BrQe1MPGbeoy6rcZQQazfU9fNFvuG1xHwQShF24HPmvk2oNcmhNa228DyqJwyNEz6TkJeE,258634,2162303724722271712195420941612891183,67463898,66508671,,,1
2026-09-05 13:42:18,jda82ApmHf52H8TLrMRPQSyLXjN2aXZSbCPEiSzB4YxJea8STQJjF6FrFmbUP2RhAAVfBGZzLqvNNNZNtTsoWvY,buy,MSTR,2HxYoAmyFHPrfaecKPZdMd9dRjQ7HzRKMFSqMP6Z2mGQ,8RnK5aFnioegaiu7YhPdfhEvVowxsaVJXJpNpciANbNQ,2szMVKqxbSSrNjJxeMrDoqz8TPNz8NJuHSPKAX2pSe7d,3000000,21042678,142567399999999000000,79,0,2026-09-08 13:30:08,4NgUj4CZFJNBgjVDAH7vBBhp3UAXRKnAWMsq1uDM15zHwhCfgCsVjvjXfPqMzQ5B7L4QmzmWnkUHrvvqjz56hBQa,258470,2162303740082854046976681841142654104,21666666,21042678,,,1
2026-09-05 13:42:34,wU7zcg1Fs9Bg3tz7CyxkG2rXv3txb1hTnKnxbN3gQEAFQRcbQDFq2MwBpZVQvLENnpv4de63ABb7sTcNtGU5y6S,buy,NVDA,FkzjAJX584L1LncQb8AKSnGhc5sLvZjPGCgZLGpeHyTH,8RnK5aFnioegaiu7YhPdfhEvVowxsaVJXJpNpciANbNQ,GBKQEi1LJyJZcqHAggfK1mQaCVmdXJqVK16HRgFUJ9dS,3000000,13073342,229474600000000000000,69,0,2026-09-08 13:31:54,2PrBp1YRZEFEaw5QLioayzhGmiRP2CrAkpYP95R125stnALgqxSgDqfvTeCxz6VDGQSKLfJmzrpoEaVnWwbNUkYv,258560,2162303757663068093533483371447811788,12824912,13073342,,,1
2026-09-05 13:42:49,2rBmpurT26uAWKJ31JQGCVXz1a2vozNQ1PkQYy1tmQ6brtQRujYNBvy5HETGtrKdND4ChvdbxXL4RJhzcZjz9CTB,buy,PFE,EG3rt93i4iifbhyEvmcJi13yb6E5uudJpbNWNBrE7W1u,8RnK5aFnioegaiu7YhPdfhEvVowxsaVJXJpNpciANbNQ,3Ut3Ygb1gts31LYnyruFYL195AMb6Rra16JgQZJhJRW6,2000000,70329917,28437400000000000000,261,0,2026-09-08 13:33:01,51Rd5cKb4Ho6Hns25A4NTL2jgX2zcJeksQUnq56ktwCeWMG2EEsap3jZpvTxLutBEJM8iawZfmMciTH2wq1vfAeg,258612,2162303777605519848608830305046869064,71300609,70329917,,,1
2026-09-05 13:44:06,5yRwMpLkLmS2Ubv4jf9nBFs7QTC4uQwydxopjrUPYayHoo5ujKsy3cYUtM6M5hSoQGsDNM75MQNXYLBb3eiX8wRg,buy,SMCI,AJA4fVUTXmjnRDmqqpEvMfTpBR9rXnQtJcRMy8e8TjaJ,8RnK5aFnioegaiu7YhPdfhEvVowxsaVJXJpNpciANbNQ,GUf6wsRnayWQyw1WSaU1jDfXm1WarrgdV37GTxiz3ztw,5000000,126530064,39516300000000000000,249,0,2026-09-08 13:31:27,4ZsHrxQP45aTybWtPfK7XSwN2hjvLVzZnyuZMCAPhdpAyRdX7sqBbrbZxgGaPy9FcyfEHehGbYptPoN5pG263yHA,258441,2162303870669828020501974857793168348,125756048,126530064,,,1
2026-09-05 13:44:19,2fq2A6KwrLc6rYgZcEiESuFSjxUdA9kMTKFTvRsFzZNdE1CiSPwEYF6uTPKnPm6KixTxgmBUUMvikL9FNWo2gY9r,buy,XOM,DwBR6tLSWzQ6ZDMJ7h49p7y6hQtE5gBxwEfQfLUmZuxF,8RnK5aFnioegaiu7YhPdfhEvVowxsaVJXJpNpciANbNQ,6PWszmUdBH4mAxfJNxc7vc4jpp2eGcBfnQNKUrzdPxe,5000000,31323531,159624399999999000000,293,0,2026-09-08 13:32:09,28T9kAsrc6w4xeffVdAsUKCFv1G75u1c5gk1nP7HspK5QTZNiT6mGWQFd3G24U31u3A6TX7Z5JNPBy5wKr5kH5RS,258470,2162303883938998795413964215145702831,30949575,31323531,,,1
2026-09-05 13:44:50,2tVaUK52CjuSJ29i4anvd6k1oE1x4Tx7YTaF3FQUkRtXZmVEvYFp4cLeot3ic9eqeR7GppbU818wfqa9YyUJawkX,buy,AAPL,B3S7TuCmBPsNJW32SzRLBwbmWmgNzFBuHnBG9rdvt6K5,8RnK5aFnioegaiu7YhPdfhEvVowxsaVJXJpNpciANbNQ,2cghqpaJHfUkhHqqNKaAY6iDccn3pjXXxTVKg1uGMVEe,4970000,15529017,320046000000000000000,131,0,2026-09-08 13:30:58,3CxR9TizShoQ1yhEbSG8omVF2X7AxNDcPRyPk8hDGkqCe2ccoPs41zDGiuB62K4hwvrf6BsPSjtrmmQX6Taqucs7,258368,2162303914886309741093066129338510233,15635343,15529017,,,1
2026-09-06 05:42:55,3p9654LkWqrZyYpNhSZPtPNm2QDS4f1tQkG6KdUQqDMPLckewzD7Qq4AVfzt11UBFzpYHqCq3fQNXhNmJM4q5cT,buy,SMCI,AJA4fVUTXmjnRDmqqpEvMfTpBR9rXnQtJcRMy8e8TjaJ,8RnK5aFnioegaiu7YhPdfhEvVowxsaVJXJpNpciANbNQ,3Y2SQEtbh9F3hUBVxT9kf1jcDfYcBs7hwWHbXacRiyMi,3000000,75918038,39516300000000000000,279,0,2026-09-08 13:31:25,39tZxm54uV4athzabGgWxAzD9sNykjKEsoWCgSRp9ykodiL32xtgRR26nB1AJRvvpdgEVHe4QoDE9y5pDrFVQwKC,200910,2162373405902059433227609353518101752,75352822,75918038,,,1
2026-09-06 05:43:09,4gzGx9Ft4HNX8YXxG8vV3EYNetNZQ62KMK3Vrbp6dkiNcHsvHv7kdyZ67JqeS12iTF6NFXJkvLrveowdQDDTknBJ,buy,XOM,DwBR6tLSWzQ6ZDMJ7h49p7y6hQtE5gBxwEfQfLUmZuxF,8RnK5aFnioegaiu7YhPdfhEvVowxsaVJXJpNpciANbNQ,C6SZsm1K9Gjch2eDgwaLWUuuZTKfpU6CZA9jjWJDRnoy,3000000,18794119,159624399999999000000,9,0,2026-09-08 13:32:17,3VtMY6gNCuz4vt3JRzuW9jmphvjpd4frpgzTdDfoRkxgFGUFa4NLrp6H4uhCZjzthg4bewJftnPoEbhP4pe5cgQz,200948,2162373435334599421601842952064608722,18544935,18794119,,,1
2026-09-06 05:43:22,5ovF7BobLintad2HxMxvhV7HvbLUZXz2NjrQ3Ue3ABpQNjhtBbBrUnxb7abr4ypeiYKsh3oxNHa2TrzTT6PxpugK,buy,AAPL,B3S7TuCmBPsNJW32SzRLBwbmWmgNzFBuHnBG9rdvt6K5,8RnK5aFnioegaiu7YhPdfhEvVowxsaVJXJpNpciANbNQ,3FEr8uWNUSEwnZnrHzkmyhVMNPjQ6r4SwpiwoS972vju,3000000,9373652,320046000000000000000,39,0,2026-09-08 13:30:53,5wyHKgvGeD5jxUMTwTPovf1KFJjZV2mCRTwLdieABgDW1FaAHNc2iV6ehe8A74MucrG5yKhN4SFgxYcTbF4YRLhv,200851,2162373450421985112900340480318376146,9425338,9373652,,,1
2026-09-06 05:43:33,4HRh4ypAz2LeYaD8HmPrQZvfi89ih3dmdw8rjF5SPL69nYMPf6xSUnom7nVTn6bW5syNeRd16SqEVxQTzqDYewyC,buy,AAPL,B3S7TuCmBPsNJW32SzRLBwbmWmgNzFBuHnBG9rdvt6K5,8RnK5aFnioegaiu7YhPdfhEvVowxsaVJXJpNpciANbNQ,BggCpmDYQZ4X9JahzAaBr3LACPGCSRi9j5X9RGXZnpHZ,3000000,9373652,320046000000000000000,50,0,2026-09-08 13:30:47,2RV3Tz7nTKwffu92u2fwg64pyvzF28FejtBhSNJbeHbCp5kCgmLtp8nvUSngASV3AVNA2EDYjfG66XrreNHc4kW4,200834,2162373464657070956288988662522055344,9425338,9373652,,,1
2026-09-06 05:43:45,4sv2xkLWGdLDYbyGb9DeXxnBfJe63QCWfXbp9LLPDZzB4ihMwstpMdhk4ePEK264fHAhHg358o5FESh2AZhrPG9Y,buy,XOM,DwBR6tLSWzQ6ZDMJ7h49p7y6hQtE5gBxwEfQfLUmZuxF,8RnK5aFnioegaiu7YhPdfhEvVowxsaVJXJpNpciANbNQ,2BS35qxDLv8WAJQnJAEXhhWMdKUVCuqR9KPZSApr4Xh8,3000000,18794119,159624399999999000000,45,0,2026-09-08 13:32:05,2TC3TYi1h7DWvTQaRBtU7tRWLTVgRW33ZFtZLDwwVabaS1D7BiVnzi6aFPnhPkX2E3567KPPviyb1mhCUF4322b2,200900,2162373478471463107200772052317847944,18544935,18794119,,,1
2026-09-06 05:43:58,3h8zfzFr43Tg3j9LGN17ktdLMNR58px5NM3jgYGPNDtosr7FpNjjfTZxx1CgpFH7VkiTWWEZoB1jywxrEe7E4tEY,buy,SMCI,AJA4fVUTXmjnRDmqqpEvMfTpBR9rXnQtJcRMy8e8TjaJ,8RnK5aFnioegaiu7YhPdfhEvVowxsaVJXJpNpciANbNQ,HQJ31B8QtyaqqHyBfB82nA7P1hwdxGvoAUEvH8xBwqvn,3000000,75918038,39516300000000000000,42,0,2026-09-08 13:31:41,fbgG37YzSHrQvVdqQvr7RdFMLrXz7UmDBdyXi8eXXYqVvV95YTG7arWeiCryafLx35Pv9mGGBQNdXiZfePSLMMg,200863,2162373493597558496268716228141053010,75352822,75918038,,,1
2026-09-06 05:44:19,5C8jrcKWFd4CZqUAEQmNgkn3sFm2wAoeRjvkCo9YoGEatb8XZUZgoc6FBQSnBknNbhymCMb81LvDxFCFS3vSgMwt,buy,PFE,EG3rt93i4iifbhyEvmcJi13yb6E5uudJpbNWNBrE7W1u,8RnK5aFnioegaiu7YhPdfhEvVowxsaVJXJpNpciANbNQ,7mZ31Ew3zzXmqkPYrn78ANajLE8B9fKMimkqSgMvckvB,2000000,70329917,28437400000000000000,170,0,2026-09-08 13:32:47,Devdt6coQSzAmaWyfLypQSBXMj15UodXwsqFvwMkCfHsdTSgnPGgpnMVzwWunj4bZjDAE7oXgYoTHZyiJ2UZqmy,200908,2162373514984644252605813064253191314,71300609,70329917,,,1
2026-09-06 09:10:28,2Pyypn9qJ4iCG1rxcPqjx4vv9M3LJv972Ags87VUXZ9uioA3e4sixdyLQNMmZEHjdwXVgkXACLyuMr3C7hnUD8nf,buy,BSOL,DaBqWWKszBeiTmVqYCW58W52UUhhVjRFMUw5swJwaSDb,GGKZ1gJzhqQxy5MfAYbewGRVDrw1Dnv1pA5iTuuWrwvQ,4aF83YFdbKoPgPzGHAR7XPwWQa38kQN65MKB5FH3zFbC,4000000,286532951,13960000000000000000,54,0,2026-09-08 13:30:37,3vUPVQHeUCMByFDBNWCMf9HMvcpjnZWAdhTZDas5HXbRMQChbmdNy4n9p3GRmqR7yEbC2yDjVrQKCaCSQ45hznCA,188409,2162388474658301663493072197390953056,282377919,286532951,,,1
2026-09-06 09:10:59,2jFbXBXBD4vhKKVCzJQGxMRn8hqSK6H3FYBqt8DNbt7fP5mQoF1sV1gNqCGV1QJnQBvX3CV9jGnRucP9irWpngtj,buy,GLD,G984Yppzh9oj67r2QUJFBnSDaPDXHQ8SgxbgqsKatd3j,GGKZ1gJzhqQxy5MfAYbewGRVDrw1Dnv1pA5iTuuWrwvQ,4BkdE26TsrKE8xKxHT1XxAedkSNGku2TRjtSxoMjgMik,2000000,4919016,406585300000000000000,57,0,2026-09-08 13:30:19,62NL1YYCt3vj1hqaeEKcA2qBjQFu5ioJXmJjW24aqcx8ZSje7kwBxqPAuNpJU3U4pxRuudBMx8kv17WKwzA8c35L,188360,2162388513613525728420396159779823546,4932457,4919016,,,1
2026-09-06 09:11:47,32yRiLXVmCwC28NK8fGvmpdSkRtz1GuA7Tu2s8mVRkGbaMK7CTMjQ9UxXbQUB4TDWiiiy5AEisfmqGaRNppb2MKu,buy,GOOG,6a2yZjSpCncEyiPrB3ifnAJdqJVUNymu7vEvLCaySqmp,GGKZ1gJzhqQxy5MfAYbewGRVDrw1Dnv1pA5iTuuWrwvQ,AfxbchmiSaPbdV4JEYNnLELBuekS6FZ3LxojB6pxr4zr,5000000,14895138,335680000000000000000,48,0,2026-09-08 13:31:18,4aWAG5RutxpzHNXoaz1SjGPvMx8jQxAxqAjGhcWzQWvtthq2se2RXK2NWMhRrFq7uZjKcA9XdMRRraQUemXnsTst,188371,2162388568596657391919508041181095398,15025594,14895138,,,1
2026-09-06 09:12:14,67ZL6zYusMHmvCBAy7efJMDte8oFLXKMF1HKaoGcxWUkL3wJUHXrUohsVncDzf3VnvvBq97f9aVdHzd6C7rmN3zt,buy,NVDA,FkzjAJX584L1LncQb8AKSnGhc5sLvZjPGCgZLGpeHyTH,GGKZ1gJzhqQxy5MfAYbewGRVDrw1Dnv1pA5iTuuWrwvQ,3RLUWUfeUZ2eVFr3PKjmVMo7LswYUhtR9M315MUeR97R,4000000,17431123,229474600000000000000,224,0,2026-09-08 13:31:44,3QVmsCtaNjgumn8u1mZr2L5Sma3nZMG7vC6i2i7Nyu7oXym8zjuFgzc51QJTuZWti43Uug6CfeTWPQirm6esfo5q,188370,2162388604679457989317440816495233511,17114180,17431123,,,1
2026-09-06 09:12:49,3oUEc6tcMb8HrEdTv2N5S7qdWFQAGzAp29VPRZpkUiA7SMgxiAuuvHMDjpLYLsyeWgBzRCXCWzrcXy4MPX7JK38B,buy,AAPL,B3S7TuCmBPsNJW32SzRLBwbmWmgNzFBuHnBG9rdvt6K5,GGKZ1gJzhqQxy5MfAYbewGRVDrw1Dnv1pA5iTuuWrwvQ,EfuZxEQfKJ2B4g8PgRgKmZxzPswJU8R18yFerbpVK3E,5000000,15622754,320046000000000000000,5,0,2026-09-08 13:31:03,4UND72fkWN8zUTwyVZ9H3DLiE9S5NxC46txBy6nbG615myrf4YGVpzjHLrrqYvrmdrh42LZJVJUJXowhkmqDEDJu,188294,2162388644450718679392902671285434803,15729912,15622754,,,1
2026-09-06 12:14:22,33s5UUbgAdrky48cvxZAYQAEsYQifgPfheqfHnPARp696PwXg9DGGaMgnctpWrpWs5PGAhwM5eyQo1bGLNr7i8gF,buy,PFE,EG3rt93i4iifbhyEvmcJi13yb6E5uudJpbNWNBrE7W1u,8RnK5aFnioegaiu7YhPdfhEvVowxsaVJXJpNpciANbNQ,6ULVcxTTg5xd6YUCGsoyUz1rxC1HsdLhXkPwprAySuKc,2000000,70329917,28437400000000000000,140,0,2026-09-08 13:32:54,5HhNeS9pJyjLNkuuBoFahthgep3XDJ26SNUCBzfQe3XmzuoEzD3VxqsPLJP322mJQVs4mD2oESaJQBdDVzySojh9,177512,2162401800096320054426236308297093240,71300609,70329917,,,1
2026-09-06 12:14:37,XzmoAdCE3HbXqin89RMLadqm6wuUqg82Kvmd7VyuqyBcBoZg36YTf3VRR9S3pyzT2uheHZ1qbucbsNZVpyt18vS,buy,SMCI,AJA4fVUTXmjnRDmqqpEvMfTpBR9rXnQtJcRMy8e8TjaJ,8RnK5aFnioegaiu7YhPdfhEvVowxsaVJXJpNpciANbNQ,GqYeqWTRWpdfh3e5bZoXYfJFz4KWNqpESUoGyoYtmQHE,2000000,50612025,39516300000000000000,275,0,2026-09-08 13:31:20,67mZ3oo123mnYQf11kuos6iswDJqjWECRFk9ZJDbWUQvDewqPbUeBB1dEX68qGUivFy7K5vG1hQNkkxdCGc8KLzQ,177403,2162401827306826827265350501216530475,50151209,50612025,,,1
2026-09-06 12:14:51,231VAy5wcUGksVrhUTxwbSvdeN2kkKjGn48QMXo1NKSmcBGrxBNuqZKPNhiDwHRmR6TX82yyVCDaxhSyEgMAsX3w,buy,XOM,DwBR6tLSWzQ6ZDMJ7h49p7y6hQtE5gBxwEfQfLUmZuxF,8RnK5aFnioegaiu7YhPdfhEvVowxsaVJXJpNpciANbNQ,49Sp2HHffMk1cnh7FQJjjHKKuNWGM7Gb1Jao7xzaEqDq,2000000,12529412,159624399999999000000,5,0,2026-09-08 13:32:18,tBhdSaVqSoU3G5ZAQh4AcoNfBBzaw4bL4Zw9XtzrCGVQ8KCEXDcVnW8ASB3TNrDyJL2B3D8ja3dk4doEP7AWcrg,177447,2162401845007925521912814684725006308,12342616,12529412,,,1
2026-09-06 12:15:04,46rSdfZMCXkKfrLA4oLwkY9yksszWsUVoQioEYYzUmZzM1vfKv5h3MYr7b7jRB41aRZiaPQRyy5JZaUQqqLPc3mQ,buy,AAPL,B3S7TuCmBPsNJW32SzRLBwbmWmgNzFBuHnBG9rdvt6K5,8RnK5aFnioegaiu7YhPdfhEvVowxsaVJXJpNpciANbNQ,GJwCJxsUiY7yMnbTtSYHguvZZ1stiMEZ9ufK5Y6BHBG6,2000000,6249101,320046000000000000000,140,0,2026-09-08 13:30:55,55VRjUxzVy3zauHddERXENWUAmRTxE86PbNHgcCuzubaYU3pV9oMhxCv4ZH9VtVVTrHBwVbYf4amgkeqMZhDUUQM,177351,2162401860888367689555204315661145561,6273051,6249101,,,1
2026-09-06 12:15:23,5HPni8rXEupd1yhsTCPPniYaV3KDps26DQCGC83RLEQeSfhqvTo2KAGXiyuXJAgCnJGqD3HjvsFyXM82Jjy6r6BW,buy,BSOL,DaBqWWKszBeiTmVqYCW58W52UUhhVjRFMUw5swJwaSDb,8RnK5aFnioegaiu7YhPdfhEvVowxsaVJXJpNpciANbNQ,4fu1VDyEj37mYJLYuMdEfUP8e3JXk6oTCKeFCPaCLm9B,2000000,143266475,13960000000000000000,245,0,2026-09-08 13:30:25,cLLSFWLixhNFqmXV4djuMPWrsoJvHVAFq5XqdmnyunCEDGx2ZWaee4EcBEYj9beD5XyXJt9uUFTpdJaXEkN1N8K,177302,2162401884446724118322612004780348910,140835102,143266475,,,1
2026-09-06 12:15:38,4zB2dqVjp6gRKmpwLMA428TkKazX41SgK5jTUjReSxodm6auBV7UPgq7Z4V4xFg6LgVNasbwffXVGBkLotQqgLAL,buy,GLD,G984Yppzh9oj67r2QUJFBnSDaPDXHQ8SgxbgqsKatd3j,8RnK5aFnioegaiu7YhPdfhEvVowxsaVJXJpNpciANbNQ,6rynbrxs36zFqksL8vMB54WuhHYgiZxtyHBaRKUVrrsn,2000000,4919016,406585300000000000000,211,0,2026-09-08 13:30:15,46hAuPLUiP1KTUxKro6as4VdS3GikT2vqrf3nJ3qbzwL5H5qGgtndje4WymRADNqtXLCDT8afoB7VdqSXm5nPTox,177277,2162401901856453192491962086859891689,4932457,4919016,,,1
2026-09-06 12:15:51,2NLGf9jsaxHXg6xU5JfrZBKaBXRFVBGXfiCkGVRu78qnVKrNFG6PXb2yQPoV2wXTT5oF9adC1ysyjEPLfZW42y8S,buy,GOOG,6a2yZjSpCncEyiPrB3ifnAJdqJVUNymu7vEvLCaySqmp,8RnK5aFnioegaiu7YhPdfhEvVowxsaVJXJpNpciANbNQ,4iZJfvYu8LYthziJs5ETDx9et9hMK8w6PiKJ7WMVvBW2,2000000,5958055,335680000000000000000,231,0,2026-09-08 13:31:05,2dQRxS2ZtzUCMHL3WzhbaCp5xbzN1PY66sFmz72Six8ZqswhcYdvHrJMS7x7t9JJvWiStP6FpbvRptVNwiw6gKYE,177314,2162401918016153773420463177836889910,5992171,5958055,,,1
2026-09-06 12:16:07,5PDUiaACrpG5pteCW7sbQmr3dS1Hj8XM7sYZZ9DuGsNKMey2uVCcfyvfpddhr8oW2PHyvgkTQbyLgEJhEC71pQG8,buy,GS,HbCB8kGqwaQi9Q1K9EvYjfbMnFjaAUMQAeR3k7PDAKin,8RnK5aFnioegaiu7YhPdfhEvVowxsaVJXJpNpciANbNQ,EqqY7YPjcY4hmbgNPV7LdTaBPKG8m8Bhas5GpWXGyE5o,2000000,1926928,1037921250000000000000,216,0,2026-09-08 13:32:21,3T7GBKBUVhBYtGTxba66gDxu7ouqjwMDoyHX4Lp5thaALNUVc9EbomVJp9VdjxevHdaNbuXzTbqu3WDbPVkMmRMe,177374,2162401935093438424623284253756861721,1912450,1926928,,,1
2026-09-06 12:16:23,Pcav6yrx4Gpf8hLGM7SEEbmwBXkVhuG58dr8oKvU1f4mnZKAtNMJF5m7YjbjK2CRZNbzKeQ5YDNE1BsZUGZJfkb,buy,IBIT,9HfMBSLn26e7ZTDjjGRBVuF2wfEFoQeqCPMqz6ZK6PyH,8RnK5aFnioegaiu7YhPdfhEvVowxsaVJXJpNpciANbNQ,4TEkXmvXyNYE9y6YpGXnSBUHg43cVybok13CUiHwM6F2,2000000,44339114,45106900000000000000,66,0,2026-09-08 13:32:33,yN6C7x7DruY8LQunzWF6uEnHDgbPYs8NFAMR7FGfcN2QDjnnESe1A3TpFriddFEmtPJvcKArsrSsWe7gdyDiBur,177370,2162401953553740248693946117959622816,44900722,44339114,,,1
2026-09-06 12:16:37,M2QSxQEdhabmDE4crGnA7uZNtDziZugq77Y5mibK6NzxnzV1R1x96fquQAPrGCeUw2ki4ZCSn4FELnUtZd7k2fx,buy,MSTR,2HxYoAmyFHPrfaecKPZdMd9dRjQ7HzRKMFSqMP6Z2mGQ,8RnK5aFnioegaiu7YhPdfhEvVowxsaVJXJpNpciANbNQ,4RNbR8Dc2QTGsz7i4CbuAW4zGf1MPvuJyN1jZMv7y2kT,2000000,14028452,142567399999999000000,272,0,2026-09-08 13:30:03,5mS1LNV48X2QmdpgXU2M6NEqTMvxSHTDU9PJ4yLmzU3HjP1Jj1q6Ph8SveDy3hmP4DdsPLAg7A95i7S3dKugvrii,177206,2162401971752899633042416986584152283,14420289,14028452,,,1
2026-09-06 14:40:33,4wcJcEWvw4q8CuxRGqwUCimQiXnHEsLmCrRnKzwZvKNeNQ2nuewugBFCt9xdzDwWhtNBXfGya8cG2T5oCS8DP4Ks,buy,BSOL,DaBqWWKszBeiTmVqYCW58W52UUhhVjRFMUw5swJwaSDb,3uyZwaXBpjrzGZhpktPFsBffuTToq9tpH3HfmsEEnULt,FPasdmPNpf9ZgWGcxLnQjetbV52ew32CMhhCwbP7mKMw,20000000,1432664756,13960000000000000000,194,0,2026-09-08 13:30:41,4kHxEy9uYpk44vZEpvwpHZf5zLCnUiyvE2Lcn1SrqUot5TT9nqSN92wvciFWfdX6K7vastFyDcC44fsQC3wnejtt,168608,2162412417510320939718217649267655721,1414720452,1432664756,,,1
2026-09-06 14:41:02,2zQPBr6oLD5Vn8sKYpgj8HHnSPuKuDvjcpBFVixUeQQ4g54ATG9fLAkP1iiGUqhunTGZAK433JBFqFW53qGiQZmD,buy,BSOL,DaBqWWKszBeiTmVqYCW58W52UUhhVjRFMUw5swJwaSDb,3uyZwaXBpjrzGZhpktPFsBffuTToq9tpH3HfmsEEnULt,CP2ZDakhMpKtWPin5XSuZivtE3n74kMjpD5p2nC2x6zF,30000000,2148997134,13960000000000000000,223,0,2026-09-08 13:32:45,3c9pySfMnxX41koiiChfwAcBfBkG2MeHsZYReFep773KReHbH3nfhYG3QjxyBx6q6UMvkPMFu9H8Zp9ApQzrSkAT,168703,2162412454406742048167359582914639192,2122434536,2148997134,,,1
2026-09-07 02:43:54,5o9zcMvfJ1xgRAgaLCSKAxDEY1kYNUUNfy2CeTGsy3hr7Ld2wpWrGo2nh7r15ekfTEDjo5V8TbXZZUn7W7PZbC7Q,buy,BSOL,DaBqWWKszBeiTmVqYCW58W52UUhhVjRFMUw5swJwaSDb,8RnK5aFnioegaiu7YhPdfhEvVowxsaVJXJpNpciANbNQ,AnT83UsebntnmeNwb4zPZ6QmE41UVD8Bs6TupiArHj2x,3000000,214899713,13960000000000000000,4,0,2026-09-08 13:30:32,4qRnAjok98EDzmFCWBPbtbunBS9gdwJmmE2wHvFyFyRzUKDHd9BS9pvPUvwQqhhz8pEzsgBjvX8T5V2v2Jo2DGGR,125198,2162464870516751124434607712572527044,211606510,214899713,,,1
2026-09-07 02:44:27,4iauzvxf5mQ9yKsnAZQ31UBpuhdyHYuTfCZhHgfHWSUbCC7LNEmFXeMi2JnnwYxyUHykxLbjigM5vfkfoNYbpJ3Q,buy,GLD,G984Yppzh9oj67r2QUJFBnSDaPDXHQ8SgxbgqsKatd3j,8RnK5aFnioegaiu7YhPdfhEvVowxsaVJXJpNpciANbNQ,1MhAAHnaAKDN8JoSr2UpczRA3cZqSLgsH1TkrMuGaV8,3000000,7378525,406585300000000000000,20,0,2026-09-08 13:30:23,2TkkH3ALEnjQyGakcxspY3185RwEudMQJFyZD9FSeb6M49zvZoCEPyhCMA9joPHo5p66ycQiszRtmQwn9EokpWc3,125156,2162464923894472094411959130768427318,7411079,7378525,,,1
2026-09-07 02:44:40,5hU5EfHMYZfPNKpxTyyE9XEjyZko4x7Yi7hJZUmXGrSsjKBr2XGyZ8CtD7c9QShTs6BBLX8RSGix32J1rhwsT7k1,buy,GOOG,6a2yZjSpCncEyiPrB3ifnAJdqJVUNymu7vEvLCaySqmp,8RnK5aFnioegaiu7YhPdfhEvVowxsaVJXJpNpciANbNQ,99aCMY2PTXK1uBzEcdJst2aWizWiU9gDMeSKUxzdxvzM,3000000,8937082,335680000000000000000,202,0,2026-09-08 13:31:10,jrAipt5Jg2CsPVTHSTAwaje2eruhzTUzXajwFuT92Yoth2hZGyPV19KAujKK4ySL34FxAvT2xLme8JYJDfVRVBQ,125190,2162464937984481089099647854513091903,9003312,8937082,,,1
2026-09-07 02:44:53,2KdsgDiMY1JrywkhC8jfJbrefNuBueNkGGYV2mhc553SiHU8RPTjDyjTDF8rRcTuTbc2fFsEAvnkbq49UK2jzHRw,buy,GS,HbCB8kGqwaQi9Q1K9EvYjfbMnFjaAUMQAeR3k7PDAKin,8RnK5aFnioegaiu7YhPdfhEvVowxsaVJXJpNpciANbNQ,45EQAuPVVJbMidpHMDGVPSLS4ZxzhNEkZEZ3CTCzrdEU,3000000,2890392,1037921250000000000000,94,0,2026-09-08 13:32:30,eKTQSeahYUhBxMqzPNYu9sjMLZSaVyXscNXsNMS258yvug2iTeCn88Qg3Xi7XnNPyyJqdNvaCDwai1JndrLjFUE,125257,2162464955139137433642246895331159254,2873480,2890392,,,1
2026-09-07 02:45:05,4oVomd3m4HjHb5dLPY689oa1qDCwt3Ecih5pW6xjMuzgY6zhMuaEPaCkBnZu9cNNe49AknAvp3HVdLEQCGw5cxC,buy,IBIT,9HfMBSLn26e7ZTDjjGRBVuF2wfEFoQeqCPMqz6ZK6PyH,8RnK5aFnioegaiu7YhPdfhEvVowxsaVJXJpNpciANbNQ,J6sNimZVTUuW1zGSatxQz1JUYsHB2erUWVWSbydufksZ,3000000,66508671,45106900000000000000,15,0,2026-09-08 13:32:41,4sRgSDAGA4kJjRNPE5xXBKGw2tGZp5WSQ8TJww6MEVmfDDDHrWKSfRTAYwxqjv8Rj1DvpA7WDbJFAWJpkSnaoTnK,125256,2162464970438086615864514090901337951,67463898,66508671,,,1
2026-09-07 02:45:17,471rekWaerrV3EqnopsT4GctzEPsnq9EUdASa9m2Wxn7KLB77w8QaG9uckbC6YyJfdMDpiDAyBwQzQwG4E2dpwio,buy,MSTR,2HxYoAmyFHPrfaecKPZdMd9dRjQ7HzRKMFSqMP6Z2mGQ,8RnK5aFnioegaiu7YhPdfhEvVowxsaVJXJpNpciANbNQ,Cd4WcfMniQxgwcoVU5XtrJMAGqB15z4DgTzoxzVBn5VZ,3000000,21042678,142567399999999000000,71,0,2026-09-08 13:30:09,54Qt4wwoMc3TSHL6PrnPFAdiEEZbzPNuf2nFP2uUZ7PmZ2c9SsUUpieQuyTRXYu244f8jFXWXzkAemf655ZYmdmv,125092,2162464984438666920570832420800685335,21666666,21042678,,,1
2026-09-07 02:45:30,5WUAYCsZJRv4oYNZKcgSKqmdiEfQqTkx35MNCDWvAFZNgfXPsdjsrrDi8J2qKkgZeoVXYBriSXy5dLoPS5Ny4Mxm,buy,NVDA,FkzjAJX584L1LncQb8AKSnGhc5sLvZjPGCgZLGpeHyTH,8RnK5aFnioegaiu7YhPdfhEvVowxsaVJXJpNpciANbNQ,9AvFeveLBgXRpcmmMrzSuBQ849urn6HJmZct7PsBXzhF,3000000,13073342,229474600000000000000,147,0,2026-09-08 13:32:02,623bw7wLUmYEhHVFa5gQmGShRXJK12RMSQqPwS6XWxUaXV4T9oRjwjRoMJg1cztEE7oaSGXNZetqzMCjmvmuZ43p,125192,2162464999217774362999469683839447045,12824912,13073342,,,1
2026-09-07 02:45:43,5TFGkJDDfKz8kW2Qgwv87umqwLU2Q1bx4y5PPSiAsnVBx87rZvd8jLUCtyAvWuZB8YzsAXtva4SgL2WY1EtgYA6x,buy,PFE,EG3rt93i4iifbhyEvmcJi13yb6E5uudJpbNWNBrE7W1u,8RnK5aFnioegaiu7YhPdfhEvVowxsaVJXJpNpciANbNQ,8aDMqKvMgBaadPhD7BZDAg5pJ8bXPaXBqSy6Rws6ykS,3000000,105494876,28437400000000000000,159,0,2026-09-08 13:32:56,2rjkynHBRgNsoHaHuJBE3oMRQ1wHmrVivUTWMgKmNnc1iFFwdQtdWWTh1dPctLE4CjMJ5XBVYLDEJqia7SPvBXDr,125233,2162465015949321523426576270199093725,107130060,105494876,,,1
2026-09-07 02:45:55,3QVfky8AvAUTuzEoUK9NCszme5TpY1KyeaPDiJjJaLbBUwvPWfcWVZo9dhqmyaePwZ2a8ekwjHgD8cZVQVjNgk4h,buy,SMCI,AJA4fVUTXmjnRDmqqpEvMfTpBR9rXnQtJcRMy8e8TjaJ,8RnK5aFnioegaiu7YhPdfhEvVowxsaVJXJpNpciANbNQ,FFa2xZtwoyoXsyrWx7wBmo9M4EsZFMCk8fJNTnkvUikK,3000000,75918038,39516300000000000000,95,0,2026-09-08 13:31:24,hDM4CB74mJNmxC3bxbptqRmSfYBnh2zkT9KASGqbKAoG1tWknRdvjjP3iV49457TQeAQCVpSjBhb1TY2N186sP6,125129,2162465030212214193532694210011913997,75352822,75918038,,,1
2026-09-07 02:46:06,28JLY1KoXxLZsASVMBX9RKwUXCPiYnkRLRGxfLMjhmgQrdWBLz2n9U4kgp5ZeZUL3vsLbdUg5MB8DdGZZYvRSztj,buy,XOM,DwBR6tLSWzQ6ZDMJ7h49p7y6hQtE5gBxwEfQfLUmZuxF,8RnK5aFnioegaiu7YhPdfhEvVowxsaVJXJpNpciANbNQ,6VUXyCiPwDm3QW7yeNF1fzcJSNtzL5smkY3Mf4eaAjak,3000000,18794119,159624399999999000000,152,0,2026-09-08 13:32:15,64C2cyW17smDaJEBJHWRfkCAAMNUYhyH9WiEy2rFZK1ZoqEJocNwqgMrAa2ZyCnNLwPw4X26Z7DDP7rKroiSZ3oj,125169,2162465044197077298434239720598064467,18544935,18794119,,,1
2026-09-07 02:46:22,5otSfrwmCj2JfZnjfRtj3ye3eLmhdb3kVr1MUmUCAWqyTM57GmAzzFjfUuLHPzXixDVoqVRD4uxnzHuC5A7TdpF3,buy,AAPL,B3S7TuCmBPsNJW32SzRLBwbmWmgNzFBuHnBG9rdvt6K5,8RnK5aFnioegaiu7YhPdfhEvVowxsaVJXJpNpciANbNQ,8rBTuJUscrrqsq7mwXAgBqawHnKPjhTXaCxptE3iWdwG,3000000,9373652,320046000000000000000,214,0,2026-09-08 13:30:50,4e9qFLtKP6zqstG1v1bJQvjYZFQWKdcoi4UyHFE2Vg8rJ2ygWkPx7NUkK9jNk1k1GmnJQ8BPJenN6BaCs3g9TxJA,125068,2162465061094256501820246749686480488,9425338,9373652,,,1
2026-09-07 02:46:34,5sk78WxdwPxRPimY1dXz42uXG1BeEq3Qi5o4w8fauyfr3Lkz8XvsT1FtRz5bpuVWjKsApSebvtvA6hGAPa9CXevv,buy,XOM,DwBR6tLSWzQ6ZDMJ7h49p7y6hQtE5gBxwEfQfLUmZuxF,8RnK5aFnioegaiu7YhPdfhEvVowxsaVJXJpNpciANbNQ,88XdFr5Du13GdHMiL55Z9cVkouHmzQZM9c1hbJLiPc7K,3000000,18794119,159624399999999000000,180,0,2026-09-08 13:32:10,3qTTLfd3zTKN2R7ax8Nim1GPd4aHsSGDUCto6XTFHHHyLRzCSJaBEEF9QAgepH4an3MsoKwgts52oot5hXAc6xF3,125136,2162465077029084950140417191774577733,18544935,18794119,,,1
2026-09-07 02:46:55,33Z8ZaCEyVBm84s4EUjruGT9jQUAiWh66ngxeQB9Rkuaz9crHGEZo4pzqUFQjkCcY2sbEMaa4vrn9LgKgTQN79Ue,buy,SMCI,AJA4fVUTXmjnRDmqqpEvMfTpBR9rXnQtJcRMy8e8TjaJ,8RnK5aFnioegaiu7YhPdfhEvVowxsaVJXJpNpciANbNQ,Eu3uThxE8ZZGHhYJELjWSvgVRVn8wqZRDWpnguCUVeR6,2000000,50612025,39516300000000000000,155,0,2026-09-08 13:31:28,3PD5NCcAvNTgxGKf4GKopnSym271zujcXVGdav4h7ECu1XjHqngfg7N8z5TazRricJqt7RMnndrt5oAe5W16ewK5,125073,2162465101278917190382420273211783827,50151209,50612025,,,1
2026-09-07 02:47:12,2Qe7EEcBzA7FCT88jUPntrDhNiWGGJkF5oEX91Je52NkEqsQUQrc3UrtLAC3uVFrLPvo78SLadktBg1MyUfSk5jp,buy,PFE,EG3rt93i4iifbhyEvmcJi13yb6E5uudJpbNWNBrE7W1u,8RnK5aFnioegaiu7YhPdfhEvVowxsaVJXJpNpciANbNQ,CugVWAQNZNE5jhv4s6VkhMsVp7Sg5TatUREVRw7zo2MX,2000000,70329917,28437400000000000000,248,0,2026-09-08 13:32:49,4eqbEWePPGFvJJ9Q6RP5a8YxqJoC39CMTMHwEPSfG2sRnNipAJuT7sKJWt9PiGZ1A2UWhVjocpmTEipM6ddSZjer,125137,2162465122981560036490190596253740717,71300609,70329917,,,1
2026-09-07 03:31:41,48DMWRaEqrDskiQmZ7az9LVz9ED5KsosXBnBZBdUnmyvRidEa2yGDciTnmwzWZB4TtZAL6ytN4b8wVLUnaSgasqb,buy,GOOG,6a2yZjSpCncEyiPrB3ifnAJdqJVUNymu7vEvLCaySqmp,34aWqb8VwxywCTVVyHnZGoHHaqQw7MbjMTHbaaBTvmCj,BA19pR4hXkjLz7KMkzxTux7opgELdqqhb9RZnqLmNhsS,20000000,59580552,335680000000000000000,22,0,2026-09-08 13:31:16,5Ravc5eqnLfLW6HoxMnQeEYoMyhfigqfj6yTPCkTjvqFQM7t6pWhnhSQudthSheFRpe2QPDWDdUKweqc4K8epeSc,122375,2162468343042539692544581973856679894,60192713,59580552,,,1
2026-09-07 05:42:50,28fxWAqy634F7zt1U5yKKnULjqtosFGMptWGyqHG7TuJYTsWwGauQ4S8RYSysTp46i9fd1bmg2cP5Et3ye6gmV7F,buy,SMCI,AJA4fVUTXmjnRDmqqpEvMfTpBR9rXnQtJcRMy8e8TjaJ,J5SS8KD7jMoEdcmZ75a5DsQQEivaZLmp5LgvrcPRvAB6,C5XUMdRysoqY2NFSQv5HNXxMu8j3ToabyGhyDm9kZf7b,10000000,253060129,39516300000000000000,210,0,2026-09-08 13:31:39,56EUwQYytfsdyB8fL3bTkqnKTZeDXeDqMrFcG5S42VLkhrSrTeEcA8xej1vmJpneJLyZeWCCNkotB9oV6jWModBi,114529,2162477861843961552529927222923498644,251764112,253060129,,,1
2026-09-07 05:44:02,4ZMCCRzYcFVxgJmVrLJ9RcL7EmGxvpJMoY5apX4EH8iDn4ALoSnWNP88A58sJtqiqKwESrFTqS6LrhEcc6Rb61sC,buy,SMCI,AJA4fVUTXmjnRDmqqpEvMfTpBR9rXnQtJcRMy8e8TjaJ,J5SS8KD7jMoEdcmZ75a5DsQQEivaZLmp5LgvrcPRvAB6,9sGMyNA7TZn2hVRfuna1YD6wvEnmbvLu2Bg4R8V4mveB,10000000,253060129,39516300000000000000,282,0,2026-09-08 13:31:36,eGog8DYNkGRB2HfowMnWGta2LykWd2Qkj7YNReV36asSttD5zwUsd2bjaDhHZWF1XWsu8x9hH7CvqXQa84SE8QS,114454,2162477947270284828646215902239404085,251764112,253060129,,,1
2026-09-07 08:21:24,aZqzNHw621jT6FqQ5xaFWD7GJPET1D5jFPdJ35qf461QyFKT6eVtfGeCHYPzrDESmxw8wbVJkFAiH2QSFP4ojPB,buy,NVDA,FkzjAJX584L1LncQb8AKSnGhc5sLvZjPGCgZLGpeHyTH,8RnK5aFnioegaiu7YhPdfhEvVowxsaVJXJpNpciANbNQ,3xMLYAAKYfNfP9yCagqXmf2vLgF6bDR15TQ23nZ58x7U,3000000,13073342,229474600000000000000,200,0,2026-09-08 13:31:45,2rGyVpg13NAWDWDPsqgVwLb3qR2eU1sRrPxR9aBwRMmnQpYyQKS61YGaRURLU6u3xjgPzJNvKVQGe1MjBtgZMsbH,105021,2162489356882473929498899084001158753,12824912,13073342,,,1
2026-09-07 08:21:35,5oK7Nh6hztmNGbTRDVQajCeiXSEmB9DbtaYZDmXGwQ1kWYt2iKHm2Re399hhE7B5HAAK5YpWLuZxbeVJZRwNn6UU,buy,PFE,EG3rt93i4iifbhyEvmcJi13yb6E5uudJpbNWNBrE7W1u,8RnK5aFnioegaiu7YhPdfhEvVowxsaVJXJpNpciANbNQ,7zxhhW7vk6hQNXdAeAt7nMVPnhBejMzpzqaZ7e4W7EVw,3000000,105494876,28437400000000000000,165,0,2026-09-08 13:32:52,3S3aHLAo8VZY4mYZWjz5jQaeiSzEJ99GtKja2b5BbHaa6VyiMHW4kMqA56r3fgUeoNZesvY3XvWyfV3sie1R35JL,105077,2162489378759214171515251474425394122,107130060,105494876,,,1
2026-09-07 08:21:45,49NuWQSwtLg6Q3P2QgqtVRSpajf9PVZTj1bzAagaNXEVKKSp4NBj7WdfDb8f21iTvsnQeV9ePq9B6usPKGbviZSh,buy,SMCI,AJA4fVUTXmjnRDmqqpEvMfTpBR9rXnQtJcRMy8e8TjaJ,8RnK5aFnioegaiu7YhPdfhEvVowxsaVJXJpNpciANbNQ,FYF151ZsamYbMrYcM2wZnUEBTwAYYgyPFhDzUtmmpTcA,3000000,75918038,39516300000000000000,114,0,2026-09-08 13:31:35,2qbmk26jPtf8iZjui7XBX4JXNYo8tzqKij1DPMog673WpcTFPA2e8quqTfr83W6HNrWJssU3RRodsQQfrLk8Hjgz,104990,2162489391252224557180649221770532410,75352822,75918038,,,1
2026-09-07 08:21:56,41i6SBJKzDDfZDiDeyd8ehq9hyMnJBL4k3waLWoWHLFK4WNaoUnaaHvLTv5wr5b1NRM1vcvG6tPJe4iFQdU9JNCH,buy,XOM,DwBR6tLSWzQ6ZDMJ7h49p7y6hQtE5gBxwEfQfLUmZuxF,8RnK5aFnioegaiu7YhPdfhEvVowxsaVJXJpNpciANbNQ,Her6BQaM9mUbY1KUNbDSSB9hXgV58xcHLu1kwgeuZNZ7,3000000,18794119,159624399999999000000,170,0,2026-09-08 13:32:19,3QQrnSUgmxoQTGfZeHkmTritXTRYuMx2JyKqUQXdQG1sUJePUsh7XtPi2E3rm21UsXm9w4ftmC95LXR8dAB32N6f,105023,2162489403621955810531158437116883339,18544935,18794119,,,1
2026-09-07 08:22:08,4yhvH4R7DTRDiHA9WEqQFPRkCp2ViaTZw9sJVRWmyAL63F7S1fnff2TECiDKJwt6CsNMT8y2JbLaeBXvDd4D2UVb,buy,AAPL,B3S7TuCmBPsNJW32SzRLBwbmWmgNzFBuHnBG9rdvt6K5,8RnK5aFnioegaiu7YhPdfhEvVowxsaVJXJpNpciANbNQ,FeAtBY2s83CoRXK7m87vnzYKrGU69Fp7KY4hqou4xAEF,3000000,9373652,320046000000000000000,259,0,2026-09-08 13:30:45,M37r15MXUPw7htWDVYm8NciWeR1VPhHh1DTDafqYB3CVKvkHT5qqW259rHyZXvRnF5qpNQRcCDJe5ZKKPBg9kof,104917,2162489418382962187931239147078195036,9425338,9373652,,,1
2026-09-07 08:22:19,2YAC19Wqjb2m4GoYUbbAwXKRuAvs1r5cn4awHpceeULGn1h7Fmcdcq7YDgGa6Fc6TdmD513rhZqroqB5EJHib6fL,buy,AAPL,B3S7TuCmBPsNJW32SzRLBwbmWmgNzFBuHnBG9rdvt6K5,8RnK5aFnioegaiu7YhPdfhEvVowxsaVJXJpNpciANbNQ,BnEnKqVVXaHQHu25YWWGRf4E5jTyw5za2WrnjXSbJvpc,3000000,9373652,320046000000000000000,270,0,2026-09-08 13:30:54,4KiKynBSx328SbDU6jfa45Xhif5rWHsT6bMc89myqznvWXreGRZHyU3rVoycnHcs9x5az32CMtkkRcude7ubsd3T,104915,2162489432417366329904293684377874506,9425338,9373652,,,1
2026-09-07 08:22:37,ughUss6Cpb7YPTr7XL47DUx94aPfXXqWvMdpJsuHhGWDUCnNkdosGRWAJpkeNMPXtFoPjG1eEMHDAwYbNsr8RXy,buy,XOM,DwBR6tLSWzQ6ZDMJ7h49p7y6hQtE5gBxwEfQfLUmZuxF,8RnK5aFnioegaiu7YhPdfhEvVowxsaVJXJpNpciANbNQ,FVtddfHSrNDLrKQjFmRNALd8cpRpRnBB86xZxPYtksB7,2000000,12529412,159624399999999000000,211,0,2026-09-08 13:32:13,2MTaJF6uiGE112RZCKBa5aPHAPbNHp7X7wDZ8JqBBqLws4zzKwyUGxmdVuooHJAAAjig2DNrCSj9Wd2pSXvwA5CD,104976,2162489454570944056469253852353795747,12342616,12529412,,,1
2026-09-07 09:21:43,4ewosy1J6gXzgp5BVqimbyMSKPSfu57pmVt39h2fKH8ZjMjeZk1EoPSe1vBVEeCp9wib8LLcJvyJJ4vuM1gWoY2L,buy,GLD,G984Yppzh9oj67r2QUJFBnSDaPDXHQ8SgxbgqsKatd3j,FsdsfuRQR42Fa5AhWQ2W4Ua8EX46jU7hbs9ScXenPovr,5bCTv5zmCT1rWcCD59X8MWBUeGfdn6AGFKcVd6YuhRyM,58440000,143733676,406585300000000000000,50,0,2026-09-08 13:30:13,hLP8rHR66FbUL7naGJ4TG24Ne4Chhfuo3pUF7Rf2d1mP7AACSTysZJqqXVYsCWqbQpqCWDZ6qizC5nyC5Gh7Xiu,101310,2162493739232524110780193127627999764,144825876,143733676,,,1
2026-09-07 12:58:11,2obYRAMhy2pex8ETMCMxNQAuCLUZCtW2vNh9UZ7a326TzF5qig4f4g3DFynLUj7rMhNT57pefzAuK5GA86UsPFbi,buy,BSOL,DaBqWWKszBeiTmVqYCW58W52UUhhVjRFMUw5swJwaSDb,CHAcdTTgXG2GJrdaCNrYLMUbsLK6VEzkenBa6TnXYVTU,3NMzo7QUrCq81hgr8cDRk696wy1stDBG5DxEsUiv9wzj,2000000,143266475,13960000000000000000,288,0,2026-09-08 13:30:33,QWpSwswXfKe47o36KqnhXECYsTuu4MPDReVBA39tVAtAJUdoQcYncFjU9XFfKUc7Hk5dPo2aBk7bFGz4mcZ6Thh,88342,2162509443662496323111561038263145788,140835102,143266475,,,1
2026-09-07 15:53:25,4ywkgBsSfqZmBXMUP5XH58m5f9dG9KUx3e1RknNtUskhCwpWf1diECtTdBRRfNHcsyqQM9vyBgm9WSFs3B3wW7ek,buy,NVDA,FkzjAJX584L1LncQb8AKSnGhc5sLvZjPGCgZLGpeHyTH,8RnK5aFnioegaiu7YhPdfhEvVowxsaVJXJpNpciANbNQ,27QRYheDvWs5jDDLkD71eEAjmhUGWSheGuS7ZsSGSH9e,3000000,13073342,229474600000000000000,184,1,2026-09-08 13:31:59,3eSxjsCrYvuC2e4hv4epDZQH8nsuijo9do7d8HERWuxFcqaHRL5H74FTwJdb3CGAyvfkh9jr7o6JDsCQPs2w9nXh,77914,2162522135164000616814835773295359135,12824912,13073342,,,1
2026-09-07 15:53:41,3HCysLGXsk9WecAdTMfRPMhotCryfBdwHkEAEbA9X6umqApTEFvpKAJfG2Cwq1afmWGYjXAqA8JFYkYZmzHmxwkS,buy,PFE,EG3rt93i4iifbhyEvmcJi13yb6E5uudJpbNWNBrE7W1u,8RnK5aFnioegaiu7YhPdfhEvVowxsaVJXJpNpciANbNQ,3kzZ8Rvh8KyQWqR8EzD8fjmeFRcifevbecj6eU47Gw8n,3000000,105494876,28437400000000000000,139,1,2026-09-08 13:32:57,4jsqZgMbGbvSCLsrCzeikkaaok39pAvbVyLAxYEe1btMir61G1P2Wv6Qg7HtJwYmPRK4UgxtdfGLTM4pqCmEJtUB,77956,2162522168702029614816141839335052638,107130060,105494876,,,1
2026-09-07 15:53:54,2TkYKmtJxBjXpxUNSyakorVc146Yt9gHjj7mznrq1jmZMLcytLvnNBtKjimHx1vpXBZsQkrTq3CiDTBkT37jdSqh,buy,NVDA,FkzjAJX584L1LncQb8AKSnGhc5sLvZjPGCgZLGpeHyTH,8RnK5aFnioegaiu7YhPdfhEvVowxsaVJXJpNpciANbNQ,7mcuBwKyCzbwJVqhBcBjz7icRgDZa4kYqWgdqzHiygPz,3000000,13073342,229474600000000000000,213,1,2026-09-08 13:31:48,5CbpaBPjrM34UnhNiKeenv6C7eaTmRvbi65Sjess7toVLDKRMuwLbQcvPFeA3kvvz9Z4BPoMBRwJWxuh4wgzPUHv,77874,2162522185753943632376937255601341549,12824912,13073342,,,1
2026-09-07 15:54:05,2BAPgZvjGGDJmv7pREChE1YzfJQZ5ix3arRPzkSyBqV2EsvJ3pVL8tTkMbg9RWbfi2WQRy481qYFX6p2SdCEdQqQ,buy,MSTR,2HxYoAmyFHPrfaecKPZdMd9dRjQ7HzRKMFSqMP6Z2mGQ,8RnK5aFnioegaiu7YhPdfhEvVowxsaVJXJpNpciANbNQ,4PY9N6ypnhd3ygoA9v7zLqjqQRMB4ARayanDyvxE4xPu,3000000,21042678,142567399999999000000,176,1,2026-09-08 13:30:04,3GRwYzCdy9qPQWRELBM9mWFL4Quegu85hQrDyZZ2NoapLoar5PwhVT7KRBJY8UAP1m42e76oniVoKHxWmyWdgkRK,77759,2162522201589643332890466226019042460,21666666,21042678,,,1
2026-09-07 15:54:15,5TsK5YbAVdySFeGPoNCkuyF77gvE9611ZNnyJdwgSwpFcLGLEm21UVMYZi1fdMDDQA7oUaes3Mk27i86dMUwmsDi,buy,IBIT,9HfMBSLn26e7ZTDjjGRBVuF2wfEFoQeqCPMqz6ZK6PyH,8RnK5aFnioegaiu7YhPdfhEvVowxsaVJXJpNpciANbNQ,6bBXsRJxwHbaG6drvGLkvrPFQZKfhXoJVGYTWi6aW4mA,3000000,66508671,45106900000000000000,80,1,2026-09-08 13:32:44,5ZrVspdchcYGajh5wU2nM2qQsWR5ok9Vwt87DMvkwZykGyGSyAju69ETnzfzm9dKZqYF1dHg58xBQa149bCnUjHX,77909,2162522213927936209910035948161378325,67463898,66508671,,,1
2026-09-07 15:54:29,3wq5UZExbywfcoHUutYqEZ7SJwiNSHEzQZyLJJsJF9pM7abTubBv1ETC4Pp3saSXnQEoGAhUs21NrG2iRqe185ho,buy,GS,HbCB8kGqwaQi9Q1K9EvYjfbMnFjaAUMQAeR3k7PDAKin,8RnK5aFnioegaiu7YhPdfhEvVowxsaVJXJpNpciANbNQ,2Fbb7MQZavbmA8a4dRsGy7whohTm8gXmh26q9p369Cax,3000000,2890392,1037921250000000000000,186,1,2026-09-08 13:32:27,3oUVvHrkaPpJjYXHh2KZZwnFtvpuGrv8N55X9LE4SCe4TtDaVTk9xTJgbw3bDCMVHQkmH4akdSpSXnATHuK4A3JG,77878,2162522227991374989913195354928170017,2873480,2890392,,,1
2026-09-07 15:54:46,5Fzim6g7zAtEEJuX9wR6tQE2yXZ674GyuBxhXRE5QJ8FpDsNBuyVPkVaGogbZNZVfmBWqnrkwhqAXRvttYTHP7FK,buy,GOOG,6a2yZjSpCncEyiPrB3ifnAJdqJVUNymu7vEvLCaySqmp,8RnK5aFnioegaiu7YhPdfhEvVowxsaVJXJpNpciANbNQ,F4861ZmH4M4uXhjoG6tEbVu37NdzmnpThfvGPHnamFHY,2000000,5958055,335680000000000000000,25,1,2026-09-08 13:31:09,2XQSEyFE6t3F8bzvEq5A5n4jgMCDYDtSyuy1MbqU2Tbi9eFagcqJK8HxvWYrhc175GaF4KoDbJZo7J7XCVKVQm8f,77783,2162522250525758044341237123057048403,5992171,5958055,,,1
2026-09-07 18:55:32,5s9mBhskeVGhM2FD3G8BFtvW195XN6c3muCQLYviL3iCyNqKJGzpsrHtk7qcc2Da5BcGXs3SeeVLNSAngLR1VMMH,buy,GOOG,6a2yZjSpCncEyiPrB3ifnAJdqJVUNymu7vEvLCaySqmp,FbmDobZRM2xbHzc7KXei32zKyMiSL7drTHRETGKSc5nX,8bWVrovHyXYuYq7LuEMUg2uFQWP3Etd2EPZrmfuiiZHm,10000000,29790276,335680000000000000000,40,1,2026-09-08 13:31:19,5PsX55apVk1NZBrnrVBHdiqL21Nv3XjgRKFMXE2D8QttN45WNPfoVjqUdTt6qVh7XFQeEhJzjJk6cWDfeANZq23H,66947,2162535358380137083083010704195643309,30081300,29790276,,,1
2026-09-07 19:04:36,qZEeC8LwfchxbF81ePqnH3kPj586M1vJBHieYACseXPN4vL3WxpHhFQdXZnszGpx7i5FW6jKgB6oLbxFwAjsECd,buy,GLD,G984Yppzh9oj67r2QUJFBnSDaPDXHQ8SgxbgqsKatd3j,CHAcdTTgXG2GJrdaCNrYLMUbsLK6VEzkenBa6TnXYVTU,BS6Rs2dMpYgK5WhHeQyqwwod9HYhcDPEEPtwiCqkrdM5,5000000,12297542,406585300000000000000,71,1,2026-09-08 13:30:21,47k5MnoM2wFm1K15otC688w9tS8rcFLTzK3bRZG4KCz9i85hfjTZNBj7jmrhZ1xh9FcKcf55YL8CJxRY727MAr32,66345,2162536024793231722522256133024946014,12368323,12297542,,,1
2026-09-08 06:01:24,2ejE7Up3kMTjXbGkdSYsNShtYneHsFjqmuEntrGKNXJDuUN6fuzbc8oxKjfWpH2cXVZMj4LKhWm9LLUTyGx9YesA,buy,GLD,G984Yppzh9oj67r2QUJFBnSDaPDXHQ8SgxbgqsKatd3j,3uyZwaXBpjrzGZhpktPFsBffuTToq9tpH3HfmsEEnULt,AeejLnRa3MXcea7fuHBdYEuNiVi8gV5mV47roTLpKxbE,20000000,49378448,405034999999999000000,12,0,2026-09-08 13:30:10,hd7cmBFNFBqYsbccWbnc77ZT685Kg8MuwMiFrY1ZP2PxpJ5Vm2Q3L9KyHdCekNfki46NHEt3XcFbhhZoyKABVpN,26926,2162583664355151534678017858290994146,49547651,49378448,,,1
2026-09-08 06:02:55,5FCw7Yt4wnRntHGYLChDKKVCN2dDoMzbeFiRZg8wnTXHgeAA8fuhM2B1v4pw6ZppAjFUoNzmZxAvNX9jpAMAS4XS,buy,GLD,G984Yppzh9oj67r2QUJFBnSDaPDXHQ8SgxbgqsKatd3j,3uyZwaXBpjrzGZhpktPFsBffuTToq9tpH3HfmsEEnULt,EZqouepCxXqJb9tXjPgpgGg8XTn9Fs1hiyuWDT23fkNL,10000000,24689224,405034999999999000000,103,0,2026-09-08 13:30:20,5re9E3u5Cn3B4M7YK3U6h6RbgQV46LE88DRddaqmrhopLi4UjQPwF9Jkqj5abQLMnMNLvrwaCdrEVDoaqgmDdfvK,26845,2162583775820519605560379470469849190,24761432,24689224,,,1
2026-09-08 06:22:12,4GpAVk5WW2FUhKUCkV7J4LU5ebXb9Ed6efBQdnvm5TSbXA3ngAmeJiSZaxKcUKx4rE33JVqH7JqCjJcDAiMJAyii,buy,SMCI,AJA4fVUTXmjnRDmqqpEvMfTpBR9rXnQtJcRMy8e8TjaJ,J5SS8KD7jMoEdcmZ75a5DsQQEivaZLmp5LgvrcPRvAB6,55e7jTqmoiJPAA5mdbRX51u6RJ2aRfhrdZBwrdLohXET,10000000,253678335,39420000000000000000,166,0,2026-09-08 13:31:32,5dEEji59gkPm22UWn5cX3vMYKKfdhYPkMKh4wFkYU3dBRnf8BQSyjyADgNDeDryWacn2gbU63bNepwTERHsrgsex,25760,2162585154532706867203339944377369640,251764112,253678335,,,1
2026-09-08 07:29:29,4ZdHxDK7sxfSbrdRvjLzACrq97uiUSNCzmBkMKjd7BZJBMGB7L9mFwEJreHHkrSMqsbkpo3hGiTQoVcJ8ybL2KiZ,buy,BSOL,DaBqWWKszBeiTmVqYCW58W52UUhhVjRFMUw5swJwaSDb,8RnK5aFnioegaiu7YhPdfhEvVowxsaVJXJpNpciANbNQ,8Zpxa5vq5Xdk4V9TqttMMpiW7EcaHZhC6i3bEznngwXy,4000000,283286118,14120000000000000000,182,0,2026-09-08 13:30:31,4pTULW2yxvAfumhbXYES1sLXY8ehH4Sair4L5dbCDFs3jnVMbAmQwBoa4rMmxb3xxaJS1N2ebQua7yeGw8C8xMGe,21662,2162590047916275652688062361253473286,282377919,283286118,,,1
2026-09-08 07:29:42,3tGKYNDTvqGYro6qcznfX8RrsuFvyVMAnSoiYkgjQSbzRHJV5KmM6ewusA4JZKRzfNEu6BZsDyVRdm7LwTCzP1K,buy,GLD,G984Yppzh9oj67r2QUJFBnSDaPDXHQ8SgxbgqsKatd3j,8RnK5aFnioegaiu7YhPdfhEvVowxsaVJXJpNpciANbNQ,Ae6eq9xEoChov9cRiBy783xSkmYdzaDgmHXBRzC4c17c,4000000,9910066,403629999999999000000,193,0,2026-09-08 13:30:14,45Tac6R43LCHPDxirLd6N7hsVT6mhgjvhpinsQJYxi77pTDXL8zedq1idcpkaUyjrMpeU9WmLJC1CnYVraVDoeou,21632,2162590065099948341587954902549916989,9889701,9910066,,,1
2026-09-08 07:29:55,5mP9Q7e7N9b1ow1yVyWMH74CTYCbgkuPY6xo1y9xaUm2i6J4qcqbdaaZEd2yGU4HjEGaSP8xpZjxPBdqSKAfUZUz,buy,GOOG,6a2yZjSpCncEyiPrB3ifnAJdqJVUNymu7vEvLCaySqmp,8RnK5aFnioegaiu7YhPdfhEvVowxsaVJXJpNpciANbNQ,4A6d6wx2G9U4jGK39s6QhpjB21tecU2mtfexhK29dUCz,4000000,11984839,333754999999999000000,241,0,2026-09-08 13:31:13,31uChevcqdhvC5HpUjvUQY6ypnhVUaKn5CD3qFVnQ8wSutCo7BMshXro1qfyJG2zNZpfAL5u2WS2MDH5mjQZYEVX,21678,2162590080993661854277933287084884079,12014453,11984839,,,1
2026-09-08 07:30:10,48djzS3ap54PustzSxaN4RFXtukLVVfPsqDTJ5yjazA6szP1sj6ciwQQmsdc5ZKjvuHs9s8VjE1soPH9jTuqAcfM,buy,GS,HbCB8kGqwaQi9Q1K9EvYjfbMnFjaAUMQAeR3k7PDAKin,8RnK5aFnioegaiu7YhPdfhEvVowxsaVJXJpNpciANbNQ,6naayssLyKzNw6F7wjcVWAaYuWaE2dmfHdvtpmKgw4Y,3000000,2924076,1025965000000000000000,150,0,2026-09-08 13:32:22,4uE7K4p3BYRWS3c2Rqxe5Xmfzbw8NrdwSspGqW2A9raqHDpzJTdvKVudqjxZBCuocSgCWCUAzCCGekdiGQNpkCBv,21732,2162590100129775434311122032661645372,2873480,2924076,,,1
2026-09-08 07:30:23,5wCp5HYEpJFNaKvDsZvGnpzz45muCw1vhGZjZ1NfhRAMpjVtmndEKrZeyKiDTh8RjeL22ago5dr9VKw9KKuaGni8,buy,IBIT,9HfMBSLn26e7ZTDjjGRBVuF2wfEFoQeqCPMqz6ZK6PyH,8RnK5aFnioegaiu7YhPdfhEvVowxsaVJXJpNpciANbNQ,9JJyEPTe5Y5ZaPuZBW8L4HSu7tGEibZX2DXcnuzRQiBC,3000000,67514346,44435000000000000000,237,0,2026-09-08 13:32:37,4kFrr16AeEeTpmD891HXRF3RuD9KhfqnZniE9NQpj2zQmKD2hVRjEHJSufhjC1DjPML7mugknDkAeqXTFBwV7DZo,21734,2162590114340675497937532959668409530,67463898,67514346,,,1
2026-09-08 07:30:35,4fT5zzahizTKcfLMZdEoKwsLgfpL1QBh25UDUdXXB41gQ58t44H3wGLPx6BW47TWP1MiaRF5VybwkzeojoeQjK9L,buy,MSTR,2HxYoAmyFHPrfaecKPZdMd9dRjQ7HzRKMFSqMP6Z2mGQ,8RnK5aFnioegaiu7YhPdfhEvVowxsaVJXJpNpciANbNQ,E5RZnJ4N5kPJnc9sb2mbPCYWg1zKfs2ht6Nsc2W3uiwj,3000000,21493820,139574999999999000000,53,0,2026-09-08 13:30:07,2LHxiFh4HLqNTumXGXkoAcf3c4i9BzoYFuts7kGADdMMWkWU51inir6NzAP4CEmBWzGGjG1sJRbXui67W9dcuGMU,21572,2162590129395444024346134630834283060,21666666,21493820,,,1
2026-09-08 07:30:47,6jVJGZywqFvPG17nxUzjEhWN43xm1grSeBUxJ9L1XQKjKUbqBMzLjQivygDoZA2snFnmsSA7f4sAUWkTktNb2ab,buy,NVDA,FkzjAJX584L1LncQb8AKSnGhc5sLvZjPGCgZLGpeHyTH,8RnK5aFnioegaiu7YhPdfhEvVowxsaVJXJpNpciANbNQ,9xYXbmyTeRmvS9p1T2GRC6gyzXp47UXtwdBYuLbcEcuy,3000000,12952808,231610000000000000000,8,0,2026-09-08 13:32:01,2LSvgndvMdZgRCjwTiaXhZviBNCBDsUWDwu4Zpm6MenX4RebepWZNwYsnYeeL4xQjZ447burkWyGAsRWDq6gJ1fw,21674,2162590144208397958367985115320042333,12824912,12952808,,,1
2026-09-08 07:31:02,5VpWwuvDdixL4BPhn5Vp9SZDZ7u4uQTFmdwbWyEh29bMDqZCYaW7GWSVtM1xq8XQNm9NHaUimas6eZyBPLLKaaGN,buy,PFE,EG3rt93i4iifbhyEvmcJi13yb6E5uudJpbNWNBrE7W1u,8RnK5aFnioegaiu7YhPdfhEvVowxsaVJXJpNpciANbNQ,GKfp8xAKnidvNcGvpj7NWo6HWYGnhGbfViWy91ih19JT,3000000,106025799,28295000000000000000,127,0,2026-09-08 13:32:53,4DypEa9ZGtLU2KWLPzkVbi2N5SSD9zNUsjqP9X8b3ojWehA7yDk9KY5TbscV3eS9Lw6Zk1b9tLwNkZzaY2Eubt7L,21711,2162590161086215973839063332863779567,107130060,106025799,,,1
2026-09-08 07:31:14,4JAPnbFt9VzdV4cGYNz5y5fR8Ez1PrKxAa57wAvMciuXLptDVUAHWmbuo2iVS7BL3aVttxQpAm2CkxRpmsNzXpen,buy,SMCI,AJA4fVUTXmjnRDmqqpEvMfTpBR9rXnQtJcRMy8e8TjaJ,8RnK5aFnioegaiu7YhPdfhEvVowxsaVJXJpNpciANbNQ,Am7RoRcrXi2hYfe1B3mGP9JuPD6GSqsNSPoLJ7XZQ99Q,3000000,75748011,39605000000000000000,108,0,2026-09-08 13:31:21,2TpzXJCNYmTcRidYiwqvnpJAZm6UdC7KDMQsTbPXYRfJXU1sMALm1Ds1p3ez4MmVbqe8PPJTxrsfLvgrkUF3NeQv,21607,2162590176257017915542700206144565360,75352822,75748011,,,1
2026-09-08 07:31:28,5wMtiYaFuTyiwWaU8xK9iT4DyMQLboZgxYdDT4SzNxNxz4LXe5Z19shwUCLbE41y9bXLaCSHrMR6qEvJvcCd7uwq,buy,XOM,DwBR6tLSWzQ6ZDMJ7h49p7y6hQtE5gBxwEfQfLUmZuxF,8RnK5aFnioegaiu7YhPdfhEvVowxsaVJXJpNpciANbNQ,D7zX8cPipvxkmqA5AN478rCZq8Ydpcz2L1SfP7Q8UbHQ,3000000,18640487,160939999999999000000,152,0,2026-09-08 13:32:06,5h8HwjzfathZ97omrgaP2YaEy4Tip29j2HMVDnU9iYNf1qorTVhBWhCaYFVD8qDLgDTKBVLEKT9xTp4WB5U6qTCv,21638,2162590192792724993900487953603247630,18544935,18640487,,,1
2026-09-08 07:31:39,KWVWC9D5tFrxKpE6wr81XWSEED38ZVdATNg15mgtqj3FWGiSZPmFYm4ppk2UaycEDgPxjfoHwAbK9JHPK79Y3rL,buy,AAPL,B3S7TuCmBPsNJW32SzRLBwbmWmgNzFBuHnBG9rdvt6K5,8RnK5aFnioegaiu7YhPdfhEvVowxsaVJXJpNpciANbNQ,C16iYsKPnyMru5zACuFwrFj11cBGL1rXRjUsE2cH9UH4,3000000,9398054,319215000000000000000,226,0,2026-09-08 13:30:43,4C3DgRbKbshH5FspdCMFymTxHdmFXi96CSHoodnDPfUBbDvQg3v231TF2VfB848NCSmMpGKzL7xpXphbx1c6UT7Z,21544,2162590209203886352964757983532125835,9425338,9398054,,,1
2026-09-08 07:31:51,3naV8p2bGtpaR1wggUheoNSWXkLP6MPBBX85MNHWBdT6J196JVU1henigKVq8g6PCrtiACFnP65gDWVfAk7WPE5J,buy,XOM,DwBR6tLSWzQ6ZDMJ7h49p7y6hQtE5gBxwEfQfLUmZuxF,8RnK5aFnioegaiu7YhPdfhEvVowxsaVJXJpNpciANbNQ,DADkiD9NpmwA4s7dBDQK5BxZCArXUD4B9mqGSERwSwgL,3000000,18640487,160939999999999000000,175,0,2026-09-08 13:32:03,4wvZ7r21Z1LXWHVPZW53Fhvwqf6tmhWv2xetu1tcHut1DtivH5NaRSPcBucfpj3tTh61qZGsHbpGnNeLeQPTYnQ4,21612,2162590221721115099672536097799652795,18544935,18640487,,,1
2026-09-08 07:57:14,2PRtuJ9w8DSjy1LPRiBiCRh6YuJqxjaZVdejZkZNQony33UmoMmSGVnuLoB2WMUP8AC1Y134xKSHASuETQSSFrJn,buy,NVDA,FkzjAJX584L1LncQb8AKSnGhc5sLvZjPGCgZLGpeHyTH,C2cQGtC3e7ZqGfAiFyvR43Zo5jYn1knusKt11mhzWGCN,GQj7WVstmVaQAKUaLrXEqcb8e1BQ3MzjB9pp1PwjXxEs,5000000,21609940,231375000000000000000,95,0,2026-09-08 13:31:57,5A7ZbgdGyrB8pJYm9VSmU6MDtL9K2QzNeMhMXiPT3avzuxtCocpEqPWwXe6dDjU3pBWw8CPhZd4c6huM5neJSiNc,20083,2162592065827439715688030733786022418,21403448,21609940,,,1
2026-09-08 07:58:24,2CAPgAHzh9EJKqfBQSVEaHVdeGfzQoAsJAJzKhPM5MvHdkf65TBARnNvpbd5R5z3Lu7FDMshUQNR1PnLL3YDzwZj,buy,GS,HbCB8kGqwaQi9Q1K9EvYjfbMnFjaAUMQAeR3k7PDAKin,C2cQGtC3e7ZqGfAiFyvR43Zo5jYn1knusKt11mhzWGCN,DKsHdDMNc7554oZ8dkXTXAiBsghsJCFq6efT1uMUBbt6,5000000,4892367,1022000000000000000000,44,0,2026-09-08 13:32:26,3Yee9RUF4TyxHCrXV6dJ81tY7zmBtefhnBeGiEs44JfCRZLgapiesgWRFDbmp8MJe1eX4HwTsKB8ZtyTgn5SfixB,20042,2162592150100423702855961280903133322,4795540,4892367,,,1
2026-09-08 08:00:10,sh64ZJnLmXAo9EwGg7oUSuwU3m2jft6yntUKBroeSicVcZd9gPdf6BfA2iPf64W62kTXAdRtGJWuCZTRSrnipBC,buy,IBIT,9HfMBSLn26e7ZTDjjGRBVuF2wfEFoQeqCPMqz6ZK6PyH,C2cQGtC3e7ZqGfAiFyvR43Zo5jYn1knusKt11mhzWGCN,wiqDqewpVJnPosQ3FN3kf3Pkvf8er32BZcMtiXAD4fa,10000000,225504566,44344999999999000000,224,0,2026-09-08 13:32:36,5mk8e2pxa4KnLyZkTVKGwg3XEGhcVEierkPRV8eMfaN5c8VvmHkJ95zMJbpvSvRdC2jHtoSdZohvZXS7SP3RtXqr,19946,2162592272168110318058803175148722833,225406137,225504566,,,1
2026-09-08 09:31:34,2SdZAWxu78PvALU1GfLDFfkKXQGnyVXq5z34EeJd9tjRpRxvM4YFN7dRZM8Jujpd8H1kTujvqHveQtVXFwFWWfh4,buy,BSOL,DaBqWWKszBeiTmVqYCW58W52UUhhVjRFMUw5swJwaSDb,Dif6oKbNmJN5ooJXHyuWC7Q89bX2YLDYb6bBFinNeCB3,Fqrd5io6Q4rvGudxHCa74cJXM5G6x5JFLypRzo4ZbYoQ,5000000,353132283,14159000000000000000,246,0,2026-09-08 13:30:28,5YpGCF8GyLiw6UzF8sRxsZhF4fcCedoY3WkcqYZjAovmb6FctmHpN4eXGjm8seYDxuWX4SvYWNPmsFCaNt8WWeyg,14334,2162598897948395013493063785874112491,353149327,353132283,,,1
2026-09-08 16:47:07,4fGNkXNGZ8YFjqZs1eDgd7WQ6i9fgeBu7WHBFuQT3L2sp4gYfGZmdkRb5X2dDyT4QKCv3RSgEtfe37zoGGZ3x6V2,buy,GOOG,6a2yZjSpCncEyiPrB3ifnAJdqJVUNymu7vEvLCaySqmp,Dif6oKbNmJN5ooJXHyuWC7Q89bX2YLDYb6bBFinNeCB3,3nbJZPGSCosnyiheWBynvQyQL5iQnQgHL3YxQkFQNN5X,2000000,5962646,335421499999999000000,71,1,2026-09-08 16:47:17,3NAXDPLCnFsLPG8X2yBu1RDAkBL8jx6P5gV9hBuEWfPSLj8nVaKrYofLSvBigXGA638zYfcvwWAsLSgSnVBFAdku,10,2162630491222714466921229673270708054,5933744,5962646,,,1
2026-09-08 17:54:42,4nuYoVDFasez7ZNkSbPCPyy5vdW4sFcHfo6qA2iLwcp3kAhSUPF3W5fryoNZznr24MV7AwymBEXik73RQ5tAdur9,buy,NVDA,FkzjAJX584L1LncQb8AKSnGhc5sLvZjPGCgZLGpeHyTH,CHAcdTTgXG2GJrdaCNrYLMUbsLK6VEzkenBa6TnXYVTU,3QvcefyMVQRMxRHR8X25sW7o15QyxnhsTAtddwurVL5U,2000000,8851124,225960000000000000000,271,1,2026-09-08 17:54:48,66ChTwCzqANmSdfXwyEdXu5qydKyU3QZQcoD6EFk3gzTZLXtJ4mD3Xg212194z11cMAGNQFqzK4G1z9X7HM5U48M,6,2162635406504722271800311403387869671,8800714,8851124,,,1
2026-09-08 18:26:18,3zMeXwbdXzQavFPSL4vDBLZigKVx4TcucpKBy25kw9zSBqxqJWjVNFkeeScjCegmdni4WBFQQC6BWdTDgqiWEkv4,buy,PFE,EG3rt93i4iifbhyEvmcJi13yb6E5uudJpbNWNBrE7W1u,FbmDobZRM2xbHzc7KXei32zKyMiSL7drTHRETGKSc5nX,8YzXyQ8WYZGQ7vbUMaDpsGmAoBc5cSsNSEFoRDjy63pe,5000000,179051029,27925000000000000000,201,1,2026-09-08 18:26:27,4SE3wZNm4iZGEFkrUd5CouTCK8QYnHgBPFraixqq8skNg58RSNFMcd5LLh18nm71u7irucKxvuZXBWzvJEDptuCE,9,2162637696571690321704464429394438794,178673732,179051029,,,1
2026-09-09 05:51:45,2suuEVLV8RLQU9FvPgW6cwCBSYGirqs4chK7LDQytj35hJa2GddE1YLS3PuvyFFL5jjHi6DHRy1UYKhCzoYeYiDA,buy,SMCI,AJA4fVUTXmjnRDmqqpEvMfTpBR9rXnQtJcRMy8e8TjaJ,J5SS8KD7jMoEdcmZ75a5DsQQEivaZLmp5LgvrcPRvAB6,GcpLnG7yFwHQwqcqaBkXApbmEUnXYnZkZqDyuhjz2e9k,10000000,247892910,40340000000000000000,150,0,2026-09-09 13:30:07,2m9XnQ2uoBWrWpkjXc7s85PVT5U1b3ip8eaHdUB8r3SCPTvYXivCcgyGNHMrdbPJurzR2ht2HWmBFHbjLKk8ayti,27502,2162687401172349624195729360486100987,250690087,247892910,,,1
2026-09-09 05:53:25,23L15ggQ1ka3y8wgf8m3uaVWggey1YeBV4zp28BVBgMV4BdBYHC36X7ZY4BrGBihbnNJPcsNXcH8LhV9GH2sJHbp,buy,BSOL,DaBqWWKszBeiTmVqYCW58W52UUhhVjRFMUw5swJwaSDb,J5SS8KD7jMoEdcmZ75a5DsQQEivaZLmp5LgvrcPRvAB6,8iaGhg9qwzCp3uDG2ZW5JzobszPxn97ikU1FpVrH7hwg,10000000,700035001,14285000000000000000,234,0,2026-09-09 13:30:03,91mooK8nVzTqowAkxjrx5GRPywP9ZcpCFsFP6HJTTG7hmCeqqifUyui4QUBe1m8H58ivVoVZhijQJxUppt6SmC9,27398,2162687523605091792678348274675380887,694714881,700035001,,,1
2026-09-09 06:07:34,4cJkZB7zCkmFHhvrvLFPYVJ9qGPvBYnGLHEBaqGwCD1PwmQqr3nae7iBuviEWQu9QHoq3K58g7tsMsJhD51ymTzR,buy,BSOL,DaBqWWKszBeiTmVqYCW58W52UUhhVjRFMUw5swJwaSDb,3uyZwaXBpjrzGZhpktPFsBffuTToq9tpH3HfmsEEnULt,94EQFXNUErNf5Mo8m4RRytAEHhdW26P5x1Pf32XHSw8P,20000000,1400070003,14285000000000000000,183,0,2026-09-09 13:30:04,2V6GUzM8fEBUeJyks2VWGY3UvkMss2xis1qyJMXEjNEgpNkvM8kSi8jTsN9d6UM7BxzsMXZgSmjLnaxyuAkjZQXy,26550,2162688561745974392302805198860600714,1390125173,1400070003,,,1
2026-09-09 09:45:35,Q3G7kf5QKzaKMNPeKNN3kJuiyz9JkVjMvqjnpnkzGaTiNT6mx2fVKnGmh8zR1vJZYpGBq49NUsavwiDjatpZhwW,buy,NVDA,FkzjAJX584L1LncQb8AKSnGhc5sLvZjPGCgZLGpeHyTH,CHAcdTTgXG2GJrdaCNrYLMUbsLK6VEzkenBa6TnXYVTU,Df4a5h5j3YeZKyJzhdX6zEXqnsMMojnauKWuX2WbQAPZ,2000000,8876347,225317900000000000000,21,0,2026-09-09 13:30:05,3YvWSMPx8hwg83oy2dT8EKsw249cW5LbF2HVtZS7Bvsuv2VnaPCA9Xmumxrt7sbCh5HkurQE1mDP4KNaiE1hu6E7,13470,2162704379596142745119555638306926244,8830707,8876347,,,1
2026-09-09 16:29:38,4JvNGuukN28QVanKYGQt1MvBRsx9iVjyeX8uHzuJ8bykWdNmX7sTZsU5XFuBr7gHwSBsrC8JabUa5EAhmXwieqje,buy,BSOL,DaBqWWKszBeiTmVqYCW58W52UUhhVjRFMUw5swJwaSDb,8RnK5aFnioegaiu7YhPdfhEvVowxsaVJXJpNpciANbNQ,AK1D8bschQwz4Wha8ADmCZiUNX1utg43LjudFXQAad5Y,3000000,212239122,14134999999999000000,139,1,2026-09-09 16:29:45,jFzQDDMJ9ST1evDLSwVfUtHcEhXmPBkmHkyuXDHe2xFHsBD96GyKwqTU7Nzo4euZNcdFb4SHcWJqe7qQoC1Jmne,7,2162733669731357894205895673830563896,211337291,212239122,,,1
2026-09-09 16:29:52,2ewSEBuqMbuC1q37gNN8iJQvq1eehXxP5mn2Y4ALLpk64RTrUYVcDRbTwaptvFgKLicb5QKKRZXDTCcUuQveTT1e,buy,GLD,G984Yppzh9oj67r2QUJFBnSDaPDXHQ8SgxbgqsKatd3j,8RnK5aFnioegaiu7YhPdfhEvVowxsaVJXJpNpciANbNQ,Fs44KnWvqawV9tEFmSBJQDPzRocoAeD9KodmsCa9bzKw,3000000,7433157,403596999999999000000,212,1,2026-09-09 16:30:00,2CzypPpLXxbrJjRc4TXLmHsm7pTmb7VYymbYszsq5P3mggJAfkfcQu4YnaPvmJHjisfg6sXtAtiZJzGfsxnCiGc7,8,2162733696553800477259889925837659810,7407921,7433157,,,1
2026-09-09 16:30:04,M3RUFqpim11R4ehXVHPD64Bk71FK15WoKC5htE9gsDTF7N7DinURZmSY2QymjMKXngzCBPSWiKSU5vUwvzi3n9W,buy,GOOG,6a2yZjSpCncEyiPrB3ifnAJdqJVUNymu7vEvLCaySqmp,8RnK5aFnioegaiu7YhPdfhEvVowxsaVJXJpNpciANbNQ,Ev48AQugqT29XsqhE5krbYARuKt4LGERaatPiewe29gr,3000000,9166294,327286000000000000000,3,1,2026-09-09 16:30:12,34bYAHLXWv8cpE6NmtqRLWL83VJhQ5QkW26a5hCE3YDGcsqv72Ueworrweon6maNpPD64Y1QFDwASWXbJpdMnPXb,8,2162733712570850011985945272270707626,9134400,9166294,,,1
2026-09-09 16:30:17,42P4Fph6rUCP4tHMe1pJoZKzdJXacb3gJDKQkoVYFTa3NFPRZrcMNU3JkZk6pGibqCjkcRG4xLpMJiyxPpqBt9X,buy,GS,HbCB8kGqwaQi9Q1K9EvYjfbMnFjaAUMQAeR3k7PDAKin,8RnK5aFnioegaiu7YhPdfhEvVowxsaVJXJpNpciANbNQ,CKnQvdNaWc7XNTFxDrLgDDgNhrAF7oXECx2rnjwwv3RK,3000000,2915026,1029150000000000000000,135,1,2026-09-09 16:30:25,5rQPs68ukqCg9jfZd5boGcFYGPnvkZ89jDcZt9mVkk6iJq2eEKzg3352gRqu6mRM6oyZbx7VHMaxK3tdg3qsQRga,8,2162733727241182358023171804222752574,2904757,2915026,,,1
2026-09-09 16:30:34,3sxsSMEnT8dbgcj23gURQJ6skiVBKTgFR8hVUkasvb8fcV2LNdXLo5cbJ91km4M5J6ryiSkMKRFkdJfFe4R6w48A,buy,IBIT,9HfMBSLn26e7ZTDjjGRBVuF2wfEFoQeqCPMqz6ZK6PyH,8RnK5aFnioegaiu7YhPdfhEvVowxsaVJXJpNpciANbNQ,Bvm9rTrF7TUiHBXDz2pnC3TYqkZJjw43NxiafLwNNhYU,3000000,67450440,44477100000000000000,225,1,2026-09-09 16:30:39,4mKcmhaX61vKQJbbFbsS8sxTxNFjjPaED23HubgHQjiBVQNpSaoDrBhzWkVUKLjTUnmW7q6twfo6VTsCU8HyxoYr,5,2162733743015230402001783473989497711,67103550,67450440,,,1
2026-09-09 16:30:50,db8VDKrvcyczM6BNLa9MPk1PmEQQcPpFCe1aazD7ADXZqghe9aAzmuZ8QMmaJi8FCriEKoqyynWBT8ivGbGdaL1,buy,MSTR,2HxYoAmyFHPrfaecKPZdMd9dRjQ7HzRKMFSqMP6Z2mGQ,8RnK5aFnioegaiu7YhPdfhEvVowxsaVJXJpNpciANbNQ,BpVFfjYCUkc6s251mzZn34auWfAcQ1n2LLmGWx8eUjGy,3000000,22273864,134687000000000000000,165,1,2026-09-09 16:30:57,EpSJkMvA3z3sKaBMv2ka5rdsjcKV2n8g6MZ8ergJjEENpKTukktErLZmqgbkPrpCDRpMqKCTqbkRhvZu8xnJQra,7,2162733768055740179912645404799299872,22161280,22273864,,,1
2026-09-09 16:31:05,3s1o3UccTBLnH3CGhWo61F8saKwCMSonuZLoikesSha3zxWh4KrvjofmThWENrwAi4CkerfvA95y8E3kby1iK7Ww,buy,NVDA,FkzjAJX584L1LncQb8AKSnGhc5sLvZjPGCgZLGpeHyTH,8RnK5aFnioegaiu7YhPdfhEvVowxsaVJXJpNpciANbNQ,5hwgYDP7GQXzrUGZ2fFR1t9ugtxNSULpQ1ffWizSZdu5,3000000,13407054,223762799999999000000,259,1,2026-09-09 16:31:13,2ChpWuQKAtvMxXstXfC6qrSWu3w1QFSY5PbErNamqwM1eFEjnQy2jzFt9TD6btFwv9r94hAHay4SXSJ2BZyewre9,8,2162733782614826630146071728645086860,13359068,13407054,,,1
2026-09-09 16:31:23,2dcto5kYr6zDiHReWbNMinnutbBbdmw2Y1TKurPkSZgVom4vKPXv8icte6xwnLhP6LovGSfcbyTBfguyyAuUFfqw,buy,PFE,EG3rt93i4iifbhyEvmcJi13yb6E5uudJpbNWNBrE7W1u,8RnK5aFnioegaiu7YhPdfhEvVowxsaVJXJpNpciANbNQ,3G98j8FD599Qd3uEnr717doWK1hY3iaDMcVUqNk3amRL,3000000,107469102,27914999999999000000,7,1,2026-09-09 16:31:30,5oAK7FZEGRsMSnPXwd9fk7GKzf7hTzTzw2z714rsmqijRnF8iHZFBS8iDPVGRGoSyMCrM3XXzz9rtxGQgpsH7yWZ,7,2162733803710571555460346412613942702,107099362,107469102,,,1
2026-09-09 16:31:36,4U3vPjDZufKKF6byUtkAkZRLnv4jWN92aEQFMe8HorPppG749YrJzhgeqNhUXK5aP8GgfxDJAekUd46PmiRgXdaY,buy,SMCI,AJA4fVUTXmjnRDmqqpEvMfTpBR9rXnQtJcRMy8e8TjaJ,8RnK5aFnioegaiu7YhPdfhEvVowxsaVJXJpNpciANbNQ,3uH3GiLqjAX5MRLzE3KFWBNnCM8LEu6UiXW4jR2Pi3R6,3000000,76260005,39339100000000000000,124,1,2026-09-09 16:31:44,LqFBQA5EmgLYZXPK8111ySziroQjEn3FvRfQDCKQY3m81DWRVfZESxbnh6H4X7AHPYS3vkA87XVePd1SbwhqUGV,8,2162733822868439975404042555025906818,75719205,76260005,,,1
2026-09-09 16:31:50,23AhCHDMEow567b6r5npTC9bdsCTGiX2HxKVxjKrFvyGXCoYdCpSiT6o8iLJsdSGZLjdcAfDWy3ztJ5GUwRKZHRz,buy,XOM,DwBR6tLSWzQ6ZDMJ7h49p7y6hQtE5gBxwEfQfLUmZuxF,8RnK5aFnioegaiu7YhPdfhEvVowxsaVJXJpNpciANbNQ,HZZrFAZgjyh1QSwaiCmqghPtauC1v9dCXoVDtkRb5TGx,3000000,18285435,164064999999999000000,288,1,2026-09-09 16:31:56,3tPyZFd4oHZBkzbMZoYmhY8RyXVr1XKnWvj5JmoswJMTHTR1pyVUnAWYm2DFMZopyfF9WiDvNKTsTy3Ppeic5X3s,6,2162733840020674818588298527859744055,18218154,18285435,,,1
2026-09-09 16:32:07,52RTa5j2oYGTrd1EK91JyLe1V7noRYACNgDG8Z7Yp6ACNTakJSbhsGDoBSHvbtGzrDxEZTdYQzNztvJRnA42yagU,buy,AAPL,B3S7TuCmBPsNJW32SzRLBwbmWmgNzFBuHnBG9rdvt6K5,8RnK5aFnioegaiu7YhPdfhEvVowxsaVJXJpNpciANbNQ,HM2zRoQ9tPUx2gHYbgkPXWi7iyf3d9pJm2vAwW1ro9Az,3000000,9570904,313449999999999000000,292,1,2026-09-09 16:32:14,4GaEXedy6tK2MUpoaxqaLNsmbV9HLUbGqcsV53EczFbtTTkeWCwBuKph9SKPR3vXCYwrGPFU8MMhLjZ5hhafZt4o,7,2162733858160610765892475923046709782,9530913,9570904,,,1
2026-09-09 16:32:22,22WFmMz3RQZDc7So5pDw6BkHHBMhJVDPbW4HL92qmkUV9A5RprxarTKEUHDTfu5pczF5XDX22PwPh1CQkXYHNXhR,buy,AAPL,B3S7TuCmBPsNJW32SzRLBwbmWmgNzFBuHnBG9rdvt6K5,8RnK5aFnioegaiu7YhPdfhEvVowxsaVJXJpNpciANbNQ,HYT2zU4SNukGG8vf7bDbYkbMxTwR2mKLqtjXuVFaUFak,3000000,9562819,313714999999999000000,7,1,2026-09-09 16:32:28,2c5VrgmscppwR9rc4BfnDZXrHdFe9SHKkEb8v91E3MpdBNCT3TLF36p3iT41aAZfC5Pn9vva2pUQRfRZtird99qb,6,2162733877751250274905666053817933953,9532128,9562819,,,1
2026-09-09 16:32:37,4oUnNUQpVQsCygkfFydEyQBZTSLt73o3aduqzKZrdKze4JmyswMuSd1GK2x7TFZ2NV7NbAAJbhNowWS9oVJ2ob2b,buy,XOM,DwBR6tLSWzQ6ZDMJ7h49p7y6hQtE5gBxwEfQfLUmZuxF,8RnK5aFnioegaiu7YhPdfhEvVowxsaVJXJpNpciANbNQ,CXdpCSWDDNydJSJRaRUQBQ6FDpmRWHwK5M6qcjeCpYVC,3000000,18277971,164132000000000000000,35,1,2026-09-09 16:32:47,293KshedpJyyU9PSXbr564vMkhhWmMY5EFYqYjXAJTE7pzBBW2aadFFUQ7RkvfAtn8QQJSph7T5Y5cqsNzGt8BYm,10,2162733895036464010101770103177746016,18210609,18277971,,,1
2026-09-09 16:32:49,5kiNdN6rVqbjVYYP5JTiGchSXhZk2zhPXM8riTvpUfmkYZWrh9GirEdFXfjCY8nnu5SBvXeGc1TCnaCY3KibFcCp,buy,SMCI,AJA4fVUTXmjnRDmqqpEvMfTpBR9rXnQtJcRMy8e8TjaJ,8RnK5aFnioegaiu7YhPdfhEvVowxsaVJXJpNpciANbNQ,51HHj7MZ1Np4ZwoLxG5pcu3CVi3q7gGxZhuNNFigxVcJ,3000000,76260005,39339100000000000000,197,1,2026-09-09 16:32:57,3MH1Dvq6DJrcZdwCZFT8w4eSoauUyjaMxkroZu2SN6ZNhcSnJN4ekKBEkiUvbi8unJte36JWccGga2wvQG7t1Fq2,8,2162733912159689869251298778032464280,75723041,76260005,,,1
2026-09-09 16:33:04,5ReVT1H131hxgcTRrid6bXzhfS5NoQoXn7Jg9L3khG3Gg7wFHvfMxSJSksjdZXGdwRbEi3XuHU9evjWWHqoJciuo,buy,PFE,EG3rt93i4iifbhyEvmcJi13yb6E5uudJpbNWNBrE7W1u,8RnK5aFnioegaiu7YhPdfhEvVowxsaVJXJpNpciANbNQ,EbBEWWqR7scuqRZK2GhMLfmpgbFaDAWGzm2fQ23x8wMn,3000000,107469102,27914999999999000000,108,1,2026-09-09 16:33:11,hULo7UnrvXzMmQcnX5gzHikdSA9vMovpFk5F5iq37Lcj3dKFAqvHykAH9qZPDcfeADG5T2unwuZ2HAxzxDUsv2S,7,2162733928003848327216133237424096773,107099362,107469102,,,1
2026-09-09 16:33:19,35cfBqgjfoL95ihVTdyzc5wRghiF72AM7C7JN192V7gFBCjaV52qxcx2V4uQjEs9YoExWRXVGKUt6E8m1zrdgH82,buy,NVDA,FkzjAJX584L1LncQb8AKSnGhc5sLvZjPGCgZLGpeHyTH,8RnK5aFnioegaiu7YhPdfhEvVowxsaVJXJpNpciANbNQ,Gh5u7A7k9xfEdNEcktuwxCJBpBPVjmMnNa1fWkjGVrBD,3000000,13407222,223759999999999000000,93,1,2026-09-09 16:33:25,y61g39L6kPwYcbQQS3G8LHguUcWHRmjcedNgQyS7cTnQzkAQQsRUJJcJSoDQX4NPCrb9efsWGrZkK5YSjwQZEux,6,2162733947500221530468979745274113545,13359068,13407222,,,1
2026-09-09 16:33:37,2eHAr2DYWgoVKxqtAo2gQ73b7dciGwyrqZbDQk2oEnGcKaHFjXSGqzw4TXGtzaiXhU2n6AXDYMoZ4eNLnptY9Gaa,buy,MSTR,2HxYoAmyFHPrfaecKPZdMd9dRjQ7HzRKMFSqMP6Z2mGQ,8RnK5aFnioegaiu7YhPdfhEvVowxsaVJXJpNpciANbNQ,66dUyMFwxmJdmE1r9uZYz3RsK8UKHQHGT5H1DxiQgDWV,3000000,22230290,134950999999999000000,32,1,2026-09-09 16:33:45,2LP7Py1kBXwQNFTZqxLeayGYh4s3k17ySUnfNkV5XGMCszGNQzcNqf6jjLgxpn9kkPm4awmdE5qQ8HmZpDEtzBgR,8,2162733966317127743100257549554470668,22152414,22230290,,,1
2026-09-09 16:33:54,5VJSSXuqriitouDhvc7NboZq6La34xp3myNanyqf8PLFvRaFRc5d2PHFJbe1TEWzSiCvem6VPaZkGnqfLENJZsh4,buy,IBIT,9HfMBSLn26e7ZTDjjGRBVuF2wfEFoQeqCPMqz6ZK6PyH,8RnK5aFnioegaiu7YhPdfhEvVowxsaVJXJpNpciANbNQ,G5whGt7jVm2tgxmJs595vbf6jQdCLVyWWtco38B35pvJ,3000000,67284940,44586500000000000000,125,1,2026-09-09 16:34:02,5AhAYf5Zd2UaQGi7UY6Hz4dthPeFrGMb7Xtq7aeRbdQPeXyFmS7L4JHPb3ZyfhuQYCLowpm9tkzLbea4A5WfXcGD,8,2162733989273427770456905813893191742,67028335,67284940,,,1
2026-09-09 16:34:11,67CK4FKZNDWnsM29QgBXep43NyoV5kvXssJqrpatrjYxhF6iSk4qkVQ6z5wKW9V4fYh1PJU8a4M6AyDD1rZeezjp,buy,GS,HbCB8kGqwaQi9Q1K9EvYjfbMnFjaAUMQAeR3k7PDAKin,8RnK5aFnioegaiu7YhPdfhEvVowxsaVJXJpNpciANbNQ,4aUd6miTfro4bGGuibkhNBSuSmFjafgeXfvLKg8Jc7wi,3000000,2913705,1029616800000000000000,69,1,2026-09-09 16:34:18,X4HszMmZ9QP6CWL4QN99xZFT9vseabJmnUgpwxwJt2HfD9ypc8BFRvdDJByuHom6xUKggjFMDzFccnt5TDfqNUG,7,2162734008260820144457538798667133227,2903324,2913705,,,1
2026-09-09 16:34:31,4VuHMfoj9DGueipcAaxqdZgpvuhdJniB897vnzfNWx82qJsHPn4XKhwrNyAWdorVWBRBX8H18FfDrJR8jsn5wsWQ,buy,GOOG,6a2yZjSpCncEyiPrB3ifnAJdqJVUNymu7vEvLCaySqmp,8RnK5aFnioegaiu7YhPdfhEvVowxsaVJXJpNpciANbNQ,3Dc88wr76QvYCbrypAzL8KHPAHqAVbj9Bib7pYHeaAJJ,3000000,9166294,327286000000000000000,270,1,2026-09-09 16:34:39,2o5aZjed9Na85xLdU15NCgCAj9daKZiCgpuemonp5rVeVxD3FTBvwmCy9ceVDxaH3A251c2ewck2GCXCg17DPfnE,8,2162734029610442719929760810621162096,9129380,9166294,,,1
2026-09-09 18:10:57,5X3HrcDNJxRpFiFKnHj7Pb57ovC5nnE95CWVeLxM4HuW7pZPyDRYyP3wZwLQ61Y6TxxvG1M6VDJf7R86DChiCAD3,buy,BSOL,DaBqWWKszBeiTmVqYCW58W52UUhhVjRFMUw5swJwaSDb,6WryucnUPcnPXYXekVuCcp11rHqFk5SaBVYyY3c2YDBh,9guh9f5L1J1dEpnoQZwdUyXicpxajTxugWV7B67TJb1Q,5000000,351741118,14214999999999000000,204,1,2026-09-09 18:11:08,BxvqPwmuuCKuSs85CZVDWBYAfmFuzarzDABsHaJVnL7jc54wRY9dk8rEJourCdnsKX5X6pqZpTamPgjPH3WGE4a,11,2162741014363121768512572828696136607,351210585,351741118,,,1
2026-09-09 18:50:08,4pHrjyWmJ7boMPXwWmMe4auhH6B2xExNi1dBECgUvDQ32tEw1rD7LaChS8vW4mvw28pPGVBUrGCZd135rqQ4daWZ,buy,AAPL,B3S7TuCmBPsNJW32SzRLBwbmWmgNzFBuHnBG9rdvt6K5,GfcpRxboaev5cHDLUR86t1Bh5c5TtGGCP2pQFQKf9KGv,APWnXDZHjm1S41GepUVhTHeqGhSmZwHXQs6WLMEjAPuZ,10000000,31653082,315925000000000000000,53,1,2026-09-09 18:50:18,2nd8sUh4zmttozokZK7iPhSM1g5hBQLB9Hj9Uggjws2eJisUNJFBKnqxQLxSDBGj5vbQVUjfRSLNjKUE9XJn6kdN,10,2162743865204864593776748890425256217,31542255,31653082,,,1
2026-09-09 18:57:09,2eA44hq8zjks9NW2LH99GwYLescgr3GnmCpKaFcudmghMvr2aBS9WhF83sTRVAWrseenpJKjTqg1tGacPb4jTkkf,buy,NVDA,FkzjAJX584L1LncQb8AKSnGhc5sLvZjPGCgZLGpeHyTH,9F7gHdnXFx6EuPZtyrw1XDn9tKUaM9BreZszV523paLU,GDhpovfbPjEvxCCUeWQ5qB2ediNjX6LsiJPLc9gCXGuf,5000000,22347996,223733699999999000000,23,1,2026-09-09 18:57:19,VVx1RcvS3HT8CLV4NYeEzzoHz7zrnABJtZ9MSAZeSiHSpvGjRzd4VxkbaefaRQR73YFRrNaappJFa6sw6NGiUiz,10,2162744369602545556418007959648509080,22301077,22347996,,,1
2026-09-09 19:11:45,24tTHktxBogYeSkjwA485TM5qrdz65P6f1StALEoAeYo1i2AnFMgzeg5nT2JN2Zcw5oSNAcFcRd98pDJCbJoBZLh,buy,NVDA,FkzjAJX584L1LncQb8AKSnGhc5sLvZjPGCgZLGpeHyTH,9F7gHdnXFx6EuPZtyrw1XDn9tKUaM9BreZszV523paLU,7kj8AhpDreAeecYXu1KMTVgA32iGUeEVcttmHPdtdasD,10000000,44672771,223849999999999000000,299,1,2026-09-09 19:11:55,26qH4VUGt3oFLcPNTKKLzWm4vFM7CaG9PgkTivCzURKoZ7WZTCnP14gNZeAqHfWQWtqS8NxFFzfzcDBr4SbKzw2i,10,2162745435363738039670080752143053257,44614944,44672771,,,1
2026-09-09 19:12:29,4jQomnWVv8tH4xfj16YrTPALgKtPRWif883ghVXpsCRw1gyPdyCXX3umaR56ZBprm3LTTSTAV4gove6P9iXpxgXw,sell,NVDA,FkzjAJX584L1LncQb8AKSnGhc5sLvZjPGCgZLGpeHyTH,9F7gHdnXFx6EuPZtyrw1XDn9tKUaM9BreZszV523paLU,7HGRMgKAVRhKVNx38zfp46ggyhE75w7ry1JbTJMnQ3Fx,4999999,22328406,223930000000000000000,43,1,2026-09-09 19:12:35,5wTohZ8FQhBbCZSTRKEZZwjXyox4kB1Tif1RxV644XuZPAxZBhaydQEUKEkYP5WV8o1drVfkD1XkiyRm7BLW9pv1,6,2162745491338218888776174382876762854,,,4994507,4999999,1
2026-09-09 20:16:08,4ZReviwTfMHWRPJ8xcDpiBRmEkVHcYpipHMhCNMLttPC9rytWG2RQ1iN7sPFfTUBkCF2L2eRFd9MV7THn77krVJi,buy,GOOG,6a2yZjSpCncEyiPrB3ifnAJdqJVUNymu7vEvLCaySqmp,DHG4p1tKiXuQS2oYUMAnxR1P4YDgzGdkQfzJZfYoRnNV,BpjXaqhvfSf6r1j7hY2Sw1F5oeEatV4yLcma35rAbnSn,3000000,9128113,328654999999999000000,66,0,,,,,,,,,
2026-09-09 20:22:15,2biBNpEFRQWkUvjzc9gpj5tWVkWGybznnoNMNYE3jaP8RdansxZ9aL7mrmUgGg5tLU9ruhBgEsjrMQzGDy4o2ec2,buy,GOOG,6a2yZjSpCncEyiPrB3ifnAJdqJVUNymu7vEvLCaySqmp,8RnK5aFnioegaiu7YhPdfhEvVowxsaVJXJpNpciANbNQ,893ov2FNN4hP4umQEFvk5h22oRnSob711TW1iR5gBowa,3000000,9122672,328850999999999000000,133,0,,,,,,,,,
2026-09-09 20:22:33,3TpXM7pb4m2dUUhUdirA3mPYLRXt2oHc2PvB1ayi9NAi3WMDJzrAr2qVd6juCvX8GA79hvj8KafmwEdAQwuQpcbZ,buy,GLD,G984Yppzh9oj67r2QUJFBnSDaPDXHQ8SgxbgqsKatd3j,8RnK5aFnioegaiu7YhPdfhEvVowxsaVJXJpNpciANbNQ,CFSZ9u7ZV2GTRrMgqMRaKz3oabuVmmkexEgizmGRPdcn,3000000,7445997,402901000000000000000,57,0,,,,,,,,,
2026-09-09 20:22:49,5WHdMhL8LJXoYeiNTuBtQkqH3aK1adqZhQKo3VbRAVnNmwhPMCDyCJCBTDRsLs5YhYNFRYPjSFydv6Bsz4dmPTQy,buy,BSOL,DaBqWWKszBeiTmVqYCW58W52UUhhVjRFMUw5swJwaSDb,8RnK5aFnioegaiu7YhPdfhEvVowxsaVJXJpNpciANbNQ,3zxD4PLtgepWZAMDdGanxmdtVXqo3UMs55Ybr5Ccfk6x,3000000,213523131,14050000000000000000,15,0,,,,,,,,,
2026-09-09 20:23:04,2pd4rLXAaehBP6nBEUvKNw3a4KzQ2cUBRXmXcXU3cuNsXcVYGHt5dPDRm5c97Awhj28FJkVTs87dCofFmSJesQyQ,buy,BSOL,DaBqWWKszBeiTmVqYCW58W52UUhhVjRFMUw5swJwaSDb,8RnK5aFnioegaiu7YhPdfhEvVowxsaVJXJpNpciANbNQ,7XraKuimdQfCB5ioaa5JvBaQjYC6gmijDpL5J5KGNxBo,3000000,213523131,14050000000000000000,30,0,,,,,,,,,
2026-09-09 20:23:18,EcaK8MAEGWrZ6ptD7NL3MkmbwVSXUX5Mi9A1FvqeoC6sEV4ywkzG2AA7tV1jrYo46rSNXSKCnP9SDrPJWLZY7jz,buy,GLD,G984Yppzh9oj67r2QUJFBnSDaPDXHQ8SgxbgqsKatd3j,8RnK5aFnioegaiu7YhPdfhEvVowxsaVJXJpNpciANbNQ,54MNtSiSRcGjrq3v9gjjHpPgsxoamyRYbxi4j7vPL5jo,3000000,7445997,402901000000000000000,102,0,,,,,,,,,
2026-09-09 20:23:34,4a6UJzvu9bTSjeLiKx2yfZVRDCyYjGdDyrPVcmiZjWnLk58UDeqGWNTygkjSDJjaeKjzk2ETqk7nLmkuGUUE9q5q,buy,GOOG,6a2yZjSpCncEyiPrB3ifnAJdqJVUNymu7vEvLCaySqmp,8RnK5aFnioegaiu7YhPdfhEvVowxsaVJXJpNpciANbNQ,4x94g4b9fooHACrAuaP6AMFFxbAmiQ9rTWQwX6Q4UeHu,3000000,9122672,328850999999999000000,212,0,,,,,,,,,
2026-09-09 20:23:52,4go5oBC1q77JvjCwiie1S65LDSzn82q73y6ozYeS8ve7VRC4HiAH4Rm8jCWmWaziqU8SmMXDAf3672vCS9suVFMg,buy,GS,HbCB8kGqwaQi9Q1K9EvYjfbMnFjaAUMQAeR3k7PDAKin,8RnK5aFnioegaiu7YhPdfhEvVowxsaVJXJpNpciANbNQ,5v6aTJxS3YgGwD5RRixippvTcX4qdCBW8Me1KhvFPTur,3000000,2914248,1029424999999999000000,50,0,,,,,,,,,
2026-09-09 21:49:01,4mkJybG34DvWBbS4XS1o2M3WpHojaLk5LHCV81PirRtKumadnB8hZyZtVxNXKm6xZDUNQkV9La9Nzth9moaSg5We,buy,NVDA,FkzjAJX584L1LncQb8AKSnGhc5sLvZjPGCgZLGpeHyTH,CHAcdTTgXG2GJrdaCNrYLMUbsLK6VEzkenBa6TnXYVTU,AD264BFjNvEVQ2UXFKs5X69VZZ2Bru6ZFoCKbjK32YMg,3000000,13415675,223618999999999000000,134,0,,,,,,,,,
2026-09-10 00:16:16,W3o7ngR4ciS7W2eF8RpRd4GHgXTK8YKJCUGzXEcoCJYZg5gyut6q1NrPU2GFG9CWeNZKWNSMpJae2vPGuH3DXL8,buy,NVDA,FkzjAJX584L1LncQb8AKSnGhc5sLvZjPGCgZLGpeHyTH,62Eof1GTwwWBPXRbyuYj8WNTx1Li9Fp7dJwbM2i6cYLE,HXBzeuVWHWfVWojSHhWbhFRTztdJqzAoGrTDJ5RMo4vi,10000000,44736724,223530000000000000000,269,0,,,,,,,,,
2026-09-10 00:17:11,559msxWYKBzoL7Y8baN7MXWzdPZKKAfPPVNHDD5AKWZf1sqkC5CF3dR9bfxar9iavVBLULvJd6tPyAYhXdvbqYJM,buy,IBIT,9HfMBSLn26e7ZTDjjGRBVuF2wfEFoQeqCPMqz6ZK6PyH,3C6DqYJtehNVCoXAY39KyRdGViV8oxS5Wr3NrJKFPX6A,8gAnRc46tg4D3beo5JbgHueacDV1oSoLpzZD137HpuBv,140000000,3158132190,44329999999999000000,21,0,,,,,,,,,
2026-09-10 02:55:16,2YaacLmzA8wQKrsZtU6H6nGNpZ5Eg3Jvm7dsQrcnwJNkTNRak5N5DX1fxhhBoDYz3Hh4N1HNUXNDQYzrxBHjQ4iL,sell,GLD,G984Yppzh9oj67r2QUJFBnSDaPDXHQ8SgxbgqsKatd3j,FsdsfuRQR42Fa5AhWQ2W4Ua8EX46jU7hbs9ScXenPovr,DSKyWH2SWqGH7GqGhPjUKV9MM8QpfJ2obNZj5D9CDg5v,58409999,144138586,405235000000000000000,188,0,,,,,,,,,
2026-09-10 03:31:43,3Gwj5gHyttHK6Q7yEzAVK7eyJeauXn6nDHd9SKt1zdEJkxmzq9Psp6UKUyKQFY7YQQCH6mUcwZ2rShtmJqkrEEpG,buy,GOOG,6a2yZjSpCncEyiPrB3ifnAJdqJVUNymu7vEvLCaySqmp,9QyrsPzVaBbgMNQVQ8w7VhLKCrUjFT5jfcJ1DwtXqR2P,DMWJFWzHARs8PyhfuYSdMhtWajK1rLwX5rj551dqGaTV,10000000,30396522,328985000000000000000,100,0,,,,,,,,,
2026-09-10 03:55:33,teqGHTFeDAE63vQsL5mCpWk5vjHdNTyGB2NsHfyTGkUbE7GkuYb3382kkUtjyf6CWpNnh5xX5ByakNCy16vPop6,buy,GS,HbCB8kGqwaQi9Q1K9EvYjfbMnFjaAUMQAeR3k7PDAKin,9QyrsPzVaBbgMNQVQ8w7VhLKCrUjFT5jfcJ1DwtXqR2P,DfLdbacVH33rvuJJxFGxF88dHVyF6sUEoeLN3yGkBHri,10000000,9680495,1033005000000000000000,58,0,,,,,,,,,
2026-09-10 03:56:07,5YBmN1n3v7YJbDHgkUQPdbevmvpJkJP5qNSG4cA26vJ6CeRNWkR6N8nwC3a98dZ5N9WdA8dxpTvGGVBEhV5ALczd,buy,GLD,G984Yppzh9oj67r2QUJFBnSDaPDXHQ8SgxbgqsKatd3j,J5SS8KD7jMoEdcmZ75a5DsQQEivaZLmp5LgvrcPRvAB6,2z1hUhJv2Njn9nBs2fm6FTZKpRFKJ1TjtsdtdQav8kDD,10000000,24748187,404069999999999000000,226,0,,,,,,,,,
2026-09-10 03:57:28,2dipYonWxn6q89TpNYsCpGhcpxy6sgSC24CfSBug638pRApW9q6HTT1z2npzZFr9TvjnoyTXn5DXhJ4SaZkkjXUF,buy,BSOL,DaBqWWKszBeiTmVqYCW58W52UUhhVjRFMUw5swJwaSDb,9QyrsPzVaBbgMNQVQ8w7VhLKCrUjFT5jfcJ1DwtXqR2P,HWR9VpioUDZWMkGkgLVQCenP4WGKjARE8RaFVKVFJ72P,10000000,714540907,13995000000000000000,113,0,,,,,,,,,
2026-09-10 03:58:13,57V7y1DcAGH75sz2PCB2Pge9Vhd9jYTcBvGvwBcsjTuzWFqxhw66nHm6Tx6qMxBsrN6DHSb12KN8rDSvnLNoNLNN,buy,NVDA,FkzjAJX584L1LncQb8AKSnGhc5sLvZjPGCgZLGpeHyTH,9QyrsPzVaBbgMNQVQ8w7VhLKCrUjFT5jfcJ1DwtXqR2P,9FNJrSU195PjgeNC13JXx9q1Y3vEbboemydY5hzJwB5Y,10000000,44824958,223090000000000000000,85,0,,,,,,,,,
2026-09-10 07:10:41,ytRQ8wPoVg6Mtqxsr1jsvdbFd8ZrzjcBSHb2NLdiJivjRjv21aRu6jJjPGSRiK3ubEYNGXS8i8tk6amhS66Ypyx,buy,BSOL,DaBqWWKszBeiTmVqYCW58W52UUhhVjRFMUw5swJwaSDb,FhbWP2zvXVqJk1vRHq6M7QaLRbHAu7tpL5JFP5nRHfr3,F47KhDLBzUvDw2vZLM2VSx3bVjziKVCVQbeHganjktvd,2000000,143163922,13969999999999000000,5,0,,,,,,,,,
2026-09-10 07:11:22,5JnXF7swNLLdkLbKzJwNK33856crNW21UjZVh2ZUKhTB2b7Awxr8Sj9dPj1y4b11vQyqaP97rVEy3zYrNvuhc56T,buy,GOOG,6a2yZjSpCncEyiPrB3ifnAJdqJVUNymu7vEvLCaySqmp,FhbWP2zvXVqJk1vRHq6M7QaLRbHAu7tpL5JFP5nRHfr3,2TWLD7ksC2XD1DLPHifEtZ7P4YEUEFGhJQZfC5Xo8MnW,2000000,6077087,329105000000000000000,78,0,,,,,,,,,
2026-09-10 07:17:03,jf62dCQ5GE1hLfFTXdx1L4Lh71stsuR2ZaPC62w1iCavmxnUeHcAgRMwGa2ftc3fep5JHi8VMu3jpWWEhBqGhQN,buy,IBIT,9HfMBSLn26e7ZTDjjGRBVuF2wfEFoQeqCPMqz6ZK6PyH,FhbWP2zvXVqJk1vRHq6M7QaLRbHAu7tpL5JFP5nRHfr3,8cZxQD2v7VL5c9EsaNBPn4bNKQ9Pen3HHCkBmCLBGQGn,2000000,45177320,44269999999999000000,297,0,,,,,,,,,
2026-09-10 07:17:43,5nGazP6TSYyqLmjtkiYfx4LHx9wF8soq4JNqVPmLw16fHMnEr2VatvymQLj6MQjLWBdZP4feWAAg6eQy1HNWJSbr,buy,NVDA,FkzjAJX584L1LncQb8AKSnGhc5sLvZjPGCgZLGpeHyTH,FhbWP2zvXVqJk1vRHq6M7QaLRbHAu7tpL5JFP5nRHfr3,GCR7DZYXV8gpMMkAJB5fBg9ux5enrX1zesSizaEyipcm,2000000,8965996,223064999999999000000,55,0,,,,,,,,,
2026-09-10 08:15:48,5YQM6oUaUfSq5n8B5rijqJ8qdCxjnXo7uT1hX4unzHx9bgMF22GUPCtf3VQXg7LUdaN289pZEhC1JZyx8aeLtr1c,buy,BSOL,DaBqWWKszBeiTmVqYCW58W52UUhhVjRFMUw5swJwaSDb,ABxG4gB8xyALtUsH6Wzfozw9EdkujYszPzCFGn6ZgsJW,4VmuVogeMEkWW7C9ky2i8cU4Z4hncg6LPJQ7Ws35aPPB,5000000,358942698,13929800000000000000,87,0,,,,,,,,,
2026-09-10 08:22:35,QdiDBrLubDBDMFMhjnbVNS4nFAYZdN28rMiAPaFTw3XuayHvMAMUWR3zh3wCKX6QCtTayNxP64guDSXeUM5uFXh,buy,NVDA,FkzjAJX584L1LncQb8AKSnGhc5sLvZjPGCgZLGpeHyTH,E1EuqZULkbXNq7DEcipqazakV4arZemM4mmqczr6Nczf,7q8JVWS7R7QKBYF12upaWfZGgQV9cQpR1uGvMKyfbAeC,20000000,89545195,223350899999999000000,46,0,,,,,,,,,
2026-09-10 08:23:52,33PHMoDJt95zCo6JoR8pHbVqzfcyBV1eLYxRcfeq4Csxfsy3ehTGhgWEpWEbLgKEbNS9gGtw9xc6Xjc5FaowyEEY,sell,NVDA,FkzjAJX584L1LncQb8AKSnGhc5sLvZjPGCgZLGpeHyTH,E1EuqZULkbXNq7DEcipqazakV4arZemM4mmqczr6Nczf,FXhFGHMD45YkqVHZBBHf7Csy5HkMwoUFAb5amqDMg1sw,19579999,87664746,223350899999999000000,123,0,,,,,,,,,
2026-09-10 08:33:26,3Yvz4Epb9pnRwjAXbqANABLJs9a1qFUNzVRfBDniDdGE7hwjiSkeZsu2e5A2PxuvCHtQVLYHNhmUNm5MjPGf322V,buy,GLD,G984Yppzh9oj67r2QUJFBnSDaPDXHQ8SgxbgqsKatd3j,ABxG4gB8xyALtUsH6Wzfozw9EdkujYszPzCFGn6ZgsJW,AFvqYnUgEZ5d7eJwFYJU9e3vBfW8NXbNiCgExW3A3DA,5000000,12388349,403605000000000000000,64,0,,,,,,,,,
2026-09-10 08:44:06,5T6hoZJHcxgXbxuLAQjLCmXZRgifDQKXKRT9BuzRLqbe7DWw8QYqjvAYq8pgRfUnUQ1cvgfKDxmP7sQbnKgfJG3C,buy,BSOL,DaBqWWKszBeiTmVqYCW58W52UUhhVjRFMUw5swJwaSDb,CNJhk8EnH7ExzB8M3LpFK23eKepH99YXdD4JXguLpWFS,8qsDQpbiDFj3PwUMa2QAKfUQtZTpDq329gYLLE6GwZyo,2000000,143753548,13912699999999000000,285,0,,,,,,,,,
2026-09-10 09:34:05,48Mz5qn7Z3UvKt6JMMPvWZMntznz4P9QCn8ihyjJtwPYP1Kkt8G2Vg1sUpTe2z5Aa5ZogCkfE7ctBwx4vebnsPnX,buy,BSOL,DaBqWWKszBeiTmVqYCW58W52UUhhVjRFMUw5swJwaSDb,FkcPo9Vv98kH6NLbFDEjwGRPYCK8Z4XG2LhXjDbYuKWF,E7KaYtnpQzzweYSyudLKgnMgyaXnpjMztRWa3CJrRb4i,10000000,717859629,13930300000000000000,284,0,,,,,,,,,
2026-09-10 09:54:37,3LTSPjVGsZx48NPkwPWnywjYxTrBLCBZj5WcEeD2dnbVTTMz5NE4j3EL5PACjNCckz1beV1GgexDsuKR24BJdh1q,buy,NVDA,FkzjAJX584L1LncQb8AKSnGhc5sLvZjPGCgZLGpeHyTH,CHAcdTTgXG2GJrdaCNrYLMUbsLK6VEzkenBa6TnXYVTU,GPhRvyvFpmee2poZaRJA5NSjtEGu2g3ZG7fYmxzeYtfF,2000000,8953954,223365000000000000000,168,0,,,,,,,,,
2026-09-10 10:19:23,3bUH6MkDzUixFZTvWihZgiYgrt83xCjkWGGwf7AyoTweWs5aZw2KYY8eRwApRk63Mm8g61wSc22wzWYSpGdH3bPt,buy,GS,HbCB8kGqwaQi9Q1K9EvYjfbMnFjaAUMQAeR3k7PDAKin,C2cQGtC3e7ZqGfAiFyvR43Zo5jYn1knusKt11mhzWGCN,2uxGNcoSS2c8oqzjKP3hRQcQJS5JyDpqETUK93EydbVR,20000000,19378023,1032096999999999000000,273,0,,,,,,,,,
2026-09-10 10:22:11,gr6ThHtrVcYipUsvk5UmKjHTS3C33Nxq7XwVFohCb1tCNVfw1ync7ERPMb85NvZc7TvRxWfKttKFgEUD7xBEGQs,buy,GS,HbCB8kGqwaQi9Q1K9EvYjfbMnFjaAUMQAeR3k7PDAKin,C2cQGtC3e7ZqGfAiFyvR43Zo5jYn1knusKt11mhzWGCN,8iaZej18pQsC3wZqSbxnJpct4ADwvb6qmZTn1Xt3LY8L,20000000,19390537,1031430900000000000000,141,0,,,,,,,,,
2026-09-10 11:31:48,2G38m5cY7rtTV5zcQk1Dg9ApL5tMxoPhtnhvz4JwVvcyU6gd9Us1ZdhpMr4eu83Q7mWmk6hwGmNzAtGnZj2qXQ13,buy,GOOG,6a2yZjSpCncEyiPrB3ifnAJdqJVUNymu7vEvLCaySqmp,CHAcdTTgXG2GJrdaCNrYLMUbsLK6VEzkenBa6TnXYVTU,8pWwXajKr5Kr5PuiEemt8X7f5m4jdCqjN1RqpQXdpWkF,2000000,6071276,329420000000000000000,103,0,,,,,,,,,
